budget,industry,target_age_group,campaign_goal,impressions,clicks,conversions,engagement_rate,cost_per_click,best_platform
9580.02,Food,18-24,Awareness,1074158,89791,6477,0.0841,0.11,TikTok
35549.59,Food,35-44,Engagement,2563923,41879,1738,0.0192,0.85,Facebook
1641.59,Services,25-34,Engagement,128434,5198,400,0.0394,0.32,Instagram
23604.76,Food,45-54,Engagement,2021404,31305,1695,0.0185,0.75,Twitter
34321.54,Food,35-44,Conversion,2742877,64502,4372,0.0247,0.53,Twitter
21545.22,Food,55+,Traffic,1787238,36478,2313,0.0167,0.59,Twitter
26281.3,Gaming,55+,Conversion,1478338,35151,1730,0.0199,0.75,Twitter
30548.2,E-commerce,18-24,Engagement,2208638,72694,6669,0.0331,0.42,Instagram
773.34,Food,55+,Engagement,72670,2261,121,0.0353,0.34,Facebook
22747.81,E-commerce,13-17,Engagement,1436331,242478,36807,0.1641,0.09,TikTok
23874.64,Fashion,18-24,Conversion,2194889,256662,28270,0.1095,0.09,Instagram
35677.81,Fashion,13-17,Awareness,2703946,211663,27269,0.0786,0.17,TikTok
7396.91,Food,45-54,Traffic,612871,7043,508,0.0108,1.05,Facebook
46520.03,Gaming,18-24,Engagement,3951005,572157,66025,0.1475,0.08,TikTok
16555.08,Gaming,18-24,Conversion,1260893,137098,8316,0.1045,0.12,Instagram
43106.16,Food,35-44,Awareness,3671902,0,0,0.001,43106.16,Facebook
11328.83,Fashion,13-17,Traffic,881415,16872,734,0.0234,0.67,Twitter
15393.48,Tech,13-17,Conversion,1131587,135535,13569,0.1231,0.11,TikTok
12358.31,E-commerce,35-44,Awareness,987296,31825,1177,0.0284,0.39,Facebook
36546.71,Fashion,13-17,Awareness,3687010,581636,59505,0.1622,0.06,TikTok
25655.84,E-commerce,45-54,Engagement,2382466,58194,2384,0.0208,0.44,Facebook
32436.05,Fashion,13-17,Engagement,3348990,296389,26775,0.0924,0.11,TikTok
13268.11,Gaming,18-24,Traffic,1321598,156987,16568,0.1268,0.08,TikTok
28135.53,Gaming,25-34,Engagement,1893542,53145,3690,0.024,0.53,Twitter
44444.62,Gaming,35-44,Engagement,4120506,136541,4869,0.0323,0.33,Twitter
49725.64,Fashion,18-24,Engagement,3692136,323395,21546,0.0899,0.15,Instagram
15749.01,Fashion,35-44,Awareness,1294641,71763,2155,0.0527,0.22,Twitter
44656.3,Services,25-34,Conversion,4546146,222473,40402,0.0503,0.2,Instagram
25210.07,Food,45-54,Awareness,2088880,58319,3092,0.0249,0.43,Facebook
46451.77,E-commerce,13-17,Awareness,4793732,222626,10699,0.0512,0.21,Twitter
18948.0,Fashion,35-44,Engagement,1910792,17668,697,0.0135,1.07,Facebook
35002.28,E-commerce,25-34,Engagement,2307792,57745,6664,0.0224,0.61,Instagram
25811.45,Services,45-54,Engagement,2504574,88859,6489,0.0307,0.29,Facebook
1867.03,Fashion,18-24,Conversion,125391,3943,194,0.0317,0.47,Twitter
42027.21,Gaming,25-34,Awareness,2176812,294880,24968,0.1306,0.14,TikTok
31333.08,Food,35-44,Engagement,2712515,93323,4219,0.0261,0.34,Twitter
48804.68,Food,35-44,Engagement,2447115,30914,2374,0.0169,1.58,Twitter
41881.02,Services,25-34,Traffic,3140342,74172,5963,0.026,0.56,Instagram
9551.87,Gaming,35-44,Engagement,1085780,99330,15665,0.0954,0.1,Instagram
28518.84,Fashion,35-44,Engagement,1932748,48515,3492,0.0216,0.59,Facebook
21975.66,E-commerce,18-24,Traffic,2194246,98277,4981,0.0454,0.22,Twitter
25301.47,Fashion,25-34,Traffic,2610280,290192,37082,0.1095,0.09,Instagram
28881.67,Food,13-17,Traffic,1464840,74079,5316,0.0513,0.39,Twitter
10191.66,Tech,35-44,Conversion,720137,19277,966,0.0278,0.53,Facebook
17360.92,Tech,18-24,Traffic,1378434,126364,11939,0.089,0.14,Instagram
40272.31,Food,13-17,Awareness,4061200,69789,6543,0.0078,0.58,Twitter
12875.81,Food,18-24,Traffic,1236923,159856,10656,0.1254,0.08,TikTok
5604.63,E-commerce,25-34,Conversion,450136,73180,6636,0.1592,0.08,TikTok
47947.8,Food,55+,Engagement,3746263,104593,10511,0.0289,0.46,Facebook
15013.93,Services,18-24,Awareness,1379404,105224,12506,0.0732,0.14,Instagram
48725.29,Services,55+,Traffic,4193724,182791,11269,0.0431,0.27,Facebook
11517.53,Gaming,25-34,Awareness,935052,59535,6377,0.0584,0.19,Instagram
47388.8,Food,35-44,Awareness,4757915,316544,46563,0.0767,0.15,Instagram
22005.37,Fashion,18-24,Conversion,1128355,138939,17096,0.1189,0.16,Instagram
37429.22,E-commerce,18-24,Conversion,3219874,386989,34040,0.1167,0.1,TikTok
40204.41,Services,35-44,Traffic,3577645,40158,4359,0.0121,1.0,Instagram
26393.34,Food,18-24,Awareness,2847828,321929,49732,0.107,0.08,TikTok
14407.68,E-commerce,55+,Conversion,977928,46646,2239,0.0519,0.31,Twitter
29390.98,Tech,18-24,Engagement,3178415,195749,16187,0.0568,0.15,Instagram
45590.9,Services,45-54,Awareness,4091026,253887,16000,0.0582,0.18,Twitter
27803.6,Gaming,18-24,Traffic,2037686,243900,24289,0.118,0.11,Instagram
19354.1,Services,25-34,Traffic,1629244,189004,13790,0.1283,0.1,TikTok
4230.27,Services,45-54,Engagement,352713,14891,1134,0.0414,0.28,Facebook
42557.55,Services,35-44,Traffic,3313713,49458,3476,0.0143,0.86,Facebook
37971.46,E-commerce,18-24,Awareness,2884921,0,0,0.001,37971.46,Instagram
28266.43,Gaming,55+,Engagement,2147219,47757,3703,0.0148,0.59,Facebook
1219.96,Gaming,13-17,Engagement,124027,8992,862,0.0681,0.14,TikTok
22820.07,E-commerce,35-44,Traffic,1180750,43739,3189,0.0322,0.52,Twitter
38561.43,E-commerce,18-24,Traffic,2806497,131401,10766,0.0526,0.29,Instagram
27094.54,Fashion,18-24,Conversion,2777145,173671,20290,0.0671,0.16,TikTok
43778.72,E-commerce,25-34,Conversion,3833295,67049,2959,0.0201,0.65,Twitter
27661.41,Gaming,45-54,Awareness,2093772,64879,2830,0.0329,0.43,Facebook
40070.81,E-commerce,18-24,Traffic,2832787,401855,47171,0.1455,0.1,TikTok
31103.61,Gaming,13-17,Traffic,2372100,408551,44669,0.1693,0.08,TikTok
2008.37,Fashion,35-44,Conversion,110688,7534,643,0.0666,0.27,Instagram
16442.92,Tech,55+,Conversion,1228913,60822,4756,0.0484,0.27,Twitter
32616.73,Tech,18-24,Conversion,2187954,150479,10650,0.0612,0.22,Twitter
19249.24,Food,35-44,Conversion,1782407,48488,1320,0.0273,0.4,Facebook
12242.73,Services,18-24,Awareness,864460,33651,2947,0.0408,0.36,Instagram
3254.85,Gaming,35-44,Conversion,304712,28470,3232,0.0935,0.11,Instagram
46504.11,Fashion,25-34,Traffic,4099356,218490,25589,0.0566,0.21,Instagram
10375.59,Food,25-34,Conversion,871439,109689,11424,0.1269,0.09,Instagram
24316.44,Fashion,25-34,Conversion,1796695,150956,18538,0.087,0.16,Instagram
6276.46,E-commerce,45-54,Awareness,545849,19151,1725,0.0379,0.33,Facebook
10647.59,Fashion,35-44,Awareness,908211,26787,1980,0.0268,0.4,Facebook
8631.16,Gaming,45-54,Conversion,523334,18402,1327,0.0365,0.47,Twitter
40921.67,E-commerce,25-34,Traffic,1904701,79482,5936,0.0365,0.51,Instagram
18090.44,E-commerce,13-17,Awareness,1462138,144454,7812,0.0976,0.13,TikTok
31571.55,Gaming,18-24,Conversion,2329054,232751,39130,0.0968,0.14,Instagram
49885.78,Fashion,18-24,Engagement,4530207,667488,58231,0.1491,0.07,TikTok
43899.9,Tech,18-24,Awareness,3219198,236940,19765,0.0757,0.19,Instagram
1104.05,Services,25-34,Traffic,119405,7442,261,0.0662,0.15,Twitter
17454.95,Gaming,13-17,Traffic,1237975,90899,9669,0.0696,0.19,TikTok
30766.98,Gaming,35-44,Traffic,2555787,46595,4008,0.0212,0.66,Twitter
36953.99,Gaming,55+,Conversion,3389275,124695,8788,0.0241,0.3,Facebook
17092.26,E-commerce,55+,Awareness,772381,25004,1814,0.0335,0.68,Facebook
45963.51,Fashion,25-34,Traffic,2622380,274374,21690,0.0994,0.17,Instagram
1148.18,Gaming,18-24,Traffic,72796,9085,924,0.1119,0.13,TikTok
21626.05,Gaming,55+,Conversion,1041046,13899,1241,0.0205,1.56,Facebook
15055.21,Fashion,25-34,Traffic,603860,20225,711,0.0439,0.74,Twitter
5597.58,Fashion,18-24,Conversion,432362,40972,3735,0.0922,0.14,Instagram
1756.62,Food,18-24,Awareness,174034,19547,1292,0.1087,0.09,Instagram
40095.85,Gaming,35-44,Awareness,3636491,42100,2210,0.0128,0.95,Facebook
48151.14,Gaming,35-44,Conversion,3088271,251591,23218,0.0845,0.19,Instagram
42482.34,E-commerce,18-24,Conversion,3952988,234188,25259,0.0566,0.18,Instagram
13341.46,Food,35-44,Conversion,1188592,3603,342,0.0094,3.7,Facebook
43122.87,E-commerce,18-24,Traffic,2818523,150026,16504,0.0533,0.29,Instagram
1612.23,E-commerce,55+,Traffic,154543,4930,249,0.0387,0.33,Twitter
49227.91,Fashion,25-34,Traffic,3363517,269700,19054,0.0792,0.18,Instagram
20559.78,Tech,25-34,Awareness,1741681,63835,5146,0.0388,0.32,Instagram
30071.95,Gaming,18-24,Conversion,2635939,234853,29168,0.0899,0.13,TikTok
21390.78,Gaming,18-24,Traffic,1478399,53385,2396,0.0352,0.4,Twitter
41935.41,Services,25-34,Awareness,3626768,207867,21615,0.0546,0.2,Instagram
36762.32,Gaming,13-17,Traffic,3008265,347548,33753,0.1027,0.11,TikTok
23974.75,E-commerce,18-24,Traffic,1277653,42062,6226,0.0291,0.57,Instagram
4349.38,Fashion,35-44,Conversion,304963,7697,617,0.0219,0.57,Facebook
47929.45,Food,55+,Traffic,4329733,181995,15899,0.0378,0.26,Facebook
24726.54,E-commerce,25-34,Traffic,2027766,81958,4567,0.0382,0.3,Twitter
39869.42,Fashion,25-34,Conversion,2792677,278200,30658,0.0887,0.14,Instagram
6468.06,Fashion,18-24,Engagement,641430,43517,4528,0.0692,0.15,Instagram
39640.8,E-commerce,13-17,Engagement,3339558,465152,54685,0.146,0.09,TikTok
49521.9,Fashion,13-17,Traffic,3080508,369225,29718,0.1069,0.13,TikTok
5039.12,E-commerce,35-44,Traffic,463119,9156,402,0.0213,0.55,Twitter
35919.89,Tech,25-34,Engagement,2739036,149097,13679,0.0592,0.24,Instagram
39424.08,Tech,13-17,Awareness,3027381,451934,54342,0.1495,0.09,TikTok
37295.96,Tech,35-44,Awareness,2798174,110450,5514,0.0364,0.34,Facebook
9238.14,Tech,18-24,Conversion,652738,38268,3633,0.0611,0.24,Instagram
46423.74,E-commerce,25-34,Awareness,2896676,326680,42944,0.1088,0.14,TikTok
23437.35,Fashion,45-54,Engagement,1342112,53371,5119,0.032,0.44,Twitter
19862.9,Fashion,18-24,Awareness,1579810,127081,11942,0.0779,0.16,Instagram
20718.43,Fashion,13-17,Traffic,1362024,193841,19335,0.1465,0.11,TikTok
4268.48,Services,13-17,Engagement,343776,28511,2178,0.0736,0.15,Twitter
13717.9,Fashion,55+,Awareness,1110522,42008,2122,0.041,0.33,Twitter
41932.16,E-commerce,13-17,Awareness,3728420,96634,5614,0.0207,0.43,Twitter
17088.38,Tech,25-34,Engagement,1266247,72831,10076,0.0574,0.23,Instagram
4662.86,Tech,13-17,Engagement,383828,34221,3616,0.0903,0.14,TikTok
27292.7,Gaming,25-34,Conversion,1593281,250379,28106,0.1563,0.11,TikTok
8735.69,Food,25-34,Conversion,940852,77514,12194,0.0853,0.11,Instagram
38034.03,Fashion,13-17,Engagement,3005211,493424,77188,0.167,0.08,TikTok
47243.03,Tech,18-24,Awareness,4605661,225981,28544,0.0518,0.21,Instagram
34184.72,Tech,55+,Conversion,2859538,185138,16844,0.0665,0.18,Twitter
44757.91,E-commerce,13-17,Traffic,4549931,373290,49841,0.0825,0.12,TikTok
10583.21,Food,45-54,Traffic,961358,37855,2731,0.0371,0.28,Twitter
15061.31,Services,25-34,Engagement,1544019,263982,13887,0.1691,0.06,TikTok
3678.34,E-commerce,55+,Engagement,199487,8057,476,0.0389,0.46,Twitter
34182.6,Services,35-44,Traffic,3115103,130369,10028,0.0372,0.26,Facebook
49339.8,E-commerce,35-44,Engagement,3930455,202987,19412,0.049,0.24,Facebook
4084.61,Tech,13-17,Engagement,284983,14615,794,0.0563,0.28,Twitter
34813.1,Tech,18-24,Traffic,2641949,327881,41447,0.1231,0.11,TikTok
46792.49,E-commerce,55+,Traffic,4136006,148792,16109,0.0377,0.31,Facebook
27605.82,Food,18-24,Engagement,1923081,367188,38898,0.1823,0.08,TikTok
29867.29,Tech,18-24,Traffic,2199410,416325,16320,0.1911,0.07,TikTok
21965.94,Services,35-44,Conversion,2152149,20314,2475,0.0119,1.08,Facebook
34171.3,Tech,45-54,Conversion,2543965,97043,6505,0.0398,0.35,Twitter
42389.14,Tech,45-54,Awareness,3879533,191114,12794,0.0337,0.22,Facebook
1955.03,E-commerce,13-17,Engagement,204510,34417,4612,0.1653,0.06,TikTok
45661.99,Fashion,13-17,Traffic,4598224,741088,82908,0.1643,0.06,TikTok
30291.84,Food,18-24,Engagement,2290900,57239,3376,0.0332,0.53,Twitter
29849.46,Services,13-17,Conversion,2511320,108209,8814,0.0497,0.28,Twitter
33008.46,Tech,13-17,Conversion,2812240,148345,10316,0.053,0.22,Twitter
22380.21,Tech,13-17,Conversion,1592358,282983,18576,0.1785,0.08,TikTok
35485.47,Fashion,55+,Engagement,3489553,155436,9047,0.0385,0.23,Twitter
43479.43,Food,35-44,Conversion,3507209,65405,4747,0.0248,0.66,Twitter
16149.73,Services,45-54,Conversion,1375913,53871,269,0.0342,0.3,Facebook
7412.74,Food,18-24,Traffic,477390,55008,3762,0.1122,0.13,Instagram
36676.06,Services,18-24,Awareness,2263478,149040,15782,0.0661,0.25,Instagram
31083.44,Tech,35-44,Traffic,2518146,105785,12004,0.041,0.29,Instagram
47073.33,E-commerce,55+,Conversion,5047700,143565,7350,0.0334,0.33,Facebook
48870.12,Gaming,13-17,Conversion,3537454,102205,4526,0.0274,0.48,Twitter
33545.87,Gaming,35-44,Engagement,3003393,333010,30689,0.1044,0.1,Instagram
32629.2,Gaming,45-54,Traffic,1905520,51467,2216,0.019,0.63,Twitter
30026.03,Services,13-17,Awareness,2386452,118158,7826,0.0555,0.25,Twitter
23442.96,Tech,25-34,Traffic,2271429,111099,11043,0.0512,0.21,Instagram
7875.1,E-commerce,25-34,Engagement,436954,22770,783,0.047,0.35,Instagram
47798.42,Tech,18-24,Engagement,4025481,264472,25950,0.0652,0.18,Instagram
24219.57,Food,13-17,Awareness,1534295,217805,23597,0.1317,0.11,TikTok
29256.14,Food,35-44,Conversion,3024505,37921,2323,0.0178,0.77,Facebook
26495.59,Tech,13-17,Conversion,2294706,82625,5870,0.0361,0.32,Twitter
18988.73,Gaming,18-24,Awareness,2160097,289563,32622,0.1274,0.07,TikTok
20845.91,Tech,18-24,Engagement,1902619,219707,17351,0.1117,0.09,TikTok
21475.04,Fashion,25-34,Engagement,1466095,155263,9760,0.0948,0.14,Instagram
43528.35,E-commerce,18-24,Conversion,3576452,269406,20959,0.0806,0.16,TikTok
13215.75,Fashion,18-24,Traffic,750086,102702,16113,0.14,0.13,TikTok
1283.14,E-commerce,35-44,Awareness,125826,4064,221,0.0289,0.32,Facebook
4740.08,Gaming,55+,Engagement,307056,4893,173,0.0192,0.97,Facebook
41677.22,Services,35-44,Awareness,3772647,210619,13094,0.0507,0.2,Twitter
11926.04,Fashion,25-34,Traffic,716222,42935,4439,0.06,0.28,Instagram
4893.99,Gaming,45-54,Engagement,323932,11737,372,0.0354,0.42,Twitter
41179.42,Gaming,18-24,Awareness,2985941,118010,14595,0.0433,0.35,Instagram
31367.49,Services,18-24,Engagement,2679572,112459,13210,0.0395,0.28,Instagram
6323.63,Services,18-24,Traffic,360018,7475,586,0.0269,0.85,Instagram
20150.59,Fashion,45-54,Conversion,2365577,68259,5240,0.0289,0.3,Facebook
19856.62,Food,25-34,Awareness,905270,104205,13807,0.1077,0.19,Instagram
40393.31,Gaming,25-34,Traffic,3088257,228277,20410,0.0799,0.18,Instagram
47887.48,Fashion,25-34,Traffic,4340613,358616,33513,0.0925,0.13,Instagram
30509.52,Gaming,18-24,Awareness,1840409,211619,19224,0.1203,0.14,TikTok
24172.58,Tech,45-54,Engagement,1908863,41726,2755,0.0239,0.58,Facebook
25554.02,Services,18-24,Conversion,1868398,116969,9957,0.0709,0.22,Twitter
39147.7,Fashion,18-24,Awareness,2933873,356151,32383,0.1245,0.11,TikTok
25716.4,Food,13-17,Awareness,1786644,44890,1770,0.0227,0.57,Twitter
39708.63,Tech,25-34,Conversion,3978054,58968,10672,0.0245,0.67,Instagram
38580.59,Services,13-17,Awareness,1586988,158656,17730,0.1027,0.24,TikTok
16513.27,Services,18-24,Awareness,1448092,111831,8625,0.0842,0.15,TikTok
13667.95,Services,13-17,Engagement,839561,121051,16484,0.142,0.11,TikTok
39358.32,Gaming,55+,Traffic,2486960,70698,3666,0.0364,0.56,Facebook
13026.39,Tech,25-34,Traffic,1298428,58285,2048,0.0496,0.22,Instagram
22805.67,E-commerce,55+,Engagement,1798517,43923,3140,0.019,0.52,Facebook
25674.67,E-commerce,13-17,Awareness,2046945,253858,34483,0.1271,0.1,TikTok
33184.98,Services,25-34,Awareness,2278085,143090,20753,0.0699,0.23,Instagram
13142.97,Fashion,18-24,Awareness,1041016,109659,9747,0.1092,0.12,Instagram
24557.77,Tech,25-34,Traffic,2119836,407133,29619,0.1909,0.06,TikTok
21887.81,E-commerce,45-54,Engagement,1799516,51061,2725,0.0308,0.43,Facebook
1129.39,Fashion,45-54,Traffic,80473,3039,199,0.0386,0.37,Twitter
48930.67,Gaming,45-54,Awareness,4086300,46295,2440,0.0121,1.06,Facebook
46900.71,Fashion,18-24,Awareness,3691629,340279,39927,0.0881,0.14,Instagram
42114.8,Fashion,18-24,Conversion,4048558,726782,74388,0.189,0.06,TikTok
43729.48,Services,18-24,Traffic,3811958,381486,37924,0.1013,0.11,TikTok
44131.81,Food,35-44,Awareness,3399851,71337,5818,0.0275,0.62,Facebook
30941.42,Gaming,45-54,Conversion,1448107,54811,3379,0.0319,0.56,Facebook
37413.82,Gaming,18-24,Engagement,3228550,268433,23320,0.0876,0.14,Instagram
25351.49,Gaming,13-17,Engagement,1552684,253902,30506,0.1669,0.1,TikTok
20924.78,Services,25-34,Traffic,1494134,110919,8310,0.0733,0.19,Instagram
36308.54,Services,45-54,Traffic,3997257,373500,31436,0.0831,0.1,Twitter
30306.21,Gaming,18-24,Traffic,1778526,202896,15314,0.1118,0.15,Instagram
35530.21,Gaming,35-44,Traffic,3269278,344,14,0.0023,103.12,Twitter
18885.39,E-commerce,13-17,Traffic,1708631,228947,30152,0.1385,0.08,TikTok
31990.78,E-commerce,55+,Traffic,2098864,43811,3582,0.0227,0.73,Facebook
10545.35,Tech,45-54,Engagement,1108666,44988,3360,0.0322,0.23,Facebook
47063.62,Services,13-17,Conversion,3627467,541017,60622,0.151,0.09,TikTok
46898.99,Services,45-54,Traffic,3851697,72262,2891,0.0201,0.65,Facebook
1163.43,E-commerce,35-44,Engagement,76432,1155,24,0.0205,1.01,Twitter
3735.62,Services,45-54,Traffic,348386,1631,88,0.001,2.29,Facebook
6835.42,Fashion,35-44,Engagement,508187,58903,8106,0.1132,0.12,Instagram
13198.24,Tech,45-54,Awareness,787291,23829,1412,0.0279,0.55,Facebook
9559.26,Food,13-17,Awareness,687047,19853,1012,0.0257,0.48,Twitter
49035.58,E-commerce,13-17,Awareness,2242778,339912,48566,0.1504,0.14,TikTok
23185.88,Gaming,25-34,Traffic,2169248,188543,13143,0.0987,0.12,Instagram
3582.52,Gaming,45-54,Engagement,360484,7188,316,0.0232,0.5,Facebook
38042.04,Tech,35-44,Conversion,3097569,113078,7941,0.0383,0.34,Twitter
38714.62,Tech,35-44,Engagement,2669842,66228,5141,0.0244,0.58,Facebook
18910.67,Fashion,13-17,Traffic,1454623,21934,1200,0.0219,0.86,Twitter
14713.33,Tech,35-44,Engagement,1383268,73423,2378,0.0478,0.2,Twitter
26249.43,Gaming,18-24,Engagement,2183720,164450,22847,0.0831,0.16,TikTok
49184.31,Tech,13-17,Conversion,3554267,373534,45880,0.1036,0.13,TikTok
40030.37,Services,25-34,Engagement,3888380,366185,39948,0.0942,0.11,TikTok
31916.23,Services,35-44,Traffic,3025209,87929,9829,0.0231,0.36,Facebook
10882.77,Food,35-44,Traffic,832192,26020,1338,0.0298,0.42,Facebook
41171.03,Fashion,45-54,Traffic,1910304,41255,3294,0.0241,1.0,Facebook
41385.92,Services,18-24,Engagement,3055910,108120,4228,0.0387,0.38,Instagram
22057.52,Fashion,25-34,Awareness,1969294,203879,24464,0.1059,0.11,Instagram
33970.79,Food,35-44,Awareness,2820166,61395,3365,0.0204,0.55,Facebook
4097.21,E-commerce,25-34,Engagement,446939,11737,545,0.0313,0.35,Twitter
20711.16,E-commerce,18-24,Awareness,1750141,202051,24730,0.114,0.1,TikTok
28241.81,Fashion,18-24,Conversion,1294749,73291,9749,0.0559,0.39,Instagram
40216.54,Fashion,18-24,Traffic,3034560,365542,28917,0.1185,0.11,TikTok
37821.11,Fashion,35-44,Conversion,3641784,249867,31044,0.0713,0.15,Instagram
11312.94,Food,13-17,Traffic,867936,101403,8375,0.1164,0.11,TikTok
30118.7,E-commerce,25-34,Traffic,2009256,68668,4324,0.0375,0.44,Twitter
16855.2,Tech,55+,Awareness,1305732,76755,6388,0.0584,0.22,Twitter
30149.44,Food,35-44,Awareness,2638570,94196,7537,0.0348,0.32,Facebook
22012.5,Food,55+,Traffic,1836946,81531,3076,0.0339,0.27,Facebook
39545.71,Gaming,18-24,Engagement,3394240,337020,26885,0.0957,0.12,TikTok
47551.29,Gaming,18-24,Engagement,5013130,592526,62711,0.1213,0.08,TikTok
2468.42,Tech,45-54,Awareness,208753,2199,64,0.023,1.12,Facebook
10206.84,E-commerce,45-54,Conversion,714058,10733,645,0.0161,0.95,Facebook
41749.2,E-commerce,35-44,Traffic,2216303,81003,7330,0.0438,0.52,Instagram
46621.81,Fashion,25-34,Traffic,3203872,296898,22599,0.0943,0.16,Instagram
24930.56,E-commerce,18-24,Conversion,1428378,128171,6725,0.0987,0.19,TikTok
13279.58,Services,45-54,Awareness,954328,71138,3393,0.0738,0.19,Twitter
33431.96,Tech,35-44,Traffic,2808655,118680,19697,0.0366,0.28,Instagram
4468.91,E-commerce,35-44,Engagement,387137,8220,725,0.0267,0.54,Facebook
25356.6,Services,13-17,Traffic,1619691,218008,32831,0.1335,0.12,TikTok
41090.63,Gaming,18-24,Engagement,4247518,193250,14868,0.0464,0.21,TikTok
28152.8,Services,35-44,Traffic,2795850,100397,7721,0.0336,0.28,Facebook
4341.92,Food,25-34,Conversion,415817,38437,2311,0.0952,0.11,Instagram
45873.44,Food,18-24,Engagement,2466707,370811,18587,0.1438,0.12,TikTok
26527.72,Food,18-24,Awareness,1638965,37115,1907,0.0275,0.71,Twitter
19256.06,Tech,35-44,Engagement,1396564,46657,2993,0.0377,0.41,Facebook
18547.39,Services,35-44,Engagement,2050138,169873,11613,0.0827,0.11,Twitter
2430.3,Food,35-44,Traffic,181234,906,47,0.014,2.68,Facebook
18834.65,Tech,35-44,Awareness,1161908,1245,78,0.001,15.13,Facebook
48076.21,Services,35-44,Conversion,3033535,10076,633,0.0093,4.77,Facebook
8832.68,Services,35-44,Traffic,841744,19681,1514,0.0207,0.45,Facebook
17451.17,E-commerce,18-24,Awareness,1525394,85466,3868,0.0512,0.2,Instagram
7950.81,Services,18-24,Conversion,601955,16584,1644,0.022,0.48,Twitter
36675.49,Fashion,18-24,Awareness,3352565,360144,52889,0.0991,0.1,Instagram
43563.47,Services,18-24,Conversion,3668123,144660,18255,0.0428,0.3,Instagram
48495.58,Tech,35-44,Engagement,3900651,123075,18368,0.0318,0.39,Instagram
14646.29,Tech,13-17,Engagement,1473659,134768,26162,0.1021,0.11,TikTok
44775.4,E-commerce,25-34,Conversion,2797201,275834,30743,0.0922,0.16,Instagram
42771.12,E-commerce,18-24,Engagement,1535233,216600,22925,0.1378,0.2,TikTok
46498.24,Tech,55+,Engagement,4487886,324158,14606,0.0743,0.14,Twitter
17003.66,Food,25-34,Traffic,1491157,64353,4525,0.0395,0.26,Twitter
37794.68,Services,55+,Awareness,3425126,132368,10775,0.0369,0.29,Facebook
4343.64,E-commerce,35-44,Traffic,338075,6520,351,0.0232,0.67,Twitter
35038.94,Services,45-54,Awareness,3122989,181559,10096,0.0605,0.19,Twitter
12490.45,Tech,18-24,Traffic,857687,109709,13065,0.1334,0.11,TikTok
14979.5,Fashion,18-24,Engagement,1261238,133211,14351,0.113,0.11,Instagram
18211.8,Services,45-54,Conversion,1507167,15075,1278,0.001,1.21,Facebook
26550.78,Food,18-24,Engagement,2346869,92975,8125,0.0384,0.29,Twitter
45881.19,Food,18-24,Awareness,3447357,280913,35978,0.0863,0.16,TikTok
9857.46,E-commerce,55+,Conversion,1024595,33696,2629,0.0319,0.29,Facebook
12717.78,E-commerce,13-17,Traffic,1045960,35200,2245,0.0283,0.36,Twitter
44647.67,Food,45-54,Traffic,2775473,33662,2329,0.0112,1.33,Twitter
24943.8,Tech,35-44,Conversion,2342053,103177,8741,0.0392,0.24,Facebook
47563.25,Food,45-54,Conversion,3579558,78400,6591,0.0188,0.61,Facebook
25179.25,E-commerce,25-34,Awareness,2434224,121662,9122,0.0485,0.21,Instagram
3091.57,Food,18-24,Awareness,232482,36051,4126,0.1571,0.09,TikTok
36659.57,Gaming,45-54,Conversion,3348405,103764,5325,0.0315,0.35,Facebook
36986.28,Food,55+,Traffic,3870247,52646,3830,0.0181,0.7,Twitter
2628.84,Services,45-54,Engagement,215000,5636,210,0.0338,0.47,Twitter
47467.87,E-commerce,18-24,Engagement,4648530,146632,16614,0.0328,0.32,Instagram
48193.21,Fashion,45-54,Awareness,4660998,78159,5812,0.0132,0.62,Facebook
42927.91,Food,55+,Traffic,3558016,115732,5225,0.0276,0.37,Twitter
18901.1,Food,18-24,Awareness,1128930,127709,15364,0.1098,0.15,Instagram
8040.23,Services,25-34,Traffic,661300,40723,4404,0.0647,0.2,Twitter
29319.33,Food,13-17,Traffic,1644645,63052,5484,0.0319,0.47,Twitter
18601.2,Food,25-34,Traffic,1892075,60542,2495,0.0377,0.31,Twitter
31979.76,Services,35-44,Engagement,2965432,48907,2702,0.0133,0.65,Facebook
27171.24,Gaming,13-17,Engagement,2627710,108054,8153,0.0411,0.25,Twitter
7146.61,Fashion,55+,Engagement,591532,11263,677,0.0089,0.63,Facebook
46468.68,Gaming,55+,Traffic,3851088,89996,2597,0.0119,0.52,Facebook
10854.68,Services,18-24,Engagement,928796,54981,6045,0.059,0.2,Instagram
46009.68,Services,13-17,Awareness,4589666,418320,61700,0.0953,0.11,TikTok
37986.86,Tech,45-54,Traffic,3340241,203178,9143,0.0661,0.19,Twitter
48028.31,E-commerce,18-24,Conversion,4602071,605161,70438,0.1292,0.08,TikTok
40335.28,Food,45-54,Traffic,2570854,65276,4848,0.023,0.62,Twitter
12667.47,Gaming,18-24,Awareness,735332,173656,15764,0.2249,0.07,TikTok
45962.11,Services,13-17,Traffic,3385655,137637,2983,0.0344,0.33,Twitter
12399.75,Food,18-24,Awareness,998038,60425,5699,0.0595,0.21,Instagram
21853.34,E-commerce,45-54,Awareness,2301854,23701,1197,0.0057,0.92,Facebook
44757.67,Food,55+,Conversion,4199377,94364,8513,0.0231,0.47,Facebook
10620.81,Tech,13-17,Engagement,590777,84388,7637,0.1424,0.13,TikTok
47068.83,Food,18-24,Traffic,3505124,545313,70199,0.158,0.09,TikTok
17953.83,Services,35-44,Engagement,1772351,290,34,0.001,61.76,Instagram
500.58,Gaming,45-54,Awareness,40302,516,19,0.0182,0.97,Facebook
36602.57,Fashion,25-34,Traffic,2297473,330176,37599,0.1404,0.11,TikTok
44854.02,Tech,18-24,Traffic,2966964,274707,20679,0.0944,0.16,TikTok
49250.49,Gaming,18-24,Engagement,2669300,429223,45865,0.1638,0.11,TikTok
1523.23,Tech,13-17,Traffic,124899,8233,1391,0.0675,0.18,TikTok
15179.72,Food,45-54,Engagement,1271346,39587,4837,0.0212,0.38,Facebook
22716.28,E-commerce,18-24,Awareness,2156523,96827,5665,0.0408,0.23,Twitter
42598.34,Tech,13-17,Conversion,3114111,324624,36883,0.109,0.13,TikTok
33717.24,E-commerce,45-54,Engagement,2946804,37284,186,0.0062,0.9,Facebook
1295.06,Food,25-34,Traffic,96669,1863,133,0.0148,0.7,Twitter
27266.36,E-commerce,45-54,Awareness,1384443,35019,1888,0.0232,0.78,Facebook
15834.5,Food,35-44,Conversion,1459115,37234,2809,0.0288,0.43,Facebook
41725.1,Fashion,25-34,Traffic,3764893,54905,2830,0.0165,0.76,Twitter
15685.44,Gaming,25-34,Awareness,1222518,51111,2877,0.0368,0.31,Twitter
39296.11,Gaming,35-44,Engagement,2756171,112926,6406,0.0431,0.35,Facebook
32265.85,Food,18-24,Awareness,2833410,260780,22207,0.0844,0.12,TikTok
16600.07,Food,18-24,Awareness,1317463,45603,1879,0.034,0.36,Twitter
37025.31,Gaming,18-24,Awareness,3170003,39772,2415,0.0165,0.93,Twitter
24410.47,Tech,13-17,Traffic,1481975,220653,24686,0.1485,0.11,TikTok
46313.35,Fashion,13-17,Awareness,3268877,550941,53587,0.173,0.08,TikTok
1247.98,Gaming,35-44,Awareness,78343,8642,1263,0.1062,0.14,Instagram
12851.46,Fashion,35-44,Engagement,839670,33024,2926,0.0466,0.39,Facebook
1262.05,Food,45-54,Awareness,70228,1487,104,0.0217,0.85,Facebook
37100.71,Gaming,35-44,Traffic,4139888,85191,7107,0.0247,0.44,Facebook
45770.16,Fashion,35-44,Awareness,3865606,71549,5126,0.0326,0.64,Twitter
27570.36,Food,18-24,Awareness,2474423,238945,27568,0.0913,0.12,TikTok
1960.45,Food,13-17,Conversion,177355,18724,1663,0.1126,0.1,TikTok
4516.88,Fashion,55+,Engagement,392011,8654,555,0.0291,0.52,Facebook
13041.18,Gaming,35-44,Awareness,896024,91995,8262,0.1096,0.14,Instagram
13808.25,E-commerce,13-17,Conversion,1254112,160476,23044,0.1291,0.09,TikTok
32078.74,Tech,55+,Conversion,2540846,151229,7623,0.0576,0.21,Facebook
14972.96,Tech,25-34,Conversion,1198756,48139,4790,0.0362,0.31,Instagram
35791.52,E-commerce,13-17,Conversion,2778164,395419,27633,0.1421,0.09,TikTok
33378.86,Tech,55+,Engagement,3155062,91653,4376,0.0307,0.36,Facebook
22443.67,Food,18-24,Engagement,1974874,27246,1380,0.0086,0.82,Twitter
11194.98,Services,55+,Conversion,1102569,26064,1156,0.0307,0.43,Facebook
5577.11,E-commerce,13-17,Awareness,265755,9169,590,0.0331,0.61,Twitter
22240.92,Fashion,55+,Traffic,1166700,40019,1889,0.0263,0.56,Twitter
37160.99,Services,45-54,Awareness,3484839,238393,14565,0.0746,0.16,Twitter
21002.95,Gaming,45-54,Awareness,2258002,78837,4198,0.0362,0.27,Facebook
3357.74,Gaming,13-17,Conversion,233439,22982,2605,0.0979,0.15,TikTok
37816.32,E-commerce,55+,Conversion,4000879,50988,3720,0.0165,0.74,Facebook
43591.08,Fashion,25-34,Awareness,3543314,230651,24832,0.0697,0.19,Instagram
10709.48,Tech,35-44,Awareness,885152,9077,591,0.0237,1.18,Facebook
42936.79,Gaming,45-54,Awareness,3291093,125074,5151,0.0344,0.34,Facebook
36310.46,E-commerce,13-17,Traffic,2850708,110932,6046,0.0406,0.33,Twitter
22839.06,E-commerce,18-24,Conversion,1805362,72551,6259,0.034,0.31,Instagram
2578.28,Tech,18-24,Engagement,177303,24455,3311,0.1372,0.11,TikTok
19085.71,Services,55+,Traffic,1704271,5211,188,0.0062,3.66,Facebook
18793.92,Fashion,25-34,Conversion,1466891,41632,2328,0.0255,0.45,Twitter
33253.37,Fashion,25-34,Traffic,3414959,349533,39301,0.0954,0.1,Instagram
34034.93,Gaming,55+,Conversion,3491859,37826,3258,0.017,0.9,Facebook
45457.31,Services,25-34,Traffic,4367226,371006,47577,0.084,0.12,Instagram
15691.77,Gaming,25-34,Traffic,1609681,108850,12038,0.0739,0.14,Instagram
21530.12,Fashion,55+,Traffic,1732435,21460,1081,0.0113,1.0,Facebook
22813.43,Fashion,55+,Traffic,2117493,38034,2959,0.0234,0.6,Twitter
11639.57,Fashion,25-34,Traffic,1156457,105897,6503,0.0871,0.11,Instagram
33267.46,Gaming,18-24,Traffic,3040419,415417,59422,0.1414,0.08,TikTok
13349.03,E-commerce,55+,Awareness,1027056,42706,3511,0.0394,0.31,Twitter
16489.85,Tech,35-44,Engagement,1500214,67639,7405,0.0434,0.24,Instagram
35488.47,E-commerce,25-34,Traffic,2212899,416249,27142,0.1935,0.09,TikTok
18341.13,Food,18-24,Conversion,1643511,98006,11834,0.0656,0.19,TikTok
31375.28,Gaming,25-34,Engagement,3460716,402349,44225,0.1114,0.08,Instagram
3931.75,Fashion,25-34,Awareness,383530,41748,2832,0.1077,0.09,Instagram
46445.01,Fashion,55+,Conversion,2665661,110191,11504,0.0439,0.42,Twitter
32650.69,Food,55+,Traffic,3394385,107219,5032,0.0319,0.3,Facebook
43250.25,Fashion,18-24,Conversion,3883259,368243,31451,0.094,0.12,Instagram
14126.77,E-commerce,35-44,Traffic,1487198,59671,2530,0.0373,0.24,Facebook
22919.1,Tech,35-44,Conversion,1695769,73622,2833,0.0534,0.31,Instagram
27028.79,Gaming,18-24,Traffic,2035588,21769,1540,0.019,1.24,Twitter
37157.95,Gaming,35-44,Traffic,2888563,72133,3676,0.0253,0.52,Twitter
31007.57,E-commerce,18-24,Engagement,3245108,223566,22366,0.0667,0.14,Instagram
40103.63,Fashion,13-17,Awareness,3701772,119802,8277,0.0325,0.33,Twitter
6832.88,Services,13-17,Traffic,418368,26438,2893,0.0595,0.26,TikTok
19587.08,Fashion,35-44,Traffic,1359871,13264,734,0.0184,1.48,Facebook
7790.14,Food,35-44,Conversion,569130,30102,3960,0.056,0.26,Instagram
1515.78,Services,18-24,Traffic,91793,4238,269,0.0485,0.36,Twitter
44962.78,Tech,55+,Traffic,3409235,77654,5978,0.0201,0.58,Facebook
24185.56,Gaming,25-34,Awareness,1526317,103178,13524,0.0684,0.23,Instagram
35901.73,Tech,13-17,Awareness,2600453,230867,8961,0.0856,0.16,TikTok
10362.67,E-commerce,45-54,Conversion,751389,20039,1172,0.0182,0.52,Twitter
34508.44,Food,18-24,Engagement,2624903,336054,26459,0.1262,0.1,TikTok
6737.1,E-commerce,13-17,Engagement,703281,132370,12605,0.1771,0.05,TikTok
46649.98,Food,45-54,Conversion,4013359,58671,3861,0.0211,0.8,Twitter
24792.87,Fashion,25-34,Engagement,2291620,233914,37672,0.0943,0.11,Instagram
19040.14,E-commerce,25-34,Traffic,1457372,60539,6406,0.0356,0.31,Instagram
49431.82,Services,13-17,Traffic,2717436,371500,44109,0.1241,0.13,TikTok
43598.12,Services,18-24,Awareness,3139504,169386,7194,0.0578,0.26,Twitter
15050.48,Services,35-44,Awareness,1245037,42531,3713,0.032,0.35,Facebook
38148.49,E-commerce,35-44,Engagement,2765920,0,0,0.001,38148.49,Facebook
33882.78,Tech,25-34,Awareness,2503525,140535,9301,0.0526,0.24,Instagram
25313.14,Tech,35-44,Engagement,1852767,137273,10315,0.0708,0.18,Twitter
2955.91,E-commerce,13-17,Engagement,240305,8583,782,0.0313,0.34,Twitter
37663.1,Gaming,18-24,Conversion,3441233,271198,42159,0.0754,0.14,Instagram
3775.18,Gaming,13-17,Traffic,375396,44802,5481,0.1229,0.08,TikTok
48093.87,E-commerce,18-24,Awareness,4002405,497914,64511,0.1165,0.1,TikTok
31170.99,Food,25-34,Traffic,2537096,113803,13596,0.0461,0.27,Instagram
35944.47,Food,45-54,Traffic,2185763,29669,1305,0.0141,1.21,Facebook
49588.96,Tech,45-54,Traffic,3805493,32840,1549,0.0111,1.51,Facebook
7948.38,Food,55+,Conversion,623323,19897,1533,0.0385,0.4,Twitter
40961.69,Fashion,18-24,Engagement,2590365,338111,18052,0.1391,0.12,TikTok
37994.49,Tech,13-17,Engagement,2856238,312756,27186,0.1011,0.12,TikTok
21782.9,Tech,18-24,Awareness,1556273,189043,20435,0.1306,0.12,TikTok
7285.93,Tech,18-24,Traffic,782017,114602,7280,0.1546,0.06,TikTok
1251.26,Food,18-24,Conversion,104225,19162,738,0.1769,0.07,TikTok
41414.28,E-commerce,45-54,Engagement,3417755,90712,4280,0.0276,0.46,Twitter
11127.45,Services,13-17,Traffic,990696,164308,15384,0.1655,0.07,TikTok
43718.89,Food,45-54,Engagement,3879337,47431,3273,0.0126,0.92,Twitter
6227.22,Tech,13-17,Conversion,509945,38247,4050,0.0749,0.16,TikTok
44938.31,Tech,45-54,Traffic,3878255,79580,3770,0.0201,0.56,Facebook
23601.31,E-commerce,45-54,Traffic,2083431,55189,2800,0.0205,0.43,Facebook
39184.53,Services,18-24,Conversion,3267420,158526,9045,0.0393,0.25,Instagram
20683.53,Services,13-17,Traffic,1671221,222998,25638,0.1248,0.09,TikTok
25858.87,Food,55+,Conversion,1998968,39264,2886,0.0258,0.66,Facebook
2815.9,Tech,13-17,Engagement,219303,32249,3737,0.1474,0.09,TikTok
33953.23,Services,55+,Traffic,2355539,114902,2862,0.0464,0.3,Twitter
2574.8,Food,45-54,Engagement,147382,4168,273,0.031,0.62,Twitter
47926.84,Fashion,45-54,Conversion,3357375,5675,228,0.0074,8.44,Twitter
26799.05,Tech,25-34,Traffic,1941878,157359,17029,0.0825,0.17,Instagram
47187.15,Gaming,35-44,Traffic,3511605,46792,2826,0.0275,1.01,Facebook
14082.04,Tech,25-34,Engagement,1073671,146441,15637,0.1301,0.1,TikTok
48304.49,E-commerce,13-17,Engagement,4791417,475750,55903,0.0941,0.1,TikTok
19421.49,E-commerce,25-34,Engagement,1483306,100888,5952,0.0797,0.19,Instagram
9468.57,E-commerce,18-24,Awareness,611398,53380,7357,0.0985,0.18,TikTok
28488.29,Tech,13-17,Awareness,2649549,170739,14624,0.0698,0.17,Twitter
33255.07,E-commerce,18-24,Awareness,2355041,254224,22691,0.1055,0.13,TikTok
46382.36,E-commerce,25-34,Traffic,3348823,97253,5676,0.0308,0.48,Twitter
39474.91,Gaming,18-24,Awareness,2859653,267830,26185,0.0919,0.15,Instagram
27000.71,Tech,25-34,Conversion,2314943,73616,7495,0.0388,0.37,Instagram
41702.0,Food,13-17,Awareness,2668441,56424,3141,0.023,0.74,Twitter
3002.68,Food,25-34,Engagement,196393,14908,931,0.0698,0.2,Instagram
22384.3,Food,25-34,Awareness,1738351,73161,4786,0.0494,0.31,Twitter
45584.73,Services,45-54,Conversion,4518168,52826,2911,0.0166,0.86,Facebook
2216.3,Services,25-34,Traffic,197524,4839,596,0.0311,0.46,Instagram
15939.64,Food,18-24,Engagement,1083664,105660,11713,0.0961,0.15,Instagram
41305.35,E-commerce,18-24,Engagement,3072840,83301,5115,0.0313,0.5,Twitter
4520.87,Services,18-24,Engagement,161412,11281,518,0.0637,0.4,Twitter
14827.26,Services,45-54,Conversion,1579100,4229,187,0.0119,3.51,Facebook
46754.44,Gaming,45-54,Conversion,4637244,104158,4839,0.0272,0.45,Facebook
43345.34,Tech,18-24,Traffic,3761004,278033,17977,0.068,0.16,Instagram
38408.54,Gaming,35-44,Traffic,3040738,114450,3962,0.0318,0.34,Facebook
3467.19,Tech,18-24,Conversion,294300,20608,753,0.0715,0.17,Instagram
6756.13,Food,18-24,Engagement,588952,66901,9156,0.1139,0.1,Instagram
27633.19,E-commerce,18-24,Conversion,1690492,120147,15395,0.0701,0.23,Instagram
27561.47,Services,55+,Traffic,2069706,66316,4909,0.0276,0.42,Facebook
39713.46,Food,45-54,Engagement,3265294,79251,3626,0.0287,0.5,Facebook
6824.85,Services,55+,Engagement,666045,33141,3275,0.0464,0.21,Twitter
40765.01,Gaming,25-34,Engagement,1311933,158627,14365,0.1175,0.26,TikTok
6351.82,Fashion,13-17,Traffic,637288,62685,6521,0.0925,0.1,TikTok
44990.0,Food,18-24,Conversion,4405593,458122,27315,0.1067,0.1,TikTok
5283.92,Food,35-44,Engagement,444489,13347,825,0.0247,0.4,Facebook
23458.81,Food,13-17,Traffic,1786108,118089,11684,0.0604,0.2,TikTok
7093.89,Services,25-34,Engagement,695890,51210,2055,0.0726,0.14,Twitter
43706.54,E-commerce,55+,Conversion,4215521,139213,11271,0.0368,0.31,Twitter
42572.99,Services,13-17,Awareness,2778544,344517,58430,0.1184,0.12,TikTok
5721.43,Fashion,35-44,Engagement,453872,10040,569,0.0225,0.57,Twitter
25157.43,Gaming,18-24,Traffic,1605273,159002,17039,0.0949,0.16,TikTok
36645.98,Fashion,25-34,Engagement,3343419,141818,8026,0.0401,0.26,Twitter
16130.77,Gaming,35-44,Awareness,1534942,59525,2172,0.0327,0.27,Facebook
22982.09,E-commerce,18-24,Conversion,1501139,189294,20850,0.1265,0.12,TikTok
4297.78,Services,18-24,Conversion,297273,15314,1517,0.05,0.28,Instagram
33154.67,Tech,25-34,Conversion,2740772,113700,11817,0.0395,0.29,Instagram
13492.29,Tech,45-54,Traffic,977471,15250,938,0.0166,0.88,Facebook
3398.98,Fashion,13-17,Traffic,251139,6155,242,0.0288,0.55,Twitter
28509.6,Fashion,55+,Conversion,2157023,60583,4870,0.0273,0.47,Twitter
29986.15,Fashion,13-17,Conversion,2541542,396086,29731,0.1561,0.08,TikTok
18309.81,Food,18-24,Traffic,1437637,49073,459,0.032,0.37,Twitter
1019.44,Gaming,25-34,Awareness,74073,9202,1238,0.132,0.11,TikTok
40812.15,Services,18-24,Engagement,2610000,104863,15297,0.0465,0.39,Instagram
9869.54,Tech,25-34,Conversion,823088,45398,5181,0.0573,0.22,Instagram
29606.02,Food,13-17,Conversion,2983339,387231,51517,0.1276,0.08,TikTok
20999.98,E-commerce,55+,Awareness,1960045,99164,3418,0.0477,0.21,Facebook
41070.67,Tech,55+,Awareness,3849407,72738,6156,0.0181,0.56,Facebook
8586.65,Services,18-24,Conversion,525271,20910,1739,0.0404,0.41,Instagram
44236.45,Services,35-44,Conversion,2615000,76132,8756,0.0238,0.58,Facebook
13276.14,E-commerce,13-17,Engagement,1331232,60019,2880,0.0405,0.22,TikTok
46877.93,E-commerce,13-17,Awareness,3834333,58357,3654,0.0136,0.8,Twitter
5011.46,Gaming,18-24,Awareness,438686,30691,2683,0.0708,0.16,Instagram
32822.16,E-commerce,35-44,Engagement,2372114,65339,4789,0.0199,0.5,Twitter
12227.74,Gaming,13-17,Awareness,881423,29440,973,0.0314,0.42,Twitter
46160.5,Tech,35-44,Conversion,2784274,51616,2737,0.016,0.89,Facebook
24748.59,Services,25-34,Engagement,2516122,152249,18996,0.0635,0.16,Instagram
41714.28,Fashion,25-34,Awareness,4637174,137607,12482,0.0245,0.3,Twitter
7193.26,Gaming,25-34,Traffic,544851,14618,535,0.02,0.49,Twitter
29656.49,Fashion,25-34,Conversion,2047807,157888,18502,0.0826,0.19,TikTok
10900.31,Services,18-24,Engagement,845804,101651,14590,0.1185,0.11,TikTok
37364.47,Fashion,25-34,Awareness,2200580,198852,13545,0.0912,0.19,Instagram
21245.42,Services,13-17,Traffic,1880567,79024,1997,0.0461,0.27,Twitter
36863.11,E-commerce,13-17,Awareness,3017104,418323,25527,0.1392,0.09,TikTok
35863.5,Fashion,35-44,Traffic,1518369,54059,3297,0.0358,0.66,Twitter
6523.92,E-commerce,45-54,Engagement,377381,14116,1191,0.0352,0.46,Facebook
28820.09,Fashion,18-24,Awareness,2029676,140624,9564,0.0734,0.2,Instagram
29687.85,Services,35-44,Traffic,2552887,65590,4918,0.0211,0.45,Facebook
14522.58,Food,45-54,Traffic,1419414,53699,4295,0.0384,0.27,Facebook
34113.8,Tech,45-54,Conversion,2567515,120665,9850,0.054,0.28,Twitter
13181.48,E-commerce,25-34,Traffic,785040,23211,1279,0.0261,0.57,Twitter
15973.6,Food,45-54,Conversion,1322823,47117,2166,0.0306,0.34,Facebook
48299.13,E-commerce,13-17,Conversion,3268786,438391,65177,0.1315,0.11,TikTok
15953.39,Gaming,25-34,Conversion,1459122,165316,9498,0.1158,0.1,Instagram
46114.91,Gaming,18-24,Conversion,4058397,568670,44180,0.1345,0.08,TikTok
47836.45,E-commerce,25-34,Conversion,3695914,129769,12840,0.0401,0.37,Instagram
30198.41,Tech,25-34,Engagement,2740785,141191,9666,0.0543,0.21,Twitter
42739.8,Tech,55+,Conversion,2081549,126787,13217,0.0601,0.34,Twitter
3652.4,Gaming,13-17,Traffic,285062,34440,2856,0.1196,0.11,TikTok
40691.34,Gaming,25-34,Conversion,2995125,438832,34378,0.1445,0.09,TikTok
31436.5,Gaming,18-24,Engagement,2314105,339069,43859,0.1438,0.09,TikTok
36159.01,Tech,45-54,Conversion,4137368,75681,5112,0.0164,0.48,Facebook
42023.27,Gaming,45-54,Conversion,3094734,44650,3480,0.0222,0.94,Twitter
34118.55,Gaming,25-34,Conversion,2301165,163317,17838,0.0717,0.21,Instagram
49775.97,Services,35-44,Engagement,4011530,237408,7996,0.0664,0.21,Twitter
8789.26,Services,45-54,Traffic,686101,10464,123,0.0183,0.84,Facebook
29970.64,Gaming,45-54,Awareness,2225949,92474,4651,0.039,0.32,Facebook
23172.42,E-commerce,18-24,Conversion,2427740,136364,6795,0.0517,0.17,Instagram
13350.36,E-commerce,13-17,Awareness,678518,107929,10577,0.1534,0.12,TikTok
45792.58,E-commerce,35-44,Conversion,4021467,150060,15762,0.0357,0.31,Instagram
15731.29,E-commerce,35-44,Engagement,1205841,25802,1948,0.0263,0.61,Facebook
49719.35,Food,13-17,Engagement,3639113,414625,55061,0.1168,0.12,TikTok
40846.07,Fashion,55+,Conversion,3954582,127449,6373,0.032,0.32,Facebook
24419.99,Fashion,18-24,Conversion,2129808,31282,2030,0.013,0.78,Twitter
5319.66,Food,45-54,Traffic,384307,3136,252,0.0108,1.7,Facebook
49598.52,Fashion,55+,Traffic,3402679,45339,3147,0.0222,1.09,Twitter
22213.05,Gaming,25-34,Traffic,2041747,295043,30685,0.1384,0.08,TikTok
49692.31,Tech,18-24,Conversion,4317807,299416,33936,0.0682,0.17,Instagram
3991.51,Fashion,25-34,Awareness,291311,38023,3899,0.1346,0.1,TikTok
37025.08,E-commerce,13-17,Conversion,1421094,134395,12467,0.0962,0.28,TikTok
45505.51,Tech,13-17,Engagement,5339703,318323,29158,0.0613,0.14,Twitter
8794.54,Fashion,45-54,Traffic,677074,25383,2417,0.0425,0.35,Twitter
27578.74,Gaming,35-44,Conversion,1464525,15291,879,0.0124,1.8,Facebook
35444.83,Fashion,45-54,Awareness,3522684,81584,8703,0.0253,0.43,Facebook
31569.61,Tech,35-44,Conversion,2753299,98585,4873,0.0368,0.32,Facebook
46352.26,Food,25-34,Engagement,4350908,404186,44248,0.1007,0.11,Instagram
12255.42,Tech,35-44,Conversion,1288149,41101,3620,0.0368,0.3,Facebook
10061.42,Food,18-24,Awareness,726633,27724,3199,0.0511,0.36,TikTok
4077.71,Food,45-54,Traffic,369499,9606,530,0.0295,0.42,Facebook
7784.58,Services,35-44,Engagement,597590,13786,626,0.0249,0.56,Facebook
28735.27,E-commerce,45-54,Awareness,2643741,17607,898,0.0153,1.63,Facebook
10175.17,Services,18-24,Awareness,904934,46789,3762,0.0451,0.22,Instagram
25349.41,Food,18-24,Traffic,2069919,209636,8454,0.1013,0.12,TikTok
37323.31,Services,35-44,Conversion,2913792,270817,8679,0.0893,0.14,Twitter
17906.67,Services,18-24,Conversion,1562284,37273,1743,0.0328,0.48,Twitter
42499.35,Fashion,13-17,Awareness,3852916,631686,70363,0.1618,0.07,TikTok
1491.15,E-commerce,18-24,Awareness,78755,6943,553,0.0769,0.21,Instagram
27511.95,E-commerce,18-24,Traffic,3242722,83047,4480,0.026,0.33,Twitter
35898.69,Food,25-34,Engagement,1478083,138605,17808,0.0935,0.26,TikTok
34193.28,Gaming,45-54,Engagement,2952764,0,0,0.001,34193.28,Facebook
27757.69,Gaming,35-44,Engagement,2856834,103282,7768,0.0317,0.27,Facebook
15815.93,Gaming,35-44,Engagement,1311907,38473,1885,0.0243,0.41,Twitter
9990.94,Services,25-34,Conversion,857337,25565,1715,0.0229,0.39,Instagram
37123.46,Fashion,18-24,Traffic,1948392,249520,28709,0.1247,0.15,TikTok
37067.8,Tech,18-24,Engagement,2367470,176457,18342,0.068,0.21,Instagram
15487.37,E-commerce,45-54,Conversion,1538819,66425,2521,0.0452,0.23,Facebook
29342.96,E-commerce,18-24,Engagement,2071906,113077,7886,0.0573,0.26,Instagram
12816.54,E-commerce,18-24,Conversion,945099,97748,11518,0.0993,0.13,TikTok
19584.9,Food,45-54,Awareness,2134497,52540,1363,0.0224,0.37,Twitter
44723.53,Gaming,25-34,Conversion,2938938,326062,34000,0.1102,0.14,Instagram
46066.53,Food,18-24,Traffic,3934529,466438,46207,0.1229,0.1,Instagram
9390.19,Services,13-17,Engagement,526465,28796,1654,0.0585,0.33,Twitter
42360.53,Food,35-44,Engagement,3048631,100607,5952,0.0322,0.42,Facebook
2304.82,Fashion,35-44,Conversion,164364,3583,264,0.0242,0.64,Facebook
31027.28,Services,55+,Traffic,1881641,82717,2401,0.0379,0.38,Facebook
5424.99,Food,25-34,Awareness,516683,46651,6057,0.0956,0.12,Instagram
14857.18,Tech,13-17,Awareness,1070155,103503,7677,0.0976,0.14,TikTok
27592.57,Tech,35-44,Awareness,2026850,47812,1415,0.0232,0.58,Facebook
5429.2,Tech,18-24,Conversion,466365,20624,2174,0.0479,0.26,Instagram
28995.43,Tech,35-44,Traffic,2514760,111735,6174,0.0396,0.26,Facebook
36102.1,Fashion,35-44,Traffic,2635474,115978,6295,0.0338,0.31,Facebook
31461.16,Fashion,35-44,Conversion,3281316,102322,3429,0.0284,0.31,Twitter
23693.57,Services,35-44,Awareness,1766960,35450,3170,0.0221,0.67,Facebook
2204.35,Services,35-44,Traffic,146609,5475,267,0.0373,0.4,Twitter
19704.65,Gaming,55+,Engagement,1996230,26842,1729,0.014,0.73,Facebook
46221.41,E-commerce,55+,Engagement,2572498,32577,1534,0.0164,1.42,Facebook
32317.48,Food,25-34,Conversion,2703255,235929,33194,0.0887,0.14,Instagram
37173.03,Services,45-54,Traffic,3461053,36873,4108,0.0121,1.01,Facebook
37247.31,Services,13-17,Traffic,2800685,306073,29703,0.1156,0.12,TikTok
47720.29,E-commerce,35-44,Engagement,4388106,391012,20056,0.0859,0.12,Instagram
34740.15,Tech,18-24,Awareness,2576897,299940,33035,0.1167,0.12,TikTok
18306.13,E-commerce,25-34,Engagement,1940056,78093,8564,0.041,0.23,Instagram
35009.73,Food,18-24,Conversion,3393027,302734,23489,0.0888,0.12,Instagram
43763.68,Food,18-24,Conversion,4329862,99245,6177,0.0322,0.44,Twitter
32716.24,Services,25-34,Awareness,1972713,98808,7891,0.0511,0.33,Instagram
49412.14,Services,25-34,Conversion,3698835,324239,27470,0.0863,0.15,Instagram
38410.49,Gaming,13-17,Awareness,2337779,255090,31054,0.1095,0.15,TikTok
1020.4,Food,18-24,Traffic,95966,10235,1833,0.1152,0.1,TikTok
44749.71,Gaming,18-24,Awareness,3702498,383571,44813,0.1035,0.12,Instagram
44576.83,Gaming,45-54,Traffic,2837175,78047,3169,0.0324,0.57,Twitter
29587.54,E-commerce,18-24,Awareness,2433289,51186,1870,0.0221,0.58,Twitter
4179.56,Services,18-24,Conversion,402752,17919,2618,0.0484,0.23,Instagram
45524.97,Services,35-44,Awareness,4023271,139761,7039,0.0255,0.33,Facebook
43425.28,Services,55+,Conversion,3273461,88012,4755,0.0295,0.49,Facebook
49519.12,Tech,45-54,Traffic,3508440,125899,4706,0.0379,0.39,Facebook
39198.1,Food,18-24,Awareness,3939157,535840,44793,0.1307,0.07,TikTok
37654.62,Services,35-44,Awareness,2822225,62937,2085,0.022,0.6,Facebook
28774.36,Gaming,18-24,Engagement,2455196,90903,2573,0.0386,0.32,Twitter
18916.16,Gaming,13-17,Traffic,1257302,63187,7354,0.0522,0.3,TikTok
27742.39,Fashion,18-24,Conversion,2425831,363924,32810,0.1464,0.08,TikTok
34544.58,Fashion,18-24,Traffic,2492184,200781,13574,0.0874,0.17,Instagram
35702.42,Tech,18-24,Awareness,1718884,71564,4359,0.0402,0.5,Twitter
35941.24,Gaming,35-44,Awareness,1584819,46252,2544,0.0292,0.78,Twitter
10943.01,Tech,55+,Conversion,841221,13621,401,0.0102,0.8,Facebook
4933.52,Tech,13-17,Engagement,335532,22791,1380,0.0736,0.22,Twitter
47755.98,Food,35-44,Engagement,3180909,238317,24065,0.0673,0.2,Instagram
1123.52,Gaming,55+,Traffic,108890,2123,113,0.0187,0.53,Twitter
11679.06,Services,35-44,Engagement,1123995,32653,3591,0.0233,0.36,Facebook
37714.01,E-commerce,25-34,Awareness,2017505,101468,4655,0.046,0.37,Instagram
27570.62,Services,18-24,Engagement,2184384,213594,18471,0.1068,0.13,TikTok
25454.58,E-commerce,18-24,Conversion,1397623,65743,7986,0.045,0.39,Instagram
15439.1,Gaming,25-34,Traffic,1703610,155031,12860,0.091,0.1,TikTok
23188.99,Food,45-54,Awareness,1742444,44156,1938,0.026,0.53,Facebook
7104.11,Tech,18-24,Conversion,615056,64816,8530,0.105,0.11,TikTok
32653.02,Fashion,55+,Awareness,3154956,85892,4093,0.0293,0.38,Facebook
41146.55,Services,35-44,Conversion,1411782,88707,9188,0.0593,0.46,Instagram
17377.62,Services,35-44,Traffic,1138876,42579,5462,0.032,0.41,Instagram
1571.46,Gaming,35-44,Traffic,134176,6351,517,0.0325,0.25,Facebook
37713.83,E-commerce,35-44,Awareness,2799341,88325,6847,0.0288,0.43,Twitter
42987.36,Tech,18-24,Awareness,3402792,220166,17793,0.0716,0.2,Twitter
17242.43,Services,35-44,Awareness,1567742,88007,11711,0.0615,0.2,Instagram
33513.33,Services,18-24,Traffic,2867471,148703,17585,0.0499,0.23,Instagram
21354.39,Tech,35-44,Traffic,1868555,68021,7257,0.0432,0.31,Instagram
41115.12,Fashion,55+,Traffic,2819661,3499,216,0.0056,11.75,Facebook
36508.89,Tech,35-44,Awareness,2237934,92671,10840,0.0421,0.39,Instagram
5919.8,Gaming,35-44,Engagement,517176,14433,721,0.0244,0.41,Facebook
44709.13,Services,18-24,Awareness,3346725,163576,7181,0.047,0.27,Twitter
4331.87,Fashion,45-54,Awareness,269772,1049,82,0.0121,4.13,Facebook
35312.22,Tech,55+,Traffic,3225717,43275,3508,0.0204,0.82,Facebook
47719.87,Services,35-44,Engagement,4311680,147950,5081,0.0316,0.32,Facebook
10979.86,Tech,35-44,Awareness,1145557,21600,1587,0.025,0.51,Facebook
29887.39,E-commerce,18-24,Traffic,1557395,40598,2399,0.0249,0.74,Twitter
45353.81,Tech,18-24,Conversion,4480298,222202,19870,0.0468,0.2,Instagram
32999.85,Services,55+,Engagement,2605569,66813,5422,0.0316,0.49,Facebook
41006.24,Fashion,35-44,Engagement,3062645,115976,8214,0.0436,0.35,Twitter
4795.76,Food,35-44,Engagement,338301,3711,130,0.0123,1.29,Facebook
21526.78,Fashion,13-17,Awareness,1438481,55698,2631,0.035,0.39,Twitter
42926.3,E-commerce,18-24,Conversion,1543525,150063,15735,0.1016,0.29,TikTok
9151.67,Tech,45-54,Conversion,548431,41060,2403,0.0696,0.22,Twitter
31842.34,E-commerce,25-34,Awareness,2085917,139880,12727,0.0675,0.23,Instagram
5230.18,Tech,35-44,Awareness,433273,20425,1697,0.0466,0.26,Instagram
848.62,Food,35-44,Traffic,58345,4748,582,0.0869,0.18,Instagram
39857.96,Food,55+,Traffic,3106331,72443,4509,0.0307,0.55,Twitter
19226.62,Fashion,35-44,Traffic,2063173,21453,1644,0.0132,0.9,Facebook
33068.5,Gaming,45-54,Awareness,3024592,52394,1116,0.0182,0.63,Facebook
36727.7,Food,18-24,Traffic,2178611,253365,20694,0.1173,0.14,Instagram
2202.96,Fashion,18-24,Awareness,206306,23226,2151,0.1082,0.09,TikTok
30413.07,E-commerce,18-24,Engagement,2317319,40211,2806,0.0191,0.76,Twitter
9051.46,Fashion,25-34,Conversion,606104,58278,8077,0.1023,0.16,Instagram
47302.0,Fashion,18-24,Conversion,1925688,83490,3738,0.0402,0.57,Twitter
22413.34,E-commerce,25-34,Awareness,1651895,23877,486,0.0184,0.94,Twitter
21073.58,Services,35-44,Awareness,1950706,49679,248,0.0289,0.42,Facebook
45630.53,Services,25-34,Traffic,3901295,0,0,0.001,45630.53,Instagram
22830.94,Gaming,25-34,Traffic,2729955,230747,13560,0.0853,0.1,Instagram
41670.37,Tech,45-54,Traffic,3319517,120698,7890,0.0325,0.35,Facebook
31336.23,Tech,13-17,Awareness,2077906,106545,5017,0.0515,0.29,Twitter
35665.88,Services,45-54,Traffic,2872297,56583,1548,0.0164,0.63,Facebook
15668.9,Tech,25-34,Conversion,1248769,167529,11996,0.134,0.09,TikTok
49406.69,Services,35-44,Engagement,4790141,146596,6614,0.034,0.34,Facebook
12099.09,Food,18-24,Conversion,741560,46793,5059,0.0646,0.26,Instagram
37230.11,Tech,13-17,Traffic,2483809,324386,40318,0.1293,0.11,TikTok
20317.65,E-commerce,55+,Awareness,1477869,64798,3837,0.0391,0.31,Facebook
17402.74,Fashion,13-17,Engagement,1551415,164411,16660,0.1035,0.11,TikTok
47636.87,E-commerce,35-44,Awareness,2969484,105801,8417,0.0263,0.45,Facebook
27055.28,Fashion,45-54,Engagement,1740152,44006,3568,0.0337,0.61,Facebook
23248.37,Services,45-54,Awareness,1689525,120163,7256,0.0632,0.19,Twitter
41052.09,E-commerce,25-34,Awareness,3561027,139127,14725,0.0428,0.3,Instagram
4108.47,Food,18-24,Traffic,290198,37015,3844,0.1431,0.11,TikTok
26283.67,E-commerce,25-34,Engagement,2406522,90610,9279,0.0383,0.29,Instagram
36139.84,E-commerce,18-24,Engagement,3585581,41952,3122,0.015,0.86,Twitter
16342.81,Services,18-24,Traffic,1609990,166134,16121,0.1059,0.1,TikTok
6290.66,Fashion,18-24,Engagement,607580,70823,6217,0.1276,0.09,TikTok
20012.43,Gaming,35-44,Awareness,1355463,41400,4098,0.0245,0.48,Instagram
16998.34,Tech,18-24,Awareness,1466612,109272,15695,0.0748,0.16,TikTok
48927.37,E-commerce,45-54,Engagement,3686232,114983,4010,0.0322,0.43,Twitter
14872.91,Fashion,35-44,Traffic,919800,26978,1117,0.0354,0.55,Facebook
23159.35,E-commerce,35-44,Traffic,1915923,39839,2975,0.0267,0.58,Twitter
17267.28,Gaming,13-17,Conversion,1997567,44164,3499,0.0193,0.39,Twitter
36272.84,Gaming,13-17,Conversion,2178998,267007,25107,0.1191,0.14,TikTok
45777.38,Gaming,25-34,Traffic,3624801,290842,44332,0.0792,0.16,Instagram
693.96,Services,35-44,Engagement,61967,3234,332,0.0618,0.21,Instagram
10435.29,Fashion,45-54,Awareness,846671,21475,1227,0.0219,0.49,Twitter
26875.93,Fashion,18-24,Traffic,1957157,258807,18291,0.1296,0.1,TikTok
3613.92,Services,13-17,Conversion,311640,30635,3310,0.0997,0.12,TikTok
18929.2,Tech,35-44,Conversion,1314693,79348,2567,0.0588,0.24,Twitter
3114.88,Tech,45-54,Traffic,312739,15494,1001,0.0558,0.2,Facebook
36291.33,Tech,45-54,Traffic,2902064,23369,1124,0.015,1.55,Facebook
15212.1,Gaming,55+,Traffic,1163488,30210,1795,0.0261,0.5,Twitter
8214.65,Fashion,13-17,Traffic,718360,16262,1026,0.0312,0.51,Twitter
13298.58,Services,18-24,Traffic,932000,73699,4910,0.0755,0.18,Twitter
46617.13,Food,35-44,Conversion,2511691,62908,3824,0.0265,0.74,Facebook
35507.8,Tech,35-44,Conversion,2694414,33411,2207,0.0169,1.06,Facebook
18069.09,Tech,13-17,Traffic,1488344,98300,6313,0.0724,0.18,Twitter
8378.37,Tech,25-34,Engagement,500057,3822,456,0.0132,2.19,Instagram
37155.22,Tech,25-34,Conversion,3175552,96863,12249,0.0272,0.38,Instagram
44647.72,E-commerce,25-34,Conversion,3406474,136989,10670,0.0295,0.33,Twitter
49542.07,Fashion,55+,Conversion,1987769,86544,2830,0.0444,0.57,Facebook
49080.36,Tech,25-34,Engagement,3714937,266278,18324,0.0708,0.18,Twitter
27695.89,Tech,18-24,Awareness,2542627,222090,19521,0.0822,0.12,TikTok
25689.82,Services,13-17,Conversion,2313294,119219,7625,0.0462,0.22,Twitter
22884.65,E-commerce,18-24,Traffic,1786824,115186,10163,0.0605,0.2,Instagram
33766.6,Fashion,45-54,Engagement,2689991,50686,3461,0.0242,0.67,Facebook
19121.43,Gaming,18-24,Awareness,1562935,71477,1114,0.0438,0.27,Twitter
16164.5,Gaming,13-17,Engagement,1361284,55456,4404,0.0314,0.29,Twitter
35533.78,Gaming,25-34,Engagement,2433729,235919,18941,0.0873,0.15,Instagram
23600.82,Fashion,35-44,Conversion,2990073,108103,4652,0.0321,0.22,Facebook
38241.0,E-commerce,45-54,Engagement,2583007,69510,5968,0.0202,0.55,Twitter
4117.71,Food,13-17,Engagement,347009,41272,4154,0.1217,0.1,TikTok
48436.75,Tech,18-24,Traffic,3829446,527047,55696,0.14,0.09,TikTok
27309.05,Food,45-54,Awareness,1923753,73468,7796,0.0379,0.37,Twitter
33368.61,Food,35-44,Traffic,2938990,105476,11379,0.0323,0.32,Facebook
44656.91,Fashion,45-54,Conversion,3575460,111790,5542,0.0276,0.4,Facebook
20976.44,Gaming,25-34,Engagement,1111278,95998,4109,0.0897,0.22,Instagram
27664.6,Services,25-34,Awareness,2251291,138834,22640,0.0602,0.2,Instagram
25848.38,Gaming,13-17,Traffic,2327307,44860,2204,0.0221,0.58,Twitter
21527.31,E-commerce,13-17,Conversion,1795392,225897,22611,0.1243,0.1,TikTok
17149.11,Food,18-24,Conversion,1241662,168021,14198,0.1288,0.1,TikTok
36211.73,Tech,35-44,Engagement,3460298,181658,26220,0.0508,0.2,Instagram
6743.81,E-commerce,45-54,Traffic,774662,26708,1872,0.0346,0.25,Facebook
30394.06,Fashion,13-17,Traffic,2421998,476175,44043,0.196,0.06,TikTok
17690.78,Gaming,13-17,Engagement,1449714,193428,15858,0.1294,0.09,TikTok
18152.14,Services,18-24,Engagement,1050339,48062,6840,0.0446,0.38,Instagram
26098.03,Tech,13-17,Engagement,2119583,180982,31885,0.0878,0.14,TikTok
10144.6,Fashion,18-24,Conversion,890598,110738,9115,0.116,0.09,TikTok
35446.27,Services,13-17,Traffic,1717601,73876,5784,0.044,0.48,Twitter
48166.42,Tech,18-24,Awareness,3662152,458280,21927,0.1227,0.11,TikTok
46196.85,Fashion,35-44,Traffic,4189152,165092,5115,0.0385,0.28,Facebook
23849.09,Food,35-44,Conversion,2005559,215125,27344,0.1026,0.11,Instagram
42159.97,Gaming,18-24,Engagement,2628670,377033,48900,0.1439,0.11,TikTok
48542.46,Food,18-24,Traffic,2359086,286776,35226,0.1273,0.17,TikTok
17038.18,Food,25-34,Conversion,1367150,125960,16275,0.0882,0.14,Instagram
579.26,E-commerce,13-17,Conversion,54633,6534,978,0.127,0.09,TikTok
18131.6,Services,25-34,Engagement,1747242,28934,1161,0.0088,0.63,Instagram
8886.41,E-commerce,13-17,Traffic,651419,20313,1368,0.0322,0.44,Twitter
33274.54,Fashion,18-24,Awareness,2768678,60137,5690,0.0263,0.55,Twitter
14705.85,Services,13-17,Awareness,1070717,98776,14400,0.0877,0.15,TikTok
13979.61,Gaming,35-44,Conversion,1085751,35438,3853,0.0276,0.39,Facebook
40451.8,Food,45-54,Engagement,3273252,117979,6148,0.0322,0.34,Facebook
3326.19,E-commerce,25-34,Awareness,285365,23836,3685,0.0913,0.14,Instagram
6104.95,Fashion,45-54,Engagement,547205,21878,1232,0.0418,0.28,Twitter
35126.63,Tech,25-34,Traffic,3501904,219480,9852,0.0631,0.16,Twitter
20650.3,Services,18-24,Awareness,1225920,162584,17565,0.1354,0.13,TikTok
36357.12,Services,13-17,Engagement,3420899,388750,22986,0.115,0.09,TikTok
29485.28,Tech,45-54,Engagement,3098334,108504,5385,0.0294,0.27,Facebook
44728.74,Food,55+,Awareness,3029071,128345,6294,0.0369,0.35,Facebook
41616.47,Fashion,45-54,Engagement,4831395,159710,8415,0.0302,0.26,Facebook
15813.74,Fashion,18-24,Conversion,771797,109349,7393,0.1383,0.14,TikTok
36119.17,Tech,25-34,Engagement,3677975,89647,8182,0.0189,0.4,Instagram
27481.63,E-commerce,45-54,Engagement,1794356,61124,3982,0.0326,0.45,Facebook
35415.14,Gaming,35-44,Conversion,2390122,134450,9052,0.0493,0.26,Facebook
48096.41,Services,55+,Awareness,3841469,220363,12447,0.0575,0.22,Twitter
28376.64,Food,13-17,Awareness,2192410,49141,3600,0.0188,0.58,Twitter
24116.94,E-commerce,25-34,Conversion,2008145,214560,10211,0.1045,0.11,TikTok
9191.2,Food,35-44,Awareness,852655,21329,1003,0.0243,0.43,Facebook
14616.74,Gaming,13-17,Awareness,1528395,98207,6749,0.0522,0.15,Twitter
6085.61,Tech,35-44,Engagement,525294,43463,1130,0.0787,0.14,Twitter
24354.06,Tech,18-24,Awareness,1614975,252152,27900,0.1541,0.1,TikTok
15523.44,Services,25-34,Traffic,785911,31343,2859,0.043,0.5,Instagram
29200.36,Tech,45-54,Awareness,1378359,46362,3267,0.0307,0.63,Facebook
17018.36,Tech,35-44,Engagement,1344142,21769,1628,0.014,0.78,Facebook
46640.39,Food,18-24,Traffic,4270000,407110,32017,0.0952,0.11,TikTok
20547.55,Food,18-24,Awareness,1371254,38735,1526,0.0302,0.53,Twitter
14797.55,Fashion,18-24,Awareness,1331157,224013,33712,0.1678,0.07,TikTok
21106.1,Fashion,25-34,Conversion,1739680,133130,13909,0.076,0.16,Instagram
25654.36,Gaming,45-54,Conversion,1819201,24052,1558,0.0122,1.07,Facebook
15516.53,E-commerce,25-34,Engagement,949502,53296,6276,0.0561,0.29,Instagram
17341.04,Services,55+,Engagement,1313481,19166,891,0.0117,0.9,Facebook
984.08,Services,18-24,Awareness,49558,2547,92,0.0543,0.39,Twitter
33138.19,Fashion,13-17,Traffic,1454979,30567,1576,0.0283,1.08,Twitter
32346.8,Food,13-17,Engagement,2762191,330179,27813,0.1326,0.1,TikTok
11160.28,Fashion,35-44,Engagement,704285,15441,1163,0.0208,0.72,Facebook
43368.15,Gaming,13-17,Engagement,3884145,672178,51176,0.1804,0.06,TikTok
32876.84,Tech,35-44,Traffic,2593449,106129,8831,0.0507,0.31,Twitter
40692.4,Gaming,35-44,Awareness,3331539,303315,33805,0.0835,0.13,Instagram
35689.27,Gaming,35-44,Awareness,3259076,266093,25953,0.0766,0.13,Instagram
14994.24,Fashion,25-34,Awareness,1221907,59458,7784,0.0497,0.25,Instagram
18427.99,Gaming,18-24,Traffic,1436425,107058,11171,0.0777,0.17,TikTok
14979.49,E-commerce,45-54,Traffic,1318167,49903,1614,0.037,0.3,Twitter
16622.26,E-commerce,13-17,Traffic,891438,15690,908,0.0237,1.06,Twitter
40209.05,Services,13-17,Engagement,3131224,179329,13372,0.0566,0.22,Twitter
35435.07,Tech,55+,Conversion,2206004,53425,1795,0.0322,0.66,Facebook
19152.13,E-commerce,18-24,Engagement,1307724,126653,15942,0.1,0.15,TikTok
2303.06,Fashion,35-44,Awareness,154890,16888,1472,0.105,0.14,Instagram
2483.42,Services,55+,Conversion,185498,1536,121,0.0144,1.62,Facebook
22983.61,Gaming,25-34,Awareness,2090193,69792,956,0.0249,0.33,Twitter
29745.39,E-commerce,25-34,Engagement,2561057,49708,3617,0.0203,0.6,Twitter
10656.76,E-commerce,13-17,Traffic,820572,33661,747,0.0426,0.32,Twitter
6427.47,Gaming,55+,Traffic,489886,19141,1236,0.029,0.34,Facebook
22777.57,Services,18-24,Engagement,1615572,36107,4482,0.0221,0.63,Instagram
31347.04,Food,45-54,Conversion,2515136,65442,5265,0.0165,0.48,Twitter
945.43,Tech,35-44,Awareness,42702,785,86,0.015,1.2,Facebook
49732.41,Tech,25-34,Awareness,5163264,225609,21298,0.0441,0.22,Instagram
2661.22,Gaming,35-44,Awareness,240316,3122,167,0.0106,0.85,Facebook
10996.22,Food,13-17,Traffic,959093,86765,11335,0.0938,0.13,TikTok
34782.35,E-commerce,18-24,Conversion,2831192,420724,9842,0.1512,0.08,TikTok
24195.74,Gaming,18-24,Awareness,1998737,78192,3979,0.0292,0.31,Twitter
45929.05,Gaming,13-17,Traffic,4486439,685793,47877,0.1401,0.07,TikTok
31491.86,E-commerce,35-44,Conversion,2524519,98117,5974,0.0336,0.32,Instagram
41113.22,Services,55+,Traffic,3347272,84461,6766,0.0299,0.49,Twitter
20841.18,Tech,35-44,Traffic,1660913,40505,3562,0.0166,0.51,Twitter
13489.6,Gaming,13-17,Traffic,1070191,168234,13434,0.1503,0.08,TikTok
49588.46,Tech,18-24,Awareness,2867294,337717,19220,0.1202,0.15,TikTok
24532.13,Fashion,45-54,Awareness,1920148,18751,888,0.0119,1.31,Facebook
24577.05,Fashion,55+,Conversion,2185259,77608,5483,0.0371,0.32,Twitter
46655.98,Fashion,55+,Conversion,3493257,36516,2225,0.0155,1.28,Facebook
24789.37,Fashion,45-54,Traffic,2537626,56845,3972,0.0204,0.44,Facebook
35877.76,Fashion,25-34,Awareness,2667565,285007,25808,0.1037,0.13,TikTok
27546.33,Services,13-17,Awareness,2456908,143232,7971,0.0584,0.19,Twitter
44436.61,Tech,35-44,Awareness,3186964,309600,23848,0.0953,0.14,Twitter
39087.87,Tech,13-17,Engagement,3611344,658320,35148,0.1685,0.06,TikTok
22290.98,Food,55+,Awareness,1995160,39147,1862,0.0269,0.57,Facebook
46286.36,Tech,13-17,Engagement,3283666,151883,5422,0.0485,0.3,Twitter
6744.58,Tech,18-24,Awareness,482815,29805,2630,0.0542,0.23,Instagram
2997.55,E-commerce,35-44,Traffic,286341,7773,506,0.0257,0.39,Facebook
27963.88,E-commerce,35-44,Conversion,2321958,60537,2450,0.0262,0.46,Twitter
44841.75,Tech,25-34,Traffic,3446547,73908,4935,0.026,0.61,Twitter
18990.24,Gaming,13-17,Engagement,1762257,43986,3093,0.0248,0.43,Twitter
767.23,Fashion,45-54,Conversion,65355,1895,85,0.0308,0.4,Twitter
26838.3,Gaming,45-54,Engagement,2220914,40464,1928,0.0211,0.66,Facebook
28887.84,Fashion,18-24,Engagement,2429552,122828,7586,0.0463,0.24,Instagram
25699.55,Fashion,18-24,Engagement,1335854,133050,17463,0.092,0.19,TikTok
16801.4,Fashion,13-17,Conversion,1477776,37433,3024,0.0204,0.45,Twitter
32911.15,Food,13-17,Awareness,2227483,310338,29882,0.1387,0.11,TikTok
45094.93,Services,18-24,Engagement,3783385,347467,37456,0.0966,0.13,TikTok
20437.88,Fashion,18-24,Traffic,1376622,171970,20284,0.1158,0.12,TikTok
48805.61,E-commerce,13-17,Traffic,3211695,536402,58323,0.1758,0.09,TikTok
44804.18,Fashion,18-24,Awareness,4774359,628248,40155,0.1402,0.07,TikTok
25036.69,Fashion,13-17,Engagement,2703654,19829,1050,0.0154,1.26,Twitter
34551.55,Fashion,55+,Awareness,2448290,41766,1755,0.0157,0.83,Facebook
19823.63,Services,18-24,Engagement,1431840,74151,6010,0.0533,0.27,TikTok
35298.09,Tech,13-17,Engagement,2141767,243225,26897,0.1117,0.15,TikTok
11762.93,Services,13-17,Conversion,782941,96495,13203,0.13,0.12,TikTok
13173.05,Services,18-24,Awareness,853160,97800,8467,0.1229,0.13,TikTok
5152.55,Fashion,35-44,Awareness,495510,19231,1218,0.0335,0.27,Twitter
35059.61,Fashion,13-17,Traffic,3378942,101450,969,0.0304,0.35,Twitter
43641.82,Tech,25-34,Awareness,3237372,101149,1316,0.0321,0.43,Instagram
43946.79,Services,45-54,Awareness,3861341,163087,7527,0.0466,0.27,Twitter
43420.46,E-commerce,55+,Awareness,1800559,42317,3117,0.0267,1.03,Facebook
16683.63,Food,45-54,Conversion,1110148,27425,2109,0.0275,0.61,Facebook
39304.47,E-commerce,35-44,Traffic,1780073,70128,4827,0.031,0.56,Twitter
36308.04,Services,18-24,Conversion,3532444,146436,8227,0.0452,0.25,Instagram
23079.86,Gaming,45-54,Conversion,1977590,63821,3343,0.0288,0.36,Facebook
49466.23,Gaming,13-17,Engagement,3565759,507681,52558,0.1411,0.1,TikTok
23510.31,Food,25-34,Engagement,1804328,143262,18173,0.0632,0.16,Instagram
31727.13,Gaming,18-24,Conversion,1800713,142160,12187,0.0739,0.22,Instagram
2366.02,Gaming,35-44,Engagement,194250,2878,103,0.0134,0.82,Facebook
31707.18,Fashion,45-54,Engagement,2142212,96637,7767,0.0392,0.33,Facebook
21163.69,E-commerce,18-24,Awareness,2063918,76787,4479,0.0339,0.28,Twitter
44790.72,Fashion,35-44,Engagement,2761478,99197,3497,0.0344,0.45,Facebook
33677.57,Tech,35-44,Awareness,3271769,21901,864,0.01,1.54,Facebook
20160.75,E-commerce,13-17,Engagement,1447017,98786,9319,0.0628,0.2,TikTok
36611.09,Food,35-44,Awareness,3740592,49359,1898,0.0146,0.74,Facebook
2527.1,Fashion,45-54,Engagement,207351,5911,284,0.0345,0.43,Facebook
6434.46,E-commerce,25-34,Conversion,582372,45199,4913,0.0711,0.14,Instagram
35958.1,E-commerce,45-54,Engagement,2684582,127700,6598,0.047,0.28,Facebook
16171.6,Services,45-54,Awareness,1578758,29654,2092,0.022,0.55,Facebook
26626.7,Gaming,18-24,Engagement,2322055,412756,48748,0.1661,0.06,TikTok
25212.52,Fashion,18-24,Awareness,2431957,63179,3162,0.0216,0.4,Twitter
7505.3,Food,35-44,Awareness,625594,47394,4550,0.0697,0.16,Instagram
14224.29,Food,13-17,Awareness,1257591,56710,4660,0.0481,0.25,Twitter
27100.27,Food,35-44,Traffic,2032640,175916,9423,0.0881,0.15,Instagram
11551.14,Services,18-24,Conversion,758405,49278,2362,0.0656,0.23,Twitter
45201.01,Gaming,35-44,Engagement,3025398,71803,5368,0.0234,0.63,Facebook
47999.91,Gaming,13-17,Engagement,4004146,160907,6111,0.0371,0.3,Twitter
7106.71,Food,35-44,Awareness,560799,43353,2956,0.0781,0.16,Instagram
21555.15,E-commerce,13-17,Conversion,1957233,96498,6683,0.0488,0.22,Twitter
30885.37,Food,18-24,Engagement,2110353,266887,38683,0.1206,0.12,Instagram
42099.82,Gaming,45-54,Conversion,4515167,114248,8762,0.0303,0.37,Twitter
11875.41,Services,18-24,Traffic,848287,64951,5138,0.0763,0.18,Twitter
14770.64,Gaming,25-34,Engagement,951652,71624,6506,0.0699,0.21,Instagram
29280.53,Services,45-54,Awareness,1713079,47661,3684,0.0214,0.61,Facebook
42863.23,Food,18-24,Traffic,2910512,294328,41738,0.1022,0.15,TikTok
6207.4,Services,18-24,Conversion,538351,34292,2484,0.0645,0.18,Instagram
13047.94,Services,13-17,Conversion,1083682,58253,3651,0.0514,0.22,Twitter
22856.13,Tech,35-44,Traffic,1978796,83784,8711,0.0468,0.27,Instagram
40773.98,Food,55+,Traffic,2687644,128278,11615,0.0524,0.32,Twitter
12210.11,E-commerce,25-34,Traffic,830240,46123,5407,0.0578,0.26,Instagram
45682.98,Tech,18-24,Conversion,4165336,102769,14150,0.0244,0.44,Instagram
20820.88,Tech,35-44,Traffic,1553785,29911,1138,0.022,0.7,Facebook
30185.37,E-commerce,18-24,Conversion,2944200,296582,32229,0.0959,0.1,TikTok
19658.98,Tech,45-54,Engagement,1023794,45127,3213,0.0466,0.44,Facebook
24349.27,Tech,18-24,Conversion,2238869,234047,20426,0.1035,0.1,TikTok
35449.88,Food,18-24,Conversion,2661679,342006,38241,0.1356,0.1,TikTok
2685.21,Services,25-34,Conversion,200172,25585,648,0.1287,0.1,TikTok
27105.94,Gaming,13-17,Conversion,2315026,222795,16001,0.0973,0.12,TikTok
9333.31,Food,35-44,Conversion,816354,17664,1286,0.019,0.53,Facebook
2348.97,Food,45-54,Engagement,159417,3557,170,0.0219,0.66,Facebook
8614.05,E-commerce,25-34,Awareness,561413,32678,3405,0.0569,0.26,Instagram
8984.22,Tech,35-44,Engagement,811266,31718,1411,0.0351,0.28,Facebook
6884.46,Services,35-44,Engagement,566648,38925,2239,0.0697,0.18,Twitter
45339.54,Gaming,45-54,Conversion,4239728,120894,8803,0.0331,0.38,Facebook
22637.08,Fashion,35-44,Conversion,1744182,3950,302,0.0048,5.73,Facebook
32911.4,Services,55+,Conversion,3011363,197825,12143,0.063,0.17,Twitter
14973.36,Fashion,18-24,Engagement,1438989,132497,9791,0.0931,0.11,TikTok
5071.12,Food,25-34,Awareness,374258,11217,922,0.0316,0.45,Twitter
38725.89,Gaming,18-24,Engagement,3585917,69177,5073,0.0237,0.56,Twitter
40166.93,Fashion,18-24,Engagement,2362181,242522,28756,0.1053,0.17,TikTok
17997.14,Gaming,18-24,Conversion,1300783,50428,3910,0.0424,0.36,Twitter
48665.74,Tech,35-44,Conversion,5212775,223402,18478,0.0414,0.22,Instagram
35693.9,E-commerce,18-24,Engagement,2513091,330358,39741,0.1302,0.11,TikTok
17147.48,E-commerce,35-44,Conversion,1666223,10384,356,0.0162,1.65,Twitter
1235.38,Services,45-54,Engagement,62435,645,63,0.019,1.91,Facebook
3924.12,E-commerce,18-24,Traffic,211786,12715,1931,0.0588,0.31,Instagram
16032.22,Services,18-24,Awareness,1237400,62384,8623,0.0448,0.26,Instagram
11870.26,Gaming,35-44,Traffic,840274,5547,352,0.012,2.14,Facebook
4610.42,Services,45-54,Conversion,390588,22009,1053,0.0527,0.21,Twitter
2847.07,Gaming,35-44,Awareness,214123,5135,412,0.0166,0.55,Twitter
1393.98,Gaming,25-34,Conversion,93975,11134,936,0.1139,0.13,Instagram
14854.38,E-commerce,25-34,Engagement,1006975,55155,6350,0.0566,0.27,Instagram
28276.98,Food,45-54,Traffic,2398376,61514,1798,0.021,0.46,Facebook
14750.04,Gaming,35-44,Conversion,1480311,54960,3146,0.0347,0.27,Facebook
15618.92,Gaming,25-34,Conversion,1090793,63994,7537,0.0639,0.24,Instagram
25227.66,Fashion,25-34,Engagement,1721274,219516,39452,0.1312,0.11,TikTok
46918.21,E-commerce,35-44,Awareness,4606949,171396,7798,0.0403,0.27,Facebook
14763.53,Food,13-17,Awareness,1049224,112245,13701,0.1068,0.13,TikTok
20052.02,Food,18-24,Traffic,1229679,104902,6778,0.0796,0.19,Instagram
9968.81,Fashion,45-54,Engagement,887090,15327,1167,0.0233,0.65,Facebook
23645.65,E-commerce,18-24,Conversion,2378778,56381,2634,0.0221,0.42,Twitter
36803.39,Food,25-34,Awareness,3360188,339889,41677,0.1115,0.11,TikTok
26494.47,Gaming,13-17,Conversion,2028909,320473,33886,0.1622,0.08,TikTok
45507.0,Services,55+,Conversion,3900923,193466,16181,0.0446,0.24,Twitter
22936.45,Tech,45-54,Awareness,1433807,115271,5843,0.0809,0.2,Twitter
48936.05,Food,13-17,Engagement,5226318,417364,49292,0.0819,0.12,TikTok
39780.1,E-commerce,55+,Engagement,2767091,116795,3318,0.0357,0.34,Twitter
40866.64,Food,18-24,Traffic,3544457,296782,33249,0.0896,0.14,TikTok
43741.0,E-commerce,55+,Conversion,3684995,145558,8613,0.0412,0.3,Twitter
22634.44,Food,45-54,Conversion,1844054,55075,3390,0.0236,0.41,Facebook
32398.95,Fashion,18-24,Awareness,2859855,297618,20704,0.0997,0.11,Instagram
29517.3,Services,18-24,Engagement,2919197,391437,46804,0.135,0.08,TikTok
42959.39,Fashion,45-54,Traffic,2955097,81476,2602,0.029,0.53,Facebook
33789.86,Services,25-34,Conversion,2768949,173672,16342,0.0679,0.19,Instagram
23391.61,Tech,35-44,Awareness,1488931,5824,672,0.001,4.02,Instagram
1820.5,Services,18-24,Conversion,132811,12343,1025,0.0921,0.15,Twitter
14455.51,Gaming,45-54,Conversion,656092,38723,3022,0.0517,0.37,Twitter
39598.3,Gaming,55+,Awareness,3118540,101803,5606,0.0229,0.39,Twitter
23706.54,Tech,35-44,Conversion,1256845,28579,1159,0.025,0.83,Facebook
33313.86,Services,55+,Engagement,1814772,36939,2355,0.0244,0.9,Facebook
48493.07,Services,18-24,Traffic,4619737,315617,25722,0.0641,0.15,TikTok
46610.98,Services,45-54,Traffic,5043870,15141,417,0.0027,3.08,Facebook
17531.74,Fashion,35-44,Awareness,1603808,160519,13643,0.1047,0.11,Instagram
28805.52,Fashion,35-44,Engagement,1975014,34097,1777,0.0211,0.84,Facebook
2789.78,Gaming,13-17,Conversion,219227,7897,540,0.0389,0.35,TikTok
20989.34,Fashion,13-17,Engagement,1321347,174023,15706,0.1379,0.12,TikTok
49255.42,E-commerce,18-24,Traffic,3244418,114165,14135,0.0338,0.43,Instagram
45637.69,Services,18-24,Awareness,3381103,462242,35155,0.1334,0.1,TikTok
40275.32,E-commerce,55+,Traffic,2262251,26172,1666,0.0209,1.54,Facebook
14455.88,E-commerce,25-34,Engagement,1136114,56388,6056,0.0521,0.26,Instagram
8204.58,Tech,35-44,Awareness,653214,4090,182,0.015,2.01,Facebook
5028.41,Food,18-24,Awareness,360804,35660,3852,0.1004,0.14,TikTok
43440.11,Services,13-17,Awareness,3612576,135823,3322,0.0412,0.32,Twitter
48625.37,Gaming,13-17,Engagement,4020671,558388,45992,0.1432,0.09,TikTok
42931.05,Fashion,18-24,Engagement,2723110,206888,19937,0.0846,0.21,Instagram
22890.01,Services,18-24,Awareness,1431870,158152,15968,0.1125,0.14,TikTok
19887.94,Fashion,45-54,Engagement,1084031,5293,344,0.0106,3.76,Facebook
44434.37,Services,35-44,Traffic,4378336,313786,20038,0.0728,0.14,Twitter
20203.71,Fashion,55+,Engagement,1776390,57213,3218,0.0351,0.35,Twitter
34137.82,Gaming,13-17,Traffic,2978978,477424,53184,0.1622,0.07,TikTok
34350.23,E-commerce,18-24,Awareness,2632988,254014,24407,0.1064,0.14,TikTok
19961.94,E-commerce,13-17,Engagement,1320824,112517,13001,0.09,0.18,TikTok
11182.31,E-commerce,35-44,Engagement,841437,16987,853,0.0183,0.66,Facebook
33701.99,Services,55+,Conversion,2690271,70424,4798,0.025,0.48,Facebook
3781.36,Fashion,13-17,Awareness,301430,51233,5234,0.1695,0.07,TikTok
4436.23,Gaming,45-54,Conversion,286265,4881,116,0.0211,0.91,Facebook
12036.13,Tech,35-44,Conversion,964477,71687,6597,0.074,0.17,Instagram
13350.73,E-commerce,45-54,Engagement,1027791,9827,777,0.009,1.36,Facebook
40544.4,Gaming,55+,Conversion,2691572,143555,9682,0.0475,0.28,Facebook
13619.23,Services,45-54,Engagement,729736,4054,203,0.0043,3.36,Facebook
38514.35,Services,18-24,Conversion,2252860,140663,2512,0.0666,0.27,Twitter
20042.64,Food,18-24,Conversion,1904510,49372,2875,0.0283,0.41,Twitter
48070.54,Fashion,25-34,Engagement,4247371,106469,5115,0.0213,0.45,Twitter
25865.77,Tech,18-24,Traffic,2066117,200920,7738,0.0988,0.13,Twitter
40503.77,Food,13-17,Awareness,3884487,242992,30119,0.0712,0.17,TikTok
9808.9,Services,25-34,Conversion,907792,22780,2067,0.025,0.43,Instagram
3626.45,Tech,55+,Conversion,163152,3268,99,0.0138,1.11,Facebook
13500.36,E-commerce,25-34,Awareness,1422981,72862,6646,0.0504,0.19,Instagram
36002.35,Food,35-44,Engagement,3133381,330877,30444,0.1034,0.11,Instagram
37806.47,E-commerce,35-44,Engagement,2853236,104355,9509,0.0399,0.36,Twitter
21521.61,Tech,25-34,Engagement,1994641,71986,3048,0.0471,0.3,Twitter
22675.78,Gaming,13-17,Engagement,1614341,107918,8268,0.0693,0.21,TikTok
26069.05,Tech,18-24,Awareness,2261422,178941,15001,0.0827,0.15,TikTok
11061.47,Gaming,13-17,Traffic,1143657,115788,12717,0.1039,0.1,TikTok
44982.63,Food,18-24,Conversion,4000708,400508,28277,0.1014,0.11,Instagram
13530.69,Services,45-54,Conversion,1058659,36621,1667,0.0309,0.37,Facebook
42965.51,Tech,18-24,Traffic,2658460,145900,8658,0.0565,0.29,Twitter
4844.76,Fashion,25-34,Conversion,335462,29683,1791,0.0986,0.16,Instagram
24438.65,Food,18-24,Conversion,2540040,214722,18781,0.0891,0.11,Instagram
42147.16,Gaming,25-34,Engagement,3170863,287038,26003,0.085,0.15,Instagram
15067.54,Food,18-24,Awareness,1451534,96588,8960,0.0744,0.16,Instagram
6795.53,Gaming,55+,Traffic,435933,13514,191,0.0276,0.5,Twitter
17480.68,E-commerce,35-44,Awareness,1693379,52719,2082,0.0367,0.33,Twitter
2933.35,Gaming,35-44,Awareness,156057,5358,296,0.0353,0.55,Twitter
22231.95,Tech,18-24,Traffic,2054144,89357,8797,0.0488,0.25,Instagram
30593.91,Services,13-17,Conversion,2321378,174702,20342,0.0729,0.18,TikTok
34913.87,Gaming,25-34,Conversion,2548468,141665,10983,0.0487,0.25,Twitter
45881.93,Tech,18-24,Awareness,2646909,119538,3876,0.0431,0.38,Twitter
45750.74,E-commerce,25-34,Awareness,3196738,133280,11765,0.0478,0.34,Instagram
49033.3,Tech,25-34,Conversion,2615180,181173,16846,0.0657,0.27,Instagram
18496.13,Food,18-24,Engagement,1691641,211251,19128,0.1315,0.09,TikTok
11174.17,Gaming,55+,Traffic,437026,22449,1909,0.0524,0.5,Twitter
43174.15,Food,18-24,Engagement,4863196,615298,66982,0.121,0.07,TikTok
19989.1,Food,18-24,Conversion,1304591,140954,19271,0.1,0.14,Instagram
19768.69,Services,18-24,Engagement,1370510,71040,5402,0.0549,0.28,Twitter
46574.98,Gaming,13-17,Awareness,4114649,253309,31179,0.0711,0.18,TikTok
28318.08,Tech,18-24,Traffic,1994933,158946,5902,0.0771,0.18,Twitter
28062.2,Tech,18-24,Awareness,2496499,405744,42000,0.1661,0.07,TikTok
30581.6,Food,35-44,Awareness,2205293,49999,4361,0.0176,0.61,Facebook
37866.19,Food,45-54,Awareness,4199272,150336,8549,0.033,0.25,Facebook
23203.57,Services,25-34,Awareness,2508668,146302,15697,0.0622,0.16,Instagram
48896.78,Services,35-44,Awareness,4058071,213778,8626,0.0427,0.23,Facebook
29122.37,E-commerce,45-54,Awareness,2600480,12687,704,0.0084,2.3,Facebook
4960.62,E-commerce,55+,Awareness,520621,22979,850,0.039,0.22,Facebook
24507.12,Fashion,13-17,Engagement,2090617,92152,9666,0.049,0.27,TikTok
17737.42,Services,18-24,Conversion,1303685,209376,18644,0.1518,0.08,TikTok
35269.67,Gaming,35-44,Awareness,2621671,62553,1685,0.0254,0.56,Twitter
26112.91,Gaming,18-24,Traffic,1957621,185934,10965,0.0997,0.14,TikTok
11395.44,Gaming,25-34,Conversion,1142917,9846,668,0.0247,1.16,Twitter
46553.15,Gaming,25-34,Awareness,4187713,320067,32354,0.0813,0.15,Instagram
26401.3,Tech,13-17,Engagement,2257864,291680,34934,0.1252,0.09,TikTok
16803.0,E-commerce,13-17,Conversion,1329805,174081,10412,0.1282,0.1,TikTok
5552.71,Food,18-24,Traffic,602209,17639,1300,0.0312,0.31,Twitter
38692.79,Gaming,18-24,Engagement,2458692,252767,3932,0.1043,0.15,TikTok
40236.9,Tech,25-34,Awareness,2953059,152389,13108,0.0618,0.26,Twitter
44511.96,Food,18-24,Conversion,3759842,543951,52692,0.1424,0.08,TikTok
35635.33,Fashion,35-44,Traffic,2399761,234090,24510,0.1063,0.15,Instagram
39897.7,Food,25-34,Awareness,3900550,307989,37382,0.0787,0.13,Instagram
25817.64,Services,25-34,Traffic,1644464,10650,534,0.0146,2.42,Instagram
25109.11,E-commerce,18-24,Traffic,2002989,65098,8616,0.0243,0.39,Instagram
5857.22,Tech,55+,Awareness,410139,1964,116,0.0138,2.98,Facebook
13912.68,Fashion,13-17,Engagement,1020437,139164,11231,0.1406,0.1,TikTok
28374.77,Fashion,18-24,Engagement,1643838,87673,6828,0.0517,0.32,Instagram
49593.05,E-commerce,18-24,Traffic,4911621,263490,27847,0.0477,0.19,Instagram
5117.73,Gaming,45-54,Traffic,425968,12354,766,0.0258,0.41,Facebook
43822.89,Food,18-24,Traffic,3293199,289420,30726,0.0857,0.15,TikTok
45491.43,Food,25-34,Traffic,3191252,382809,39181,0.1156,0.12,TikTok
31909.48,Gaming,18-24,Awareness,3714036,152762,8307,0.0387,0.21,Twitter
26281.02,Fashion,18-24,Engagement,1965999,206442,18377,0.1038,0.13,TikTok
39977.11,Fashion,13-17,Traffic,3893721,288067,20115,0.0751,0.14,TikTok
35082.46,Services,25-34,Traffic,2798407,146909,11862,0.0673,0.24,Instagram
41714.15,Gaming,45-54,Awareness,3570793,123510,5993,0.0315,0.34,Facebook
8868.36,Food,25-34,Traffic,566671,55089,5629,0.0873,0.16,Instagram
39422.93,E-commerce,18-24,Engagement,3292185,397148,26822,0.1172,0.1,TikTok
40620.57,Gaming,25-34,Awareness,3779413,326897,33217,0.08,0.12,TikTok
42392.74,E-commerce,25-34,Engagement,3650949,243470,20887,0.0736,0.17,Instagram
23630.72,Services,45-54,Traffic,1665743,73305,4425,0.0444,0.32,Facebook
1805.99,Food,18-24,Engagement,111024,10585,1563,0.0955,0.17,TikTok
17892.12,E-commerce,18-24,Conversion,1175185,94958,3618,0.0765,0.19,Instagram
39394.76,Fashion,55+,Engagement,2714220,32681,3539,0.0122,1.21,Facebook
9525.59,Tech,55+,Conversion,856871,19451,951,0.0174,0.49,Facebook
26740.72,E-commerce,13-17,Conversion,1807675,295976,18891,0.1621,0.09,TikTok
33863.07,Gaming,25-34,Conversion,3018453,308326,34505,0.0993,0.11,Instagram
20627.96,Gaming,45-54,Engagement,1485302,54301,2126,0.0313,0.38,Facebook
8551.28,Food,55+,Conversion,936477,24011,2020,0.0271,0.36,Facebook
25505.62,Food,18-24,Engagement,2268174,96877,6602,0.0357,0.26,Twitter
4452.89,Tech,35-44,Conversion,343935,18741,1748,0.0584,0.24,Twitter
1959.08,Services,18-24,Engagement,160479,6538,693,0.0399,0.3,Instagram
27682.63,Tech,55+,Traffic,2810233,35995,179,0.0173,0.77,Facebook
9427.62,Fashion,25-34,Traffic,830540,8659,316,0.0121,1.09,Twitter
3186.42,E-commerce,25-34,Awareness,230028,13397,1215,0.0551,0.24,Instagram
13588.01,Fashion,45-54,Traffic,1093811,48253,4155,0.0331,0.28,Facebook
2001.79,Services,55+,Traffic,221892,7616,430,0.0348,0.26,Facebook
33251.83,Fashion,55+,Awareness,2136402,31814,2392,0.0194,1.05,Twitter
23087.24,Gaming,25-34,Engagement,1907966,170228,27428,0.0829,0.14,Instagram
16275.51,Services,25-34,Traffic,1389893,43837,3996,0.0298,0.37,Instagram
41347.05,Tech,25-34,Awareness,4098179,167927,15887,0.0415,0.25,Twitter
35920.36,E-commerce,45-54,Awareness,3355101,92469,1546,0.0303,0.39,Twitter
10745.82,Gaming,55+,Awareness,1039625,45403,2562,0.0473,0.24,Twitter
6055.93,Services,18-24,Traffic,526358,39913,4959,0.0746,0.15,Instagram
21913.77,Gaming,45-54,Conversion,2062826,14188,1001,0.011,1.54,Facebook
23481.48,Fashion,55+,Traffic,1847382,66526,2004,0.0356,0.35,Twitter
49030.51,Gaming,25-34,Engagement,4018826,327194,27317,0.0769,0.15,Instagram
23737.03,Fashion,45-54,Engagement,2137536,13118,371,0.0012,1.81,Facebook
4199.92,Fashion,18-24,Traffic,310581,44429,1711,0.1505,0.09,TikTok
30325.03,Gaming,35-44,Conversion,2111677,57768,1390,0.0344,0.52,Facebook
47745.16,Tech,18-24,Engagement,4762021,416442,42225,0.0778,0.11,Instagram
42015.51,Tech,45-54,Conversion,2599344,100525,5610,0.0328,0.42,Facebook
20406.74,Fashion,35-44,Conversion,1287076,18708,1449,0.0097,1.09,Facebook
47669.06,Fashion,25-34,Traffic,2998952,254643,19607,0.0848,0.19,Instagram
39654.7,Gaming,18-24,Engagement,2998193,59336,4779,0.0151,0.67,Twitter
25138.95,Gaming,13-17,Traffic,1472298,160610,19276,0.1031,0.16,TikTok
12570.22,Food,18-24,Conversion,1220285,100273,3445,0.0879,0.13,Instagram
43082.27,E-commerce,18-24,Traffic,3594313,439318,26313,0.1235,0.1,TikTok
45933.45,Fashion,13-17,Engagement,3867993,592888,52060,0.1607,0.08,TikTok
8332.92,Services,45-54,Engagement,795978,33366,2291,0.0431,0.25,Twitter
1416.97,Fashion,45-54,Traffic,104483,1536,92,0.0249,0.92,Facebook
33777.02,Gaming,25-34,Traffic,3125131,159917,6698,0.0544,0.21,Twitter
24189.89,Food,45-54,Traffic,2182847,59413,3891,0.028,0.41,Twitter
13496.24,Tech,35-44,Engagement,906933,36781,2725,0.0357,0.37,Facebook
34442.51,Gaming,18-24,Awareness,1842587,124800,8181,0.0675,0.28,TikTok
16622.51,Food,18-24,Traffic,1075492,49720,4492,0.049,0.33,TikTok
42404.26,Services,18-24,Conversion,3579593,269961,40537,0.0743,0.16,TikTok
11142.74,E-commerce,35-44,Conversion,934938,36364,2183,0.0362,0.31,Twitter
17945.42,E-commerce,45-54,Traffic,1308138,27965,2712,0.0263,0.64,Twitter
25193.13,Services,18-24,Traffic,1814169,71241,8746,0.0346,0.35,Instagram
39063.84,Tech,35-44,Traffic,2558045,78801,7130,0.0203,0.5,Facebook
7349.74,Food,25-34,Engagement,684714,16409,1374,0.0252,0.45,Twitter
31287.15,Fashion,25-34,Awareness,2919426,69357,5065,0.0187,0.45,Twitter
46672.57,Services,13-17,Awareness,3049056,352911,42741,0.1194,0.13,TikTok
4442.96,Fashion,13-17,Traffic,266590,8555,570,0.0333,0.52,Twitter
49308.38,Gaming,13-17,Awareness,4816259,467564,29423,0.0986,0.11,TikTok
13210.09,Tech,13-17,Engagement,1016011,91248,8865,0.0929,0.14,TikTok
4915.72,Food,18-24,Awareness,393390,32456,1617,0.0819,0.15,Instagram
25944.53,Services,25-34,Awareness,2314964,133682,12804,0.0542,0.19,Instagram
48588.47,E-commerce,25-34,Traffic,2601130,82731,6141,0.0372,0.59,Instagram
26912.69,Food,35-44,Traffic,2437265,57671,5344,0.0197,0.47,Facebook
14097.03,Tech,18-24,Engagement,1216509,172277,17176,0.1406,0.08,TikTok
24047.35,Food,45-54,Conversion,2344566,85330,4771,0.0319,0.28,Facebook
45862.9,Services,35-44,Traffic,3326892,82907,4451,0.0292,0.55,Facebook
49583.91,Fashion,35-44,Conversion,4678162,178884,12639,0.0353,0.28,Twitter
25436.79,Fashion,45-54,Awareness,2118354,66966,3969,0.0357,0.38,Facebook
8169.62,Services,45-54,Conversion,405379,31514,2728,0.0736,0.26,Twitter
9141.91,Services,35-44,Awareness,748159,7507,251,0.0078,1.22,Facebook
18926.14,E-commerce,45-54,Engagement,1938459,0,0,0.004,18926.14,Facebook
18812.23,Fashion,35-44,Engagement,1138020,27278,1308,0.0271,0.69,Facebook
36085.89,Tech,35-44,Conversion,2595671,179290,12580,0.0644,0.2,Twitter
21008.26,Services,45-54,Engagement,1634706,54707,3178,0.0321,0.38,Facebook
8841.47,Gaming,35-44,Engagement,671474,21828,949,0.0314,0.41,Facebook
13566.06,Tech,55+,Traffic,1035852,35758,808,0.0325,0.38,Facebook
32028.63,E-commerce,35-44,Awareness,3037895,148022,10990,0.0435,0.22,Facebook
5600.56,Food,18-24,Awareness,365507,12148,819,0.0293,0.46,Twitter
10346.41,Gaming,35-44,Awareness,695831,25142,962,0.0235,0.41,Facebook
19662.96,Tech,18-24,Conversion,1272905,57437,7139,0.0408,0.34,Instagram
48894.88,E-commerce,55+,Engagement,4204652,140614,12659,0.0303,0.35,Facebook
7226.36,Services,18-24,Traffic,503454,24117,1426,0.0482,0.3,Instagram
30993.91,Gaming,35-44,Conversion,2883557,132688,7749,0.0431,0.23,Facebook
24221.2,Fashion,25-34,Engagement,1852228,151485,15656,0.0788,0.16,Instagram
6668.4,Services,25-34,Traffic,484891,35085,2324,0.0798,0.19,TikTok
24092.9,Gaming,55+,Conversion,1826829,54293,4108,0.0259,0.44,Facebook
30096.59,Gaming,18-24,Engagement,2251094,292981,11382,0.1228,0.1,TikTok
13380.46,Services,35-44,Traffic,1224497,36127,2704,0.028,0.37,Facebook
15904.08,Fashion,35-44,Conversion,1306197,29397,890,0.0209,0.54,Twitter
6271.85,Fashion,45-54,Conversion,493312,20990,211,0.0391,0.3,Twitter
9792.54,Tech,35-44,Awareness,908572,44067,4886,0.0515,0.22,Instagram
22912.02,Fashion,18-24,Conversion,2022942,193908,15669,0.0971,0.12,Instagram
22386.63,Food,13-17,Traffic,1899788,250131,30425,0.1218,0.09,TikTok
30809.41,Gaming,18-24,Traffic,2241684,361348,28578,0.1648,0.09,TikTok
42427.1,Food,55+,Engagement,3689794,90988,3511,0.0292,0.47,Twitter
48618.75,E-commerce,18-24,Traffic,3660271,13832,421,0.0042,3.51,Twitter
25839.16,Food,13-17,Conversion,1783069,177856,17690,0.1043,0.15,TikTok
37476.92,E-commerce,25-34,Traffic,4094351,380612,36478,0.0939,0.1,TikTok
2452.87,Food,13-17,Awareness,165502,22851,3709,0.1298,0.11,TikTok
45794.1,Services,35-44,Traffic,3531690,134306,14015,0.0373,0.34,Instagram
12391.24,Tech,35-44,Conversion,909264,11041,616,0.0106,1.12,Facebook
40618.25,Fashion,55+,Engagement,1690766,51852,2985,0.0304,0.78,Facebook
25158.46,E-commerce,18-24,Traffic,2035283,157970,16190,0.0857,0.16,TikTok
27335.81,Fashion,18-24,Awareness,1661351,55883,3418,0.0444,0.49,TikTok
19110.02,Food,25-34,Awareness,1523679,173181,17679,0.114,0.11,Instagram
1571.57,Services,45-54,Traffic,131716,3615,197,0.0192,0.43,Facebook
10472.34,Services,35-44,Conversion,850962,5673,206,0.0121,1.85,Facebook
36283.6,Food,45-54,Awareness,3859110,112902,6814,0.0233,0.32,Facebook
45364.53,Tech,18-24,Traffic,4306700,303628,31185,0.0749,0.15,TikTok
12295.24,Tech,25-34,Conversion,1156317,162049,14656,0.13,0.08,TikTok
13456.77,Services,25-34,Awareness,994682,73968,7120,0.0673,0.18,Instagram
17678.83,Food,45-54,Conversion,942349,29835,1256,0.0255,0.59,Facebook
37628.04,E-commerce,35-44,Engagement,2887601,70479,5258,0.0302,0.53,Facebook
43732.52,Gaming,18-24,Traffic,4261235,491097,51562,0.1131,0.09,Instagram
47741.28,Food,35-44,Conversion,3464190,308445,41982,0.0869,0.15,Instagram
4887.33,Services,25-34,Traffic,363784,68192,8993,0.1897,0.07,TikTok
19049.19,Tech,13-17,Traffic,1863174,129871,8239,0.072,0.15,Twitter
16171.52,Gaming,18-24,Conversion,1290332,168896,21375,0.1326,0.1,TikTok
37054.96,Gaming,35-44,Conversion,2186542,162500,14209,0.0733,0.23,Instagram
12166.51,Tech,55+,Conversion,934274,15827,1782,0.026,0.77,Facebook
39613.24,Services,45-54,Conversion,3374837,109993,4984,0.0357,0.36,Twitter
15384.11,E-commerce,25-34,Engagement,881502,52519,3375,0.0664,0.29,Instagram
45895.37,Food,25-34,Conversion,4320183,458117,37392,0.0985,0.1,TikTok
35387.39,Gaming,55+,Awareness,1347328,27086,2052,0.0199,1.31,Facebook
34616.87,Food,18-24,Awareness,3431591,277395,25668,0.0849,0.12,Instagram
44443.8,Gaming,25-34,Traffic,3264464,156460,4181,0.0416,0.28,Twitter
48544.7,Services,55+,Engagement,4099959,46608,2927,0.0114,1.04,Twitter
12528.59,Tech,25-34,Awareness,1361711,44623,4796,0.0341,0.28,Instagram
44715.19,Food,55+,Engagement,3977843,170189,10431,0.046,0.26,Facebook
20298.13,Fashion,25-34,Awareness,1883743,116019,12912,0.0612,0.17,Instagram
48662.38,Fashion,13-17,Awareness,2754702,366318,40403,0.1384,0.13,TikTok
12247.23,Food,13-17,Awareness,1023844,114904,4432,0.1048,0.11,TikTok
30250.78,Gaming,13-17,Conversion,2623998,369836,31661,0.1363,0.08,TikTok
15182.73,Food,35-44,Awareness,1548390,109066,10218,0.076,0.14,Instagram
31360.19,Tech,35-44,Traffic,2179709,51352,1617,0.0203,0.61,Facebook
49691.77,E-commerce,25-34,Conversion,3774734,62415,6165,0.0173,0.8,Instagram
26499.9,Services,55+,Awareness,1368677,27222,1335,0.014,0.97,Facebook
31345.79,Gaming,35-44,Traffic,2812760,207174,20210,0.0693,0.15,Instagram
24618.85,Food,25-34,Conversion,1575216,162209,20078,0.1067,0.15,Instagram
5634.64,E-commerce,35-44,Conversion,564495,31082,4316,0.0529,0.18,Instagram
8744.01,Gaming,18-24,Conversion,796064,60219,4882,0.0705,0.15,TikTok
44144.78,Services,45-54,Awareness,4156927,189959,7508,0.0449,0.23,Twitter
39122.84,Services,13-17,Awareness,2022550,276161,31673,0.1384,0.14,TikTok
43741.2,Gaming,25-34,Conversion,3412296,103542,8472,0.0312,0.42,Twitter
2023.76,Services,18-24,Traffic,143951,16505,1262,0.1239,0.12,TikTok
29810.1,Tech,18-24,Awareness,1977461,217530,13370,0.1043,0.14,TikTok
10957.55,E-commerce,35-44,Traffic,1271734,11558,492,0.0073,0.95,Facebook
5688.72,Food,18-24,Conversion,425675,13274,798,0.0305,0.43,Twitter
21986.52,E-commerce,55+,Conversion,2162464,97811,7454,0.0476,0.22,Twitter
13941.47,Food,25-34,Awareness,1079503,34462,2056,0.0315,0.4,Twitter
34054.5,Tech,45-54,Awareness,2258613,50337,2712,0.0202,0.68,Facebook
31479.41,Gaming,25-34,Engagement,2320723,242346,37560,0.1022,0.13,Instagram
3306.88,Food,45-54,Traffic,206305,3462,260,0.0175,0.95,Twitter
37541.78,Gaming,25-34,Traffic,3136264,523325,37955,0.1688,0.07,TikTok
20161.76,Food,13-17,Engagement,1612601,183878,13179,0.1131,0.11,TikTok
41988.88,Tech,55+,Awareness,2927432,202151,17209,0.0597,0.21,Twitter
18731.36,Services,13-17,Engagement,1653507,201789,25174,0.118,0.09,TikTok
21267.21,Fashion,18-24,Awareness,1166735,152790,10095,0.1259,0.14,TikTok
49633.2,Fashion,45-54,Awareness,3030860,52267,2808,0.0138,0.95,Twitter
46760.62,Services,35-44,Conversion,3962417,149377,10528,0.0339,0.31,Twitter
44161.39,Tech,25-34,Awareness,3705648,96169,10468,0.0288,0.46,Instagram
36521.62,E-commerce,13-17,Conversion,3099573,88249,6071,0.0345,0.41,Twitter
1236.01,Gaming,13-17,Awareness,83146,9606,835,0.1128,0.13,TikTok
2411.52,Food,18-24,Traffic,199973,6290,441,0.0316,0.38,Twitter
7083.43,Gaming,35-44,Awareness,544439,14460,1228,0.0177,0.49,Twitter
5148.54,Fashion,25-34,Awareness,348659,37910,2362,0.1123,0.14,Instagram
1052.15,Food,35-44,Engagement,95727,1821,110,0.014,0.58,Facebook
18937.21,Tech,18-24,Awareness,1201156,166594,14754,0.1338,0.11,TikTok
18528.01,Fashion,25-34,Traffic,1455845,65354,2391,0.045,0.28,Twitter
38969.48,Gaming,35-44,Conversion,3953411,23683,1520,0.001,1.65,Facebook
1260.63,E-commerce,18-24,Awareness,140435,20967,2364,0.1542,0.06,TikTok
14523.91,Tech,25-34,Awareness,1346613,49056,2993,0.0325,0.3,Instagram
24381.35,E-commerce,45-54,Traffic,1854264,68773,3706,0.044,0.35,Facebook
15397.41,Gaming,25-34,Conversion,1368877,106784,12551,0.078,0.14,Instagram
18357.01,E-commerce,18-24,Conversion,1643944,110782,12347,0.0814,0.17,TikTok
6969.56,Services,45-54,Engagement,448320,33083,2885,0.0688,0.21,Twitter
3806.46,Gaming,55+,Engagement,222141,4127,361,0.0162,0.92,Facebook
18140.93,Fashion,35-44,Traffic,1560761,30586,2425,0.0148,0.59,Facebook
3233.27,Tech,35-44,Engagement,223058,12382,1240,0.0578,0.26,Instagram
5769.16,Services,25-34,Awareness,508406,56837,7910,0.1217,0.1,TikTok
42803.07,Food,18-24,Engagement,3879841,436884,46421,0.108,0.1,TikTok
25297.98,Gaming,25-34,Conversion,2224001,259848,12559,0.1146,0.1,Instagram
25784.21,Gaming,45-54,Engagement,1158964,18842,845,0.0146,1.37,Facebook
48491.56,Food,18-24,Conversion,5068131,457397,43259,0.0932,0.11,Instagram
14403.72,E-commerce,18-24,Conversion,1331400,26111,2174,0.0213,0.55,Twitter
19039.54,Food,18-24,Awareness,1055817,135963,14150,0.1191,0.14,Instagram
41051.91,Food,13-17,Awareness,3929561,399123,44048,0.1069,0.1,TikTok
7033.16,Tech,55+,Engagement,675207,25777,1643,0.031,0.27,Facebook
20883.21,Gaming,35-44,Engagement,1733858,59347,3138,0.0359,0.35,Twitter
10521.88,Gaming,55+,Engagement,687390,11956,891,0.0249,0.88,Facebook
34087.3,Tech,35-44,Traffic,2434683,44675,3286,0.0214,0.76,Twitter
18890.22,Services,25-34,Engagement,1490259,100159,4779,0.0666,0.19,Twitter
1503.86,Tech,18-24,Engagement,94731,4919,269,0.0483,0.31,Twitter
8990.37,Fashion,18-24,Conversion,615333,107208,11315,0.1685,0.08,TikTok
37336.46,Services,35-44,Conversion,3361596,159694,13663,0.0462,0.23,Instagram
20872.01,E-commerce,18-24,Traffic,1345984,103999,7907,0.0731,0.2,Instagram
20311.62,Food,45-54,Awareness,1763530,8262,584,0.0093,2.46,Facebook
18292.53,E-commerce,55+,Conversion,1700630,35386,3874,0.0144,0.52,Facebook
25545.3,E-commerce,25-34,Traffic,2224053,74060,5594,0.0315,0.34,Twitter
12413.3,Fashion,55+,Engagement,556887,9917,820,0.0175,1.25,Facebook
47674.3,Tech,45-54,Awareness,2995933,0,0,0.001,47674.3,Facebook
35487.56,E-commerce,45-54,Traffic,2754132,43129,2201,0.0169,0.82,Facebook
3914.87,Food,35-44,Engagement,343484,25425,2242,0.0836,0.15,Instagram
20612.99,E-commerce,35-44,Traffic,1824229,71689,4511,0.0361,0.29,Facebook
5853.46,Tech,35-44,Engagement,383184,13442,693,0.0344,0.44,Facebook
17069.8,E-commerce,25-34,Awareness,1427019,20506,2498,0.0155,0.83,Instagram
39856.83,Tech,18-24,Traffic,3381637,276858,17863,0.0829,0.14,Instagram
36062.85,E-commerce,35-44,Awareness,2792078,130551,6910,0.0456,0.28,Twitter
39830.34,Services,35-44,Conversion,1964896,53281,2069,0.0214,0.75,Facebook
3455.69,Services,35-44,Traffic,256990,16962,1448,0.0693,0.2,Twitter
20789.26,Fashion,25-34,Conversion,2168025,61995,5666,0.0347,0.34,Instagram
26675.86,Food,45-54,Awareness,1976101,85667,3057,0.046,0.31,Twitter
44499.77,Fashion,45-54,Awareness,4322401,139842,7910,0.0266,0.32,Twitter
37249.82,Tech,35-44,Engagement,3309270,128088,11449,0.0468,0.29,Instagram
38467.12,Tech,35-44,Conversion,2667615,141416,12343,0.0636,0.27,Instagram
8520.11,E-commerce,25-34,Awareness,631809,8676,980,0.0195,0.98,Instagram
33304.76,Services,18-24,Traffic,2088022,204638,24362,0.0955,0.16,TikTok
29226.44,Gaming,13-17,Traffic,1695028,51268,3172,0.0293,0.57,Twitter
29859.08,Gaming,25-34,Traffic,1965191,133508,9463,0.0705,0.22,Instagram
39881.22,E-commerce,18-24,Engagement,2802254,370942,21890,0.128,0.11,TikTok
17905.93,Gaming,18-24,Engagement,1557190,115895,13196,0.0664,0.15,Instagram
47086.45,Tech,35-44,Engagement,2661578,111702,7234,0.0401,0.42,Facebook
13174.2,Gaming,13-17,Conversion,951824,134878,12971,0.1431,0.1,TikTok
21756.23,Services,25-34,Traffic,1524078,89588,5612,0.0577,0.24,Twitter
35280.04,Gaming,25-34,Traffic,2385383,45980,3188,0.0143,0.77,Twitter
25755.69,Fashion,45-54,Conversion,2466957,47595,2128,0.024,0.54,Facebook
17495.99,E-commerce,45-54,Engagement,1116255,19243,1273,0.0177,0.91,Facebook
27911.81,Gaming,25-34,Traffic,2179187,210147,19353,0.0968,0.13,Instagram
14017.53,Services,35-44,Traffic,1551527,25475,1683,0.0138,0.55,Facebook
32008.25,Services,25-34,Traffic,2658103,456201,61660,0.168,0.07,TikTok
22095.64,Fashion,13-17,Awareness,1513738,222759,24431,0.1439,0.1,TikTok
47390.57,Tech,35-44,Traffic,3430331,116816,8938,0.0426,0.41,Facebook
42730.69,Services,45-54,Conversion,3242461,199533,8590,0.0596,0.21,Twitter
6261.82,Tech,35-44,Engagement,625770,17943,700,0.0336,0.35,Facebook
23935.03,Food,55+,Conversion,2289846,42526,3178,0.0161,0.56,Facebook
47380.83,Services,18-24,Conversion,4787697,363560,17704,0.0738,0.13,Twitter
41782.54,Gaming,18-24,Traffic,3693469,361381,23011,0.0967,0.12,Instagram
29720.44,Tech,25-34,Conversion,1684429,56394,2114,0.0355,0.53,Twitter
24927.69,Fashion,25-34,Engagement,1908785,68531,1994,0.0326,0.36,Twitter
6802.3,Food,25-34,Engagement,567607,21856,1519,0.0314,0.31,Twitter
10022.47,Food,25-34,Conversion,858654,48097,4130,0.0578,0.21,Instagram
40011.95,Gaming,18-24,Traffic,2804736,75331,4283,0.0259,0.53,Twitter
10367.83,Food,18-24,Traffic,593055,8060,310,0.0203,1.29,Twitter
49499.66,Food,45-54,Traffic,5139386,170870,12990,0.0367,0.29,Facebook
13825.9,Tech,18-24,Conversion,1050150,162666,27551,0.1559,0.08,TikTok
15198.78,E-commerce,55+,Engagement,1275132,29010,2757,0.0189,0.52,Facebook
26747.25,Tech,18-24,Engagement,2186101,337177,31052,0.1581,0.08,TikTok
18811.44,Fashion,55+,Engagement,1172015,40721,2765,0.0349,0.46,Twitter
44401.88,E-commerce,45-54,Traffic,3359293,121372,12303,0.0319,0.37,Facebook
21023.69,Services,13-17,Conversion,1758562,197110,20119,0.1134,0.11,TikTok
32581.73,Food,35-44,Engagement,1846635,32628,2082,0.0233,1.0,Facebook
31543.35,Food,13-17,Engagement,2541236,302254,23079,0.1169,0.1,TikTok
20380.7,Gaming,35-44,Engagement,1453937,72079,2605,0.0475,0.28,Twitter
28966.77,Food,13-17,Traffic,2080793,152503,11743,0.0729,0.19,TikTok
17499.81,Fashion,18-24,Traffic,1428099,58826,4842,0.0365,0.3,Twitter
39454.36,Tech,45-54,Awareness,3196946,34801,1620,0.0185,1.13,Facebook
49878.64,Services,35-44,Awareness,4948887,241178,15220,0.0427,0.21,Twitter
24677.82,Gaming,25-34,Awareness,2196057,176272,15660,0.0861,0.14,Instagram
35611.53,Food,25-34,Awareness,3073561,538524,62576,0.166,0.07,TikTok
6410.33,Tech,45-54,Engagement,420156,28884,1833,0.0559,0.22,Twitter
6514.8,Tech,18-24,Awareness,444767,28171,822,0.059,0.23,Twitter
27636.09,Fashion,55+,Engagement,1873283,62870,5022,0.0307,0.44,Facebook
11526.06,E-commerce,13-17,Conversion,903860,48642,3041,0.06,0.24,TikTok
21885.23,Tech,55+,Conversion,1747291,19956,1571,0.0155,1.1,Facebook
18633.26,E-commerce,13-17,Engagement,1662774,204090,8513,0.123,0.09,TikTok
44779.67,Gaming,25-34,Traffic,4382478,505078,48962,0.118,0.09,Instagram
26653.43,Fashion,45-54,Engagement,2415085,73927,3863,0.0271,0.36,Twitter
7979.01,Fashion,55+,Traffic,500535,20941,1098,0.0363,0.38,Twitter
35313.61,Fashion,25-34,Traffic,2917701,402304,42495,0.1369,0.09,TikTok
48506.13,Services,18-24,Traffic,4655508,174512,11613,0.0367,0.28,Instagram
39663.54,E-commerce,18-24,Engagement,4553504,359226,16951,0.0803,0.11,TikTok
45582.21,Tech,25-34,Engagement,4194414,291907,20346,0.0666,0.16,Twitter
22031.52,Gaming,45-54,Engagement,1669077,24183,626,0.0201,0.91,Facebook
12981.04,Tech,25-34,Conversion,1065758,54946,3439,0.0489,0.24,Twitter
40784.38,Fashion,25-34,Awareness,3321245,362409,34483,0.1095,0.11,Instagram
34561.64,Food,45-54,Awareness,1839405,11341,925,0.0155,3.05,Twitter
12221.5,Tech,45-54,Traffic,967277,13130,1102,0.018,0.93,Facebook
9074.31,Tech,45-54,Awareness,560884,28792,1689,0.0474,0.32,Twitter
27806.93,Fashion,18-24,Traffic,2354749,270311,36885,0.1211,0.1,TikTok
49838.32,Food,35-44,Engagement,4206977,157128,7189,0.0356,0.32,Facebook
13802.01,Fashion,13-17,Awareness,1005740,28172,1072,0.0322,0.49,Twitter
38159.33,Tech,18-24,Awareness,2782625,143896,16249,0.0599,0.27,Instagram
10837.43,Tech,13-17,Conversion,655963,29327,4221,0.0404,0.37,TikTok
46492.24,E-commerce,45-54,Engagement,4712808,148728,10738,0.0299,0.31,Facebook
36969.14,Services,13-17,Engagement,3029305,206809,15886,0.0702,0.18,Twitter
25707.64,Gaming,18-24,Traffic,1684687,206793,11008,0.1249,0.12,TikTok
35480.84,Fashion,25-34,Awareness,2460588,56721,2197,0.0224,0.63,Twitter
11353.65,Gaming,18-24,Engagement,955377,80259,10160,0.0794,0.14,Instagram
21440.29,Gaming,13-17,Engagement,1285160,34812,2400,0.0287,0.62,Twitter
49861.62,Tech,25-34,Traffic,3268350,108325,11816,0.0296,0.46,Instagram
8439.01,Services,25-34,Conversion,573028,45523,1859,0.0707,0.19,Instagram
28700.38,Tech,13-17,Awareness,2758621,268146,31695,0.0961,0.11,TikTok
14878.84,Services,18-24,Awareness,1011898,47451,3124,0.0481,0.31,Twitter
38697.57,Tech,35-44,Traffic,3140841,120268,13632,0.0313,0.32,Instagram
5336.31,Services,25-34,Awareness,291376,238,26,0.0119,22.4,Instagram
40796.38,Food,13-17,Conversion,4209578,555071,38233,0.1314,0.07,TikTok
14014.09,Fashion,13-17,Traffic,1186092,39341,3472,0.026,0.36,Twitter
16929.36,Fashion,35-44,Awareness,1693504,53591,3611,0.0268,0.32,Twitter
801.12,E-commerce,25-34,Engagement,54416,4444,593,0.0901,0.18,Instagram
39887.1,E-commerce,13-17,Conversion,1516193,129256,13885,0.0788,0.31,TikTok
26573.9,Fashion,13-17,Traffic,2082746,278256,26042,0.1352,0.1,TikTok
30363.74,Food,18-24,Awareness,2592119,246843,23168,0.0968,0.12,Instagram
36997.11,Gaming,13-17,Traffic,2724556,111698,12350,0.0386,0.33,Twitter
4335.55,E-commerce,35-44,Engagement,319102,3533,307,0.013,1.23,Facebook
45836.59,Tech,13-17,Traffic,3130756,308824,43301,0.1021,0.15,TikTok
16702.0,Fashion,35-44,Awareness,1115647,34407,2219,0.0297,0.49,Facebook
47723.78,Services,25-34,Traffic,4424648,184955,10855,0.0407,0.26,Instagram
21396.68,Food,13-17,Conversion,1599592,28995,1957,0.0142,0.74,Twitter
8327.57,Food,55+,Conversion,653213,15988,879,0.0333,0.52,Facebook
5804.26,Food,35-44,Conversion,519279,6096,290,0.0091,0.95,Facebook
8201.72,Services,18-24,Conversion,635660,45268,1528,0.0657,0.18,Twitter
36139.47,Fashion,13-17,Awareness,3387242,407350,43503,0.1218,0.09,TikTok
44353.22,Gaming,55+,Traffic,2716924,101983,2325,0.0304,0.43,Facebook
15177.22,Services,18-24,Awareness,1001353,169564,13441,0.1646,0.09,TikTok
31363.64,Tech,25-34,Conversion,3071367,136238,14722,0.0468,0.23,Instagram
34099.69,E-commerce,18-24,Engagement,2337734,72227,2410,0.025,0.47,Twitter
25732.25,Food,25-34,Awareness,1870607,116645,10607,0.0621,0.22,Instagram
29145.68,Services,25-34,Conversion,2649563,120716,15074,0.0476,0.24,Instagram
21186.93,Services,18-24,Conversion,1680389,119409,16410,0.0665,0.18,Instagram
38328.91,E-commerce,18-24,Awareness,4297892,162207,7860,0.0434,0.24,Twitter
31558.23,Services,18-24,Engagement,3552732,511597,38583,0.1486,0.06,TikTok
37155.69,Tech,55+,Conversion,2275732,18002,962,0.0121,2.06,Facebook
39963.36,E-commerce,18-24,Traffic,3560529,199084,9612,0.059,0.2,Instagram
36276.72,Food,35-44,Traffic,2461880,67480,4874,0.0245,0.54,Facebook
15336.61,Food,18-24,Traffic,1013192,100202,10325,0.1066,0.15,TikTok
33678.05,Services,18-24,Conversion,3065014,223612,20108,0.0758,0.15,TikTok
11873.15,Gaming,13-17,Conversion,1167892,157539,11604,0.1339,0.08,TikTok
9171.16,Tech,13-17,Traffic,711234,33038,2709,0.042,0.28,Twitter
7332.37,Services,55+,Conversion,669429,20374,1084,0.0358,0.36,Twitter
47351.87,Tech,18-24,Awareness,4668469,236146,20706,0.0592,0.2,Instagram
44031.16,Gaming,18-24,Conversion,3564368,302939,52657,0.0868,0.15,Instagram
44570.57,Food,25-34,Awareness,4928529,114315,7947,0.0177,0.39,Twitter
9851.79,Services,35-44,Conversion,965886,17109,1030,0.0243,0.58,Facebook
3883.41,Food,35-44,Awareness,362625,7501,348,0.0268,0.52,Facebook
49584.09,Gaming,25-34,Traffic,5484099,571039,55436,0.0941,0.09,TikTok
16882.66,Gaming,35-44,Awareness,1330881,13334,393,0.0156,1.27,Facebook
13221.78,Food,13-17,Awareness,767743,28144,859,0.0373,0.47,Twitter
31147.78,Food,45-54,Traffic,2808125,118498,10708,0.0412,0.26,Twitter
16472.07,E-commerce,55+,Engagement,1926004,97757,4906,0.0435,0.17,Twitter
22600.66,Food,13-17,Engagement,1627963,225479,35472,0.134,0.1,TikTok
46535.33,Tech,25-34,Awareness,2605154,84883,12269,0.0295,0.55,Instagram
49498.44,Fashion,13-17,Traffic,3471194,256032,31464,0.07,0.19,TikTok
19294.14,Gaming,55+,Traffic,1164346,47776,3129,0.0421,0.4,Facebook
24807.86,Tech,18-24,Conversion,1952153,127638,5083,0.0686,0.19,Twitter
45565.35,Fashion,18-24,Traffic,3649703,381223,28870,0.1017,0.12,Instagram
44050.0,Gaming,55+,Traffic,2768633,108928,3495,0.0413,0.4,Twitter
45395.23,Tech,55+,Awareness,3443717,110530,8107,0.0235,0.41,Facebook
30842.38,Services,35-44,Awareness,2328808,81504,4788,0.035,0.38,Instagram
48677.37,Fashion,13-17,Conversion,4135627,397939,21774,0.0949,0.12,TikTok
40652.23,Food,25-34,Traffic,2546661,214505,28866,0.0876,0.19,Instagram
4352.26,Food,35-44,Conversion,328836,8587,362,0.0328,0.51,Twitter
42549.16,Fashion,25-34,Awareness,2856680,47982,3191,0.0158,0.89,Twitter
34817.08,Food,25-34,Conversion,2576825,195151,31468,0.0853,0.18,Instagram
22841.13,E-commerce,35-44,Awareness,2491147,78217,5289,0.0344,0.29,Twitter
30206.14,Services,13-17,Engagement,3456963,285620,22765,0.0896,0.11,Twitter
4049.67,Food,18-24,Conversion,345637,31718,3525,0.0846,0.13,Instagram
35198.0,Services,55+,Awareness,3268634,14979,1504,0.0128,2.35,Facebook
13733.56,E-commerce,25-34,Conversion,1208150,22368,1036,0.0191,0.61,Twitter
18717.06,Food,35-44,Engagement,1388715,17828,1083,0.0189,1.05,Facebook
29045.33,E-commerce,18-24,Traffic,2090582,260100,24500,0.1172,0.11,TikTok
40934.59,Gaming,18-24,Engagement,2942969,203444,14000,0.0816,0.2,Instagram
46366.69,Services,18-24,Conversion,4137377,686923,39725,0.1562,0.07,TikTok
27790.86,Fashion,45-54,Conversion,2710406,81999,2915,0.0352,0.34,Facebook
20346.47,Gaming,18-24,Engagement,1420131,164052,22640,0.1179,0.12,TikTok
23162.85,Tech,18-24,Engagement,2820512,160115,21596,0.0554,0.14,Instagram
10750.7,Fashion,18-24,Engagement,899843,110777,12540,0.1211,0.1,Instagram
33545.41,Food,18-24,Engagement,2578212,179948,13937,0.0707,0.19,TikTok
8305.59,Gaming,18-24,Awareness,837722,93822,9323,0.1104,0.09,TikTok
3199.71,Food,18-24,Awareness,338179,29403,2726,0.0867,0.11,TikTok
30996.88,Gaming,13-17,Awareness,1970861,267312,24040,0.1363,0.12,TikTok
10072.24,Food,45-54,Awareness,919546,32903,2899,0.0282,0.31,Facebook
5494.0,Gaming,25-34,Traffic,553311,61821,8294,0.1119,0.09,Instagram
6177.12,Services,55+,Conversion,362812,15108,1026,0.0347,0.41,Facebook
39040.77,Gaming,13-17,Conversion,3293036,481480,40365,0.1396,0.08,TikTok
45080.53,Gaming,18-24,Awareness,4965383,457536,44986,0.102,0.1,Instagram
18781.39,Services,45-54,Awareness,1737044,47224,3084,0.0264,0.4,Twitter
4058.53,Gaming,45-54,Conversion,280707,10349,646,0.0366,0.39,Twitter
19848.35,Fashion,18-24,Traffic,2287142,64200,1581,0.0291,0.31,Twitter
14230.1,Food,25-34,Awareness,1007340,5620,483,0.0066,2.53,Twitter
46822.15,E-commerce,55+,Awareness,3521893,82386,4182,0.022,0.57,Facebook
32637.52,Tech,55+,Awareness,3213749,212849,15517,0.0643,0.15,Twitter
47061.51,Tech,18-24,Awareness,3211250,102853,9561,0.0286,0.46,Instagram
14701.73,Services,35-44,Traffic,1282064,12515,669,0.0081,1.17,Facebook
28608.02,Services,18-24,Awareness,2611178,184936,9942,0.0767,0.15,Twitter
42837.76,Services,25-34,Engagement,3548139,190772,23716,0.0537,0.22,Instagram
13678.3,Food,18-24,Traffic,1361216,198512,15650,0.1558,0.07,TikTok
8385.72,Fashion,45-54,Awareness,501880,9829,787,0.0299,0.85,Facebook
37783.39,Gaming,55+,Traffic,2692937,65474,2552,0.0252,0.58,Twitter
26302.9,Services,25-34,Traffic,2285058,192436,29603,0.0878,0.14,TikTok
49372.04,Gaming,18-24,Engagement,4214558,404973,35471,0.0991,0.12,TikTok
7279.77,Tech,13-17,Engagement,533252,36101,2748,0.0643,0.2,Twitter
30689.74,Fashion,18-24,Conversion,1812748,267753,25692,0.152,0.11,TikTok
4079.37,E-commerce,25-34,Conversion,333961,13583,1407,0.0448,0.3,Instagram
2063.26,Food,25-34,Engagement,176090,3664,138,0.0242,0.56,Twitter
16696.4,Fashion,18-24,Engagement,1457287,78447,5283,0.0462,0.21,Twitter
12802.53,E-commerce,35-44,Traffic,1128938,18595,1086,0.0179,0.69,Facebook
40196.34,E-commerce,18-24,Engagement,3863892,559647,76545,0.1388,0.07,TikTok
36644.67,E-commerce,18-24,Awareness,3739162,113,7,0.0044,321.66,Instagram
36026.32,Tech,18-24,Conversion,2266562,214289,15123,0.1068,0.17,TikTok
30898.7,Tech,18-24,Awareness,2374139,129584,17191,0.049,0.24,Instagram
18281.94,Fashion,13-17,Traffic,1312736,176119,20469,0.1347,0.1,TikTok
14137.65,Gaming,13-17,Awareness,991148,73947,1675,0.0796,0.19,TikTok
40945.7,Services,35-44,Traffic,2585978,122713,10489,0.0349,0.33,Instagram
5478.99,Services,35-44,Traffic,424324,26080,1833,0.0619,0.21,Twitter
30892.76,Tech,13-17,Traffic,2263816,327709,28269,0.1428,0.09,TikTok
47365.19,Tech,25-34,Conversion,2486788,117349,3999,0.0421,0.4,Twitter
48006.12,Gaming,18-24,Traffic,3942493,287530,41367,0.0718,0.17,TikTok
44261.47,E-commerce,35-44,Conversion,3602907,52256,2891,0.0096,0.85,Facebook
17284.3,Fashion,18-24,Conversion,1290815,135797,15265,0.1005,0.13,TikTok
39165.28,Services,35-44,Awareness,3761847,87084,8249,0.022,0.45,Facebook
3558.79,Fashion,18-24,Traffic,354618,70646,8688,0.198,0.05,TikTok
37879.58,Tech,35-44,Engagement,4686145,145410,9815,0.0374,0.26,Instagram
5444.37,Gaming,13-17,Conversion,441064,7500,480,0.0173,0.73,Twitter
43657.88,Food,25-34,Traffic,2668493,180033,16313,0.0656,0.24,Instagram
14531.65,E-commerce,35-44,Engagement,1460314,75374,10216,0.0577,0.19,Instagram
49809.27,Food,18-24,Awareness,4578617,93153,7587,0.0223,0.53,Twitter
25569.83,Gaming,25-34,Traffic,1507365,163758,19678,0.1092,0.16,TikTok
1086.84,Gaming,25-34,Conversion,56609,2159,143,0.0369,0.5,Twitter
33068.57,Tech,55+,Conversion,1906036,153770,6957,0.0804,0.22,Twitter
33834.33,Food,18-24,Awareness,3158647,237144,9942,0.0737,0.14,Instagram
9869.5,Services,45-54,Awareness,762190,53272,4091,0.0774,0.19,Twitter
48676.41,Tech,25-34,Conversion,4270620,485794,41003,0.1056,0.1,TikTok
6123.32,E-commerce,55+,Awareness,405461,9904,693,0.0283,0.62,Facebook
8836.19,E-commerce,45-54,Engagement,527736,15262,835,0.0255,0.58,Facebook
6348.7,Tech,35-44,Awareness,511207,23850,1015,0.048,0.27,Twitter
2176.84,Fashion,35-44,Engagement,152581,22889,2639,0.1436,0.1,Instagram
999.48,Tech,18-24,Engagement,82458,4772,353,0.0621,0.21,Twitter
9461.99,Food,25-34,Traffic,813802,112602,14951,0.1501,0.08,TikTok
40678.35,Services,18-24,Traffic,3445877,211418,12724,0.0618,0.19,Twitter
44278.69,Tech,13-17,Engagement,4112554,137256,7603,0.0428,0.32,Twitter
27098.07,E-commerce,45-54,Conversion,2349034,106651,4314,0.0359,0.25,Facebook
10780.36,Gaming,35-44,Engagement,940189,19738,1201,0.0193,0.55,Twitter
46192.75,Services,25-34,Traffic,3411796,136346,9928,0.0328,0.34,Instagram
29081.77,Fashion,55+,Engagement,2725864,80620,2146,0.0235,0.36,Twitter
19388.01,Gaming,18-24,Conversion,1047090,131113,11139,0.1266,0.15,TikTok
32851.26,Tech,18-24,Traffic,2664656,315899,19418,0.1189,0.1,TikTok
41267.7,Gaming,13-17,Engagement,3074764,366855,43985,0.1271,0.11,TikTok
8907.05,Gaming,18-24,Engagement,445124,34598,2455,0.081,0.26,Instagram
19062.11,Services,25-34,Conversion,1453183,66079,6292,0.0367,0.29,Instagram
27351.07,E-commerce,25-34,Traffic,2295834,55741,3373,0.0356,0.49,Twitter
28460.03,Tech,35-44,Conversion,1818449,129510,4708,0.0691,0.22,Twitter
35658.51,Services,25-34,Conversion,2569394,182798,9684,0.0723,0.2,Instagram
19410.72,E-commerce,35-44,Traffic,1388250,40291,2881,0.0283,0.48,Facebook
13509.31,E-commerce,13-17,Engagement,1051031,133051,17096,0.1148,0.1,TikTok
27440.44,Fashion,18-24,Traffic,2228441,328279,26574,0.1467,0.08,TikTok
21994.72,Gaming,25-34,Conversion,1938359,165828,20612,0.0811,0.13,Instagram
23791.8,Services,13-17,Awareness,1414698,167430,19658,0.1205,0.14,TikTok
49331.11,Food,18-24,Traffic,2893560,278899,24689,0.0904,0.18,TikTok
49801.56,E-commerce,45-54,Engagement,3589954,51376,2882,0.0143,0.97,Facebook
25476.56,E-commerce,35-44,Conversion,2190039,155915,15529,0.0711,0.16,Instagram
42298.94,Fashion,25-34,Awareness,2859813,247145,20359,0.0895,0.17,Instagram
18338.72,Tech,25-34,Conversion,1721210,77036,4364,0.0472,0.24,Instagram
15904.67,Tech,25-34,Engagement,1345898,112938,13570,0.0883,0.14,TikTok
34834.92,E-commerce,35-44,Awareness,3280078,213908,29416,0.0711,0.16,Instagram
24442.18,E-commerce,35-44,Traffic,1884038,64051,3376,0.0405,0.38,Twitter
29268.67,E-commerce,35-44,Engagement,1923029,80525,5217,0.0401,0.36,Instagram
46649.13,Fashion,25-34,Conversion,2992519,227402,8371,0.0804,0.21,Instagram
47865.98,Gaming,45-54,Awareness,3301358,49210,1407,0.0139,0.97,Twitter
32088.68,Fashion,55+,Engagement,2237747,34891,1911,0.0191,0.92,Twitter
34060.75,E-commerce,55+,Engagement,2281602,29303,2083,0.0172,1.16,Facebook
25879.8,Fashion,35-44,Traffic,2003139,23181,2447,0.0116,1.12,Facebook
6742.75,Fashion,13-17,Traffic,637136,16573,1416,0.0317,0.41,Twitter
17702.46,Tech,35-44,Awareness,1530784,22542,1562,0.0096,0.79,Facebook
32768.33,Services,18-24,Conversion,3141385,186967,12835,0.0564,0.18,Twitter
15654.36,E-commerce,35-44,Traffic,1217962,24914,2131,0.0194,0.63,Facebook
18521.11,E-commerce,25-34,Engagement,1457061,96861,7328,0.0645,0.19,Instagram
29772.23,Tech,35-44,Engagement,2128118,5225,392,0.001,5.7,Facebook
40713.92,Gaming,45-54,Traffic,4703566,194580,17289,0.04,0.21,Twitter
40396.14,Tech,35-44,Conversion,1983107,50944,3291,0.0287,0.79,Facebook
15776.08,Food,18-24,Awareness,988918,126847,9951,0.134,0.12,TikTok
36337.99,Food,45-54,Awareness,3610947,57055,5209,0.0188,0.64,Facebook
34500.44,Food,18-24,Engagement,3072723,539192,57797,0.1737,0.06,TikTok
6517.05,E-commerce,13-17,Engagement,603022,71907,8269,0.1176,0.09,TikTok
36661.34,Services,13-17,Engagement,3752357,349733,39162,0.0958,0.1,TikTok
28231.44,Gaming,18-24,Awareness,2469594,191953,17140,0.0845,0.15,Instagram
39038.02,Fashion,55+,Engagement,2501745,16487,1055,0.0049,2.37,Facebook
38052.56,Gaming,25-34,Engagement,3797098,338398,45405,0.0863,0.11,Instagram
44720.41,Food,13-17,Engagement,3386089,550057,43222,0.1559,0.08,TikTok
26730.01,E-commerce,18-24,Traffic,1525511,170246,11328,0.11,0.16,TikTok
19656.45,E-commerce,13-17,Conversion,2101210,52954,3991,0.0231,0.37,Twitter
43324.89,Fashion,25-34,Traffic,3683803,176164,5188,0.0496,0.25,Twitter
33247.45,Gaming,18-24,Awareness,2433024,378278,47080,0.1606,0.09,TikTok
32522.95,Fashion,45-54,Engagement,2701894,66689,5561,0.0303,0.49,Facebook
47314.03,Tech,25-34,Engagement,5508962,94118,10040,0.0177,0.5,Instagram
47336.78,Food,18-24,Conversion,3913210,150181,11428,0.041,0.32,Twitter
49562.01,Fashion,13-17,Engagement,2852053,32822,740,0.0134,1.51,Twitter
19825.95,E-commerce,35-44,Traffic,1758458,50829,3663,0.0272,0.39,Facebook
45044.71,E-commerce,18-24,Conversion,2195254,71172,5142,0.0352,0.63,Twitter
7514.34,Fashion,45-54,Conversion,612020,17442,424,0.0212,0.43,Facebook
28027.72,Gaming,25-34,Awareness,2082429,132796,13043,0.0607,0.21,Instagram
36058.24,Food,18-24,Traffic,2181270,333934,50758,0.1479,0.11,TikTok
48448.81,Fashion,35-44,Traffic,3361024,114995,3500,0.0364,0.42,Twitter
5712.97,E-commerce,25-34,Awareness,562400,10231,863,0.0174,0.56,Instagram
24834.86,E-commerce,35-44,Traffic,1604850,25792,1923,0.0215,0.96,Facebook
15263.73,Fashion,45-54,Engagement,1251392,44330,2377,0.0379,0.34,Facebook
42332.81,Fashion,45-54,Traffic,2672197,0,0,0.0025,42332.81,Facebook
21183.18,Food,13-17,Conversion,2092325,93805,6813,0.0425,0.23,Twitter
11484.82,Fashion,25-34,Traffic,755522,57295,5478,0.0878,0.2,Instagram
36100.23,Food,25-34,Traffic,3005283,126462,6810,0.0499,0.29,Twitter
29772.95,E-commerce,25-34,Awareness,2576019,196919,13769,0.0841,0.15,Instagram
12859.21,Fashion,18-24,Conversion,1403871,154834,20284,0.1111,0.08,TikTok
37359.72,E-commerce,18-24,Awareness,3155516,279361,29211,0.0913,0.13,TikTok
47090.37,Tech,18-24,Traffic,4630966,548641,63300,0.1213,0.09,TikTok
14902.44,Services,18-24,Engagement,1438610,75864,8435,0.0577,0.2,Twitter
14940.33,Gaming,13-17,Traffic,1391663,184698,18018,0.15,0.08,TikTok
44570.55,Tech,25-34,Conversion,3559213,485569,32215,0.142,0.09,TikTok
28066.09,Gaming,18-24,Engagement,2139688,238351,22153,0.1032,0.12,TikTok
8878.95,Services,45-54,Traffic,778360,38216,1429,0.0522,0.23,Twitter
12885.12,Gaming,35-44,Conversion,824753,17798,694,0.0228,0.72,Facebook
13976.25,Tech,45-54,Conversion,1228447,110042,7819,0.0887,0.13,Twitter
34082.12,Food,25-34,Engagement,2298237,155561,12772,0.0711,0.22,Instagram
4281.41,Tech,13-17,Traffic,341150,54056,3795,0.1602,0.08,TikTok
4786.07,Gaming,25-34,Conversion,425611,35013,3797,0.0758,0.14,Instagram
12393.1,Fashion,18-24,Engagement,934196,65548,7852,0.0751,0.19,Instagram
1177.04,Fashion,13-17,Traffic,78357,7403,526,0.0908,0.16,TikTok
37951.91,Fashion,35-44,Awareness,3303296,56108,2403,0.0125,0.68,Facebook
44786.05,Tech,18-24,Traffic,3935294,187806,20295,0.0494,0.24,Instagram
21886.53,Services,25-34,Awareness,1668001,78366,5174,0.0591,0.28,Instagram
13320.42,Gaming,45-54,Traffic,1132888,15788,727,0.0167,0.84,Facebook
30150.01,Food,35-44,Awareness,2403892,40433,1999,0.017,0.75,Facebook
34536.27,E-commerce,35-44,Conversion,2057493,187166,17258,0.0825,0.18,Instagram
49029.38,Food,18-24,Conversion,3052878,89816,4061,0.0274,0.55,Twitter
46134.42,Fashion,55+,Awareness,2779482,43030,2869,0.0211,1.07,Facebook
43856.34,E-commerce,55+,Engagement,3539289,159627,10159,0.0436,0.27,Twitter
16899.19,Fashion,25-34,Conversion,1281573,117033,21188,0.0878,0.14,Instagram
20406.45,Gaming,18-24,Conversion,1701210,82808,8612,0.0469,0.25,Instagram
25610.01,Fashion,45-54,Engagement,2223893,43730,2578,0.0224,0.59,Twitter
38337.76,Gaming,13-17,Traffic,3604933,154007,10438,0.0414,0.25,Twitter
14014.66,Fashion,13-17,Engagement,1157145,198683,30723,0.1739,0.07,TikTok
2294.49,Tech,25-34,Awareness,168593,23281,1578,0.1369,0.1,TikTok
26472.22,E-commerce,55+,Conversion,2437406,87165,6587,0.0362,0.3,Twitter
17498.8,Gaming,18-24,Conversion,1876783,33765,1972,0.0179,0.52,Twitter
15834.09,Tech,55+,Traffic,902447,34753,1924,0.0363,0.46,Facebook
14302.46,Fashion,35-44,Awareness,985256,23481,245,0.0183,0.61,Facebook
37792.71,Fashion,55+,Conversion,3151199,91113,3398,0.0204,0.41,Facebook
39281.69,Fashion,35-44,Awareness,4401548,290443,18746,0.0627,0.14,Instagram
26260.23,Fashion,18-24,Awareness,2204998,268682,28679,0.121,0.1,Instagram
30615.02,Tech,18-24,Traffic,2554713,98747,9207,0.043,0.31,Instagram
19264.79,Tech,25-34,Conversion,2074820,148513,8442,0.073,0.13,Twitter
27882.58,Food,13-17,Awareness,2122949,267693,26941,0.1349,0.1,TikTok
45855.41,Tech,25-34,Awareness,5433298,267977,29626,0.0504,0.17,Instagram
5648.85,E-commerce,25-34,Traffic,460189,32571,2716,0.0616,0.17,Instagram
17859.77,Services,18-24,Awareness,1698584,34948,3151,0.0142,0.51,Instagram
16388.15,Gaming,25-34,Traffic,1376967,137798,7184,0.1107,0.12,Instagram
4144.1,E-commerce,18-24,Traffic,317397,14584,1002,0.0382,0.28,Instagram
28326.15,Gaming,45-54,Awareness,2440944,36053,2295,0.0157,0.79,Facebook
23947.71,Services,45-54,Conversion,1695402,130219,4050,0.0757,0.18,Twitter
46602.24,Tech,18-24,Conversion,4459477,206303,6013,0.0513,0.23,Twitter
9765.34,Food,35-44,Traffic,585014,47904,6178,0.0861,0.2,Instagram
2544.75,Gaming,55+,Awareness,223949,1311,50,0.0061,1.94,Facebook
48743.16,Food,18-24,Awareness,4355754,544147,70982,0.1294,0.09,TikTok
36386.05,Tech,45-54,Conversion,2164486,153394,6363,0.0738,0.24,Twitter
9752.02,Food,18-24,Awareness,607259,53760,5081,0.0912,0.18,TikTok
7484.34,Gaming,35-44,Traffic,274566,9076,242,0.0345,0.82,Facebook
14359.38,Services,13-17,Awareness,728356,60870,5544,0.0743,0.24,TikTok
7998.39,Gaming,18-24,Engagement,838823,83043,4463,0.0987,0.1,Instagram
33170.13,Gaming,18-24,Engagement,2597396,239772,26382,0.0878,0.14,Instagram
38596.0,Tech,18-24,Awareness,3263038,250225,12436,0.0753,0.15,Twitter
16962.39,Tech,55+,Awareness,1263230,33822,2084,0.0203,0.5,Facebook
5164.01,E-commerce,13-17,Conversion,478934,47918,7346,0.1096,0.11,TikTok
43437.44,Food,13-17,Awareness,2764638,355976,31954,0.1197,0.12,TikTok
8104.76,Fashion,18-24,Engagement,852285,118964,11605,0.1346,0.07,TikTok
12228.2,Gaming,25-34,Conversion,812194,65573,5043,0.0726,0.19,Instagram
2790.85,Tech,35-44,Conversion,263810,13764,928,0.0512,0.2,Instagram
24681.66,E-commerce,13-17,Conversion,1861621,79759,6345,0.0416,0.31,Twitter
585.38,Tech,18-24,Awareness,41657,2375,227,0.0561,0.25,Instagram
29344.83,E-commerce,13-17,Conversion,2273242,169726,15829,0.0764,0.17,TikTok
37785.2,Tech,18-24,Awareness,3681909,225111,15477,0.059,0.17,Twitter
40079.96,Food,18-24,Engagement,3051452,148881,8624,0.0424,0.27,Twitter
8730.58,Fashion,25-34,Conversion,423324,9701,517,0.0233,0.9,Twitter
18228.27,Services,35-44,Engagement,1313235,34906,2057,0.0194,0.52,Facebook
47521.28,E-commerce,35-44,Engagement,3024707,86116,8074,0.0271,0.55,Facebook
39001.7,E-commerce,13-17,Awareness,3573925,538570,54040,0.1412,0.07,TikTok
6549.47,Fashion,18-24,Traffic,244512,28884,2987,0.1177,0.23,TikTok
12315.69,Tech,18-24,Conversion,778362,70222,6325,0.0829,0.18,Instagram
46758.65,Gaming,18-24,Engagement,3459943,422375,37182,0.1168,0.11,TikTok
20836.74,Gaming,25-34,Awareness,1520124,110091,9532,0.0739,0.19,Instagram
39378.34,Fashion,18-24,Traffic,2820425,351744,47657,0.1197,0.11,TikTok
21464.44,Food,18-24,Traffic,1609497,101687,9169,0.0718,0.21,Instagram
40148.8,Fashion,13-17,Engagement,4473740,352280,47487,0.0768,0.11,TikTok
4244.41,Food,13-17,Traffic,287982,10422,915,0.0386,0.41,Twitter
35473.22,Gaming,45-54,Awareness,2861283,113777,7560,0.0381,0.31,Twitter
24874.33,Fashion,13-17,Engagement,2730779,371203,24693,0.139,0.07,TikTok
40818.14,E-commerce,13-17,Conversion,2712443,117390,8402,0.04,0.35,Twitter
38202.98,Food,45-54,Conversion,3084544,106254,6139,0.0379,0.36,Twitter
13475.49,Food,25-34,Traffic,1419572,99077,10867,0.0726,0.14,Instagram
3370.93,Services,45-54,Engagement,373340,11875,545,0.0339,0.28,Facebook
19338.51,Gaming,25-34,Traffic,1575360,112855,13483,0.0728,0.17,Instagram
18136.69,Fashion,25-34,Conversion,1137977,13278,733,0.0172,1.37,Twitter
14054.12,Tech,35-44,Awareness,1077266,60896,6190,0.0452,0.23,Instagram
20841.62,Food,18-24,Awareness,1705980,186381,24318,0.1074,0.11,TikTok
11136.12,Fashion,55+,Traffic,1059675,27807,1696,0.0219,0.4,Facebook
21223.9,Services,25-34,Conversion,2025367,120045,10772,0.0586,0.18,TikTok
2476.64,Fashion,55+,Awareness,157999,3240,231,0.0186,0.76,Facebook
31028.13,Tech,45-54,Conversion,2219271,156832,7189,0.0806,0.2,Twitter
1240.42,Tech,13-17,Engagement,99728,5716,333,0.0523,0.22,Twitter
31715.12,Fashion,25-34,Awareness,2659990,280223,16436,0.1081,0.11,TikTok
8120.89,Food,35-44,Awareness,784437,53853,1734,0.0714,0.15,Instagram
20293.01,Gaming,35-44,Engagement,2011928,50266,3034,0.0231,0.4,Facebook
38761.36,Gaming,25-34,Conversion,2482892,89470,4699,0.0334,0.43,Twitter
32859.14,Services,35-44,Awareness,2582449,99742,1849,0.037,0.33,Facebook
28550.04,Gaming,25-34,Conversion,2120509,54123,3720,0.0226,0.53,Twitter
22408.95,Tech,25-34,Traffic,1479319,75644,7244,0.0452,0.3,Instagram
17690.22,Tech,13-17,Awareness,1117740,175768,9138,0.1597,0.1,TikTok
47099.85,Gaming,45-54,Engagement,4423525,66884,4106,0.0208,0.7,Facebook
10533.07,Tech,18-24,Awareness,805924,60578,6328,0.0717,0.17,Instagram
24494.7,Food,18-24,Conversion,1715669,179339,15598,0.1057,0.14,TikTok
25941.34,Gaming,18-24,Traffic,1938469,308040,40613,0.153,0.08,TikTok
1518.29,Food,18-24,Awareness,108735,5225,311,0.0431,0.29,Twitter
7471.04,Services,25-34,Conversion,271722,20007,834,0.0797,0.37,Twitter
16046.83,Services,55+,Awareness,1421516,77804,7164,0.0505,0.21,Twitter
43252.97,Services,55+,Conversion,4365372,359514,22915,0.0746,0.12,Twitter
44170.78,Fashion,35-44,Engagement,4744922,394980,60795,0.0887,0.11,Instagram
17646.48,E-commerce,55+,Traffic,1297382,14357,638,0.0251,1.23,Facebook
16845.65,E-commerce,45-54,Conversion,1065639,28814,1070,0.0262,0.58,Facebook
10352.69,Fashion,35-44,Conversion,636069,64341,5214,0.1008,0.16,Instagram
43689.77,Food,18-24,Awareness,3352319,112905,2660,0.0309,0.39,Twitter
38182.94,Fashion,35-44,Traffic,2809493,321809,27105,0.1119,0.12,Instagram
13833.74,Services,13-17,Engagement,850441,101353,13706,0.1283,0.14,TikTok
25547.26,Services,25-34,Awareness,1962202,28763,2346,0.0153,0.89,Instagram
26874.83,Services,45-54,Conversion,2251855,50478,4346,0.0247,0.53,Facebook
12930.06,Tech,55+,Traffic,1249921,39197,2380,0.0275,0.33,Facebook
5779.43,Tech,35-44,Awareness,483073,15557,1264,0.0272,0.37,Instagram
5591.02,Gaming,18-24,Traffic,523419,16017,1385,0.0322,0.35,Twitter
46062.87,Fashion,55+,Engagement,3769725,79681,2531,0.0205,0.58,Twitter
8383.45,Fashion,55+,Conversion,753426,19837,1182,0.0353,0.42,Twitter
1360.74,E-commerce,45-54,Traffic,121279,3000,178,0.0229,0.45,Facebook
11616.15,Tech,45-54,Traffic,1036224,27126,2172,0.0238,0.43,Facebook
43016.16,Fashion,55+,Engagement,4798728,67819,5217,0.0104,0.63,Facebook
27081.86,E-commerce,18-24,Traffic,2013455,159685,14104,0.0855,0.17,Instagram
14851.89,Food,13-17,Awareness,1048147,174985,13541,0.1664,0.08,TikTok
33763.4,Services,35-44,Engagement,1848521,73906,7407,0.048,0.46,Instagram
45336.86,Services,18-24,Conversion,3378639,184912,7552,0.0603,0.25,Twitter
24369.71,Gaming,18-24,Engagement,2181137,57320,4294,0.0267,0.43,Twitter
35635.15,Food,45-54,Awareness,2972211,92484,5848,0.0263,0.39,Facebook
11903.55,E-commerce,18-24,Engagement,1064429,138169,20241,0.1381,0.09,TikTok
35305.36,E-commerce,13-17,Conversion,3345031,382326,44987,0.1202,0.09,TikTok
42196.66,E-commerce,13-17,Engagement,3503325,334001,42482,0.0898,0.13,TikTok
21027.16,Tech,25-34,Awareness,1737485,65738,3307,0.0352,0.32,Twitter
36760.38,Tech,13-17,Traffic,3234190,153130,16678,0.0525,0.24,Twitter
4733.46,Tech,35-44,Conversion,517339,25232,1581,0.0549,0.19,Twitter
7292.25,Gaming,35-44,Engagement,649993,23286,116,0.0337,0.31,Facebook
6178.26,Services,35-44,Engagement,474492,30409,2425,0.0586,0.2,Instagram
18507.41,Services,45-54,Awareness,1506494,71083,8626,0.0422,0.26,Facebook
12906.89,Services,35-44,Traffic,715849,22551,1428,0.0273,0.57,Facebook
4046.71,Tech,35-44,Traffic,352089,23975,1919,0.0616,0.17,Instagram
17580.02,E-commerce,13-17,Engagement,844769,60076,2861,0.068,0.29,TikTok
33837.75,Food,45-54,Conversion,3123717,70469,3812,0.0213,0.48,Facebook
25408.63,Gaming,25-34,Traffic,1711866,44079,3930,0.0276,0.58,Twitter
42201.38,E-commerce,35-44,Conversion,3661319,86655,7421,0.028,0.49,Facebook
27456.32,Tech,45-54,Traffic,2039389,87210,1765,0.0454,0.31,Twitter
27529.7,Gaming,35-44,Conversion,1820366,146424,18895,0.0797,0.19,Instagram
29209.17,E-commerce,35-44,Conversion,2091085,71104,4969,0.0393,0.41,Facebook
20125.53,Tech,35-44,Traffic,1721710,94391,7173,0.0554,0.21,Twitter
13264.28,Gaming,18-24,Engagement,1064980,81546,8995,0.0767,0.16,TikTok
25820.22,E-commerce,25-34,Engagement,2163014,70972,6317,0.0375,0.36,Twitter
38770.36,E-commerce,13-17,Traffic,3507954,380122,62621,0.1092,0.1,TikTok
20599.17,Services,18-24,Awareness,2001129,293305,31904,0.1475,0.07,TikTok
21034.97,E-commerce,45-54,Awareness,1962513,65032,4229,0.0386,0.32,Facebook
25035.24,Food,55+,Conversion,2019802,48396,3859,0.0243,0.52,Facebook
22832.81,Food,35-44,Conversion,1544207,120000,13226,0.0842,0.19,Instagram
1937.48,Tech,18-24,Engagement,148847,3891,49,0.0259,0.5,Twitter
17899.62,Food,35-44,Engagement,1278697,22623,1801,0.0168,0.79,Facebook
46417.87,Food,55+,Engagement,2997609,80371,3738,0.0327,0.58,Twitter
32938.64,Gaming,18-24,Traffic,2423690,321442,17322,0.1319,0.1,TikTok
29358.82,Food,55+,Conversion,2307370,18034,567,0.0225,1.63,Twitter
41445.74,Gaming,25-34,Awareness,4529018,533857,44699,0.1178,0.08,Instagram
11554.09,Gaming,25-34,Engagement,1075691,123462,12329,0.11,0.09,Instagram
32726.15,Fashion,25-34,Traffic,2188902,112696,13726,0.0568,0.29,Instagram
46949.07,Gaming,45-54,Conversion,4079575,195663,11911,0.0379,0.24,Twitter
21839.77,E-commerce,55+,Awareness,2119493,19231,1614,0.0134,1.14,Facebook
8368.77,Tech,35-44,Conversion,504653,13005,904,0.0285,0.64,Facebook
40358.45,Food,18-24,Engagement,3955424,84380,1954,0.0203,0.48,Twitter
14417.07,E-commerce,35-44,Awareness,1005762,25089,1976,0.0211,0.57,Twitter
28242.54,Services,13-17,Traffic,2504429,340756,43791,0.1353,0.08,TikTok
27376.02,Food,45-54,Conversion,2552783,1874,60,0.001,14.61,Facebook
49757.2,E-commerce,35-44,Awareness,4073921,56697,3797,0.0148,0.88,Facebook
26562.52,Services,45-54,Traffic,1546827,27446,1126,0.0198,0.97,Facebook
9748.3,Fashion,45-54,Conversion,902402,21448,880,0.0243,0.45,Facebook
39754.11,Services,35-44,Awareness,3727286,160381,24093,0.0461,0.25,Instagram
13411.14,Food,55+,Awareness,1088797,15683,1342,0.0109,0.86,Facebook
18451.64,Tech,35-44,Conversion,1527198,61040,6077,0.0291,0.3,Instagram
32013.73,Tech,35-44,Engagement,1997268,57304,3347,0.0293,0.56,Facebook
47734.73,Food,35-44,Conversion,3320342,330088,36693,0.1047,0.14,Instagram
15110.22,E-commerce,18-24,Traffic,677524,34634,2818,0.0468,0.44,Twitter
17546.16,E-commerce,25-34,Awareness,1341511,87271,10327,0.0673,0.2,Instagram
11318.15,Services,45-54,Engagement,826413,66626,2074,0.0753,0.17,Twitter
32865.0,E-commerce,35-44,Awareness,2708959,90663,4828,0.0317,0.36,Facebook
19356.82,E-commerce,18-24,Awareness,1495564,263142,21876,0.1821,0.07,TikTok
27892.93,Tech,18-24,Awareness,2223606,221683,26593,0.099,0.13,TikTok
16616.05,Gaming,55+,Traffic,1253760,22271,793,0.0246,0.75,Facebook
13997.07,Gaming,18-24,Conversion,1229049,137638,5422,0.1058,0.1,Instagram
22808.02,Fashion,13-17,Traffic,1961776,170557,17901,0.0943,0.13,TikTok
16295.22,Tech,25-34,Awareness,1300880,143606,12686,0.1166,0.11,TikTok
41937.4,Gaming,25-34,Conversion,2178370,147154,19252,0.062,0.28,Instagram
42247.89,E-commerce,25-34,Conversion,2499698,86255,5599,0.0445,0.49,Twitter
46053.42,Tech,45-54,Traffic,2716922,140554,12634,0.0521,0.33,Twitter
25199.87,Fashion,18-24,Awareness,2276429,203498,19126,0.0838,0.12,TikTok
18133.46,Gaming,13-17,Conversion,1282104,154434,14869,0.1223,0.12,TikTok
18106.53,E-commerce,18-24,Traffic,1633692,50484,5294,0.0292,0.36,Instagram
4291.02,Fashion,25-34,Engagement,398975,32041,1962,0.0883,0.13,Instagram
35182.56,Food,13-17,Conversion,2856992,372396,41382,0.1177,0.09,TikTok
23656.81,E-commerce,45-54,Traffic,1796149,97407,4711,0.0576,0.24,Twitter
27624.41,Tech,13-17,Awareness,2679305,295366,24776,0.106,0.09,TikTok
18626.74,Tech,13-17,Conversion,1631665,109848,6973,0.0706,0.17,Twitter
44171.53,E-commerce,18-24,Traffic,2851467,219918,21832,0.0816,0.2,Instagram
36271.16,E-commerce,25-34,Conversion,3070401,171453,14042,0.057,0.21,Instagram
35427.38,Fashion,13-17,Awareness,3566432,474010,44831,0.1398,0.07,TikTok
21589.79,Services,55+,Awareness,1797610,74511,2545,0.0344,0.29,Facebook
24195.76,E-commerce,13-17,Conversion,1437924,49153,3187,0.0433,0.49,Twitter
30651.47,Food,13-17,Awareness,2998876,374918,33480,0.1236,0.08,TikTok
25970.38,Fashion,13-17,Engagement,2176533,302231,26357,0.1401,0.09,TikTok
32870.21,Food,25-34,Awareness,3496358,203634,19810,0.0593,0.16,Instagram
33700.92,Fashion,13-17,Awareness,3110438,114586,5698,0.0401,0.29,Twitter
5545.63,Services,13-17,Awareness,397772,58005,6055,0.1534,0.1,TikTok
13726.76,Gaming,35-44,Awareness,1133132,4516,163,0.0048,3.04,Facebook
10195.67,Services,18-24,Conversion,811780,34066,2041,0.0503,0.3,Twitter
10716.14,Gaming,45-54,Awareness,758828,14697,498,0.0217,0.73,Facebook
30635.7,Tech,35-44,Conversion,3328091,35647,1634,0.0126,0.86,Facebook
23385.63,Fashion,35-44,Traffic,1661527,145169,16251,0.0909,0.16,Instagram
27855.41,E-commerce,45-54,Conversion,2614919,53271,2824,0.016,0.52,Facebook
23031.58,Food,45-54,Conversion,980604,36839,2082,0.0359,0.63,Facebook
23429.87,Services,13-17,Conversion,1970850,280862,7610,0.1485,0.08,TikTok
10121.27,Fashion,55+,Awareness,606567,18556,683,0.0322,0.55,Facebook
33328.19,Food,13-17,Engagement,1500162,244593,34762,0.1537,0.14,TikTok
7593.15,Fashion,18-24,Awareness,524814,57275,4166,0.1051,0.13,Instagram
48534.0,E-commerce,18-24,Awareness,2255767,259475,13506,0.1113,0.19,TikTok
34896.91,Tech,35-44,Awareness,2820902,110302,11539,0.0425,0.32,Twitter
34408.98,Fashion,18-24,Engagement,3236209,266401,27969,0.0783,0.13,Instagram
680.51,Fashion,55+,Conversion,61278,2076,116,0.0324,0.33,Facebook
13827.04,E-commerce,45-54,Conversion,765055,20721,1352,0.0318,0.67,Facebook
15284.86,E-commerce,18-24,Awareness,1205320,48761,2818,0.0421,0.31,Instagram
5905.26,Gaming,45-54,Conversion,697010,20297,1109,0.0287,0.29,Facebook
34443.48,Tech,55+,Traffic,2418673,135268,12211,0.0595,0.25,Twitter
9603.57,Food,55+,Traffic,866733,14415,894,0.028,0.67,Twitter
37659.12,Services,35-44,Traffic,2729343,103543,11466,0.0288,0.36,Instagram
39070.65,Gaming,18-24,Conversion,2807080,325103,41557,0.1185,0.12,TikTok
8080.83,Fashion,25-34,Traffic,893718,92566,11122,0.1019,0.09,TikTok
27813.61,Gaming,35-44,Traffic,2111136,61966,5624,0.0226,0.45,Facebook
18870.42,Food,35-44,Traffic,1449422,42388,3113,0.0281,0.45,Facebook
25858.0,Gaming,18-24,Engagement,2365478,296821,23170,0.1179,0.09,Instagram
17383.07,Fashion,35-44,Engagement,1658680,46221,2631,0.0263,0.38,Facebook
30924.8,Services,55+,Conversion,2849121,58729,5324,0.0145,0.53,Facebook
22856.02,Gaming,45-54,Traffic,1730041,37198,1811,0.0208,0.61,Facebook
36464.66,Food,18-24,Awareness,2798246,92870,4340,0.0376,0.39,Twitter
39733.06,Tech,45-54,Engagement,2936966,74781,1827,0.0228,0.53,Facebook
8894.51,Gaming,25-34,Awareness,709960,52534,5764,0.0706,0.17,TikTok
25025.84,Fashion,25-34,Awareness,2351600,292746,33418,0.1255,0.09,TikTok
15270.35,Services,25-34,Conversion,1392470,101463,3738,0.0738,0.15,Twitter
20789.09,E-commerce,18-24,Traffic,1574311,43353,3464,0.0293,0.48,Instagram
24982.02,Food,35-44,Traffic,2084352,57347,1602,0.0254,0.44,Facebook
25542.91,Food,18-24,Engagement,2450630,218894,19626,0.0876,0.12,Instagram
34282.58,Tech,13-17,Engagement,2891102,203821,17288,0.073,0.17,Twitter
37629.16,Fashion,35-44,Engagement,3762846,67912,4102,0.0143,0.55,Facebook
29836.87,Fashion,18-24,Traffic,2786374,394326,37115,0.1466,0.08,TikTok
16590.05,E-commerce,18-24,Conversion,966420,36925,2191,0.044,0.45,Twitter
7637.38,E-commerce,35-44,Engagement,687960,17160,825,0.0326,0.45,Facebook
39043.28,Services,25-34,Engagement,3099422,341341,42897,0.1122,0.11,TikTok
14772.9,Services,18-24,Engagement,739888,116976,14753,0.1529,0.13,TikTok
6030.53,Services,13-17,Awareness,452077,47982,4480,0.1074,0.13,TikTok
7983.55,E-commerce,18-24,Engagement,831820,94498,9619,0.1171,0.08,TikTok
21585.67,Services,18-24,Conversion,1250110,50187,6333,0.044,0.43,Instagram
36084.46,Fashion,35-44,Engagement,2945931,375846,50609,0.1281,0.1,Instagram
30944.85,Gaming,13-17,Traffic,2645094,105910,8039,0.0386,0.29,Twitter
11429.5,Gaming,45-54,Conversion,1332317,64167,2826,0.048,0.18,Facebook
46920.49,Gaming,18-24,Engagement,4148306,520696,55854,0.1235,0.09,Instagram
11671.41,Fashion,45-54,Conversion,961453,6786,550,0.0102,1.72,Facebook
17088.65,E-commerce,25-34,Conversion,1373969,76643,8838,0.0558,0.22,Instagram
22336.87,Tech,13-17,Engagement,2205572,164457,11361,0.0796,0.14,Twitter
23261.21,Services,35-44,Engagement,2423461,171164,8707,0.0646,0.14,Twitter
2017.64,Tech,18-24,Engagement,167909,5147,349,0.0263,0.39,Instagram
38339.43,Food,18-24,Conversion,3337898,640527,73230,0.1887,0.06,TikTok
9140.5,Services,25-34,Awareness,665873,105402,9309,0.153,0.09,TikTok
3142.09,Tech,25-34,Traffic,174904,10402,1081,0.06,0.3,Instagram
39034.18,Gaming,13-17,Awareness,3331456,252126,28945,0.0724,0.15,TikTok
35621.64,Tech,45-54,Awareness,3428978,110640,4348,0.0262,0.32,Facebook
19836.71,Services,45-54,Conversion,1872992,54767,2633,0.029,0.36,Facebook
33353.85,E-commerce,45-54,Awareness,2932246,99572,8088,0.0292,0.33,Facebook
32946.74,Fashion,25-34,Engagement,2351518,103219,10746,0.0443,0.32,Instagram
34137.82,Food,35-44,Awareness,1520669,47548,2921,0.0263,0.72,Facebook
10755.48,E-commerce,18-24,Awareness,1014226,23828,2695,0.0237,0.45,Instagram
15654.88,Fashion,13-17,Traffic,1233428,155097,10744,0.1346,0.1,TikTok
24195.73,Tech,13-17,Conversion,2296889,332375,30189,0.1406,0.07,TikTok
9722.33,Tech,55+,Conversion,846197,11950,683,0.0171,0.81,Facebook
27921.62,Tech,45-54,Engagement,2034220,19066,1387,0.0157,1.46,Facebook
32654.26,Tech,18-24,Traffic,2814197,201966,10119,0.0689,0.16,Instagram
12849.44,Food,35-44,Traffic,951037,13982,608,0.0126,0.92,Twitter
19416.14,Tech,18-24,Engagement,1527545,175989,19147,0.1119,0.11,TikTok
3282.37,Services,45-54,Awareness,297404,8563,637,0.0324,0.38,Facebook
9236.81,Food,25-34,Awareness,633290,50895,2540,0.0726,0.18,Instagram
25138.47,E-commerce,35-44,Traffic,1833876,57065,2208,0.031,0.44,Twitter
31064.1,Services,45-54,Awareness,1891813,45874,2629,0.0223,0.68,Facebook
4637.32,Fashion,35-44,Traffic,438829,31910,4864,0.0705,0.15,Instagram
32128.31,Gaming,25-34,Traffic,2344650,280743,24548,0.1253,0.11,TikTok
2773.04,Services,13-17,Awareness,214048,19680,2977,0.0943,0.14,TikTok
30165.37,Food,13-17,Conversion,2763713,461790,24812,0.1727,0.07,TikTok
31634.93,E-commerce,55+,Conversion,2620543,83480,5112,0.0267,0.38,Twitter
14936.83,Services,25-34,Traffic,1502409,74002,5003,0.0468,0.2,Instagram
39868.61,Tech,45-54,Traffic,3022070,96022,7215,0.0274,0.42,Facebook
16619.42,Services,18-24,Engagement,1027944,67844,5587,0.072,0.24,Twitter
19599.84,Tech,18-24,Awareness,2084276,145631,12551,0.0738,0.13,Instagram
39931.25,Tech,25-34,Awareness,3710866,434097,44463,0.106,0.09,TikTok
36587.36,Services,18-24,Traffic,3228059,186450,9092,0.0515,0.2,Twitter
35488.8,Food,25-34,Traffic,2237291,303874,31424,0.1348,0.12,TikTok
17561.32,Gaming,35-44,Engagement,1620260,11334,871,0.0029,1.55,Facebook
23574.04,Tech,25-34,Awareness,1571795,142521,14323,0.0857,0.17,Instagram
45844.41,Gaming,18-24,Engagement,4355882,43092,3460,0.0119,1.06,Twitter
18252.96,Gaming,45-54,Engagement,1607090,35582,2827,0.0235,0.51,Facebook
29610.59,Food,18-24,Awareness,1582903,112118,7132,0.0712,0.26,TikTok
21735.26,Tech,35-44,Awareness,1696835,38498,2442,0.0141,0.56,Facebook
33777.44,Food,13-17,Conversion,3597466,126692,7369,0.0414,0.27,Twitter
23232.25,Gaming,45-54,Engagement,2146235,76908,3280,0.0282,0.3,Twitter
22964.98,Services,35-44,Engagement,1969042,88328,5055,0.0449,0.26,Instagram
12687.14,E-commerce,18-24,Engagement,1273734,36946,3787,0.0181,0.34,Instagram
36563.98,Fashion,13-17,Engagement,3381487,299354,21186,0.0844,0.12,TikTok
12698.5,Food,13-17,Awareness,1040414,169336,14644,0.1559,0.07,TikTok
13365.87,E-commerce,18-24,Awareness,1279462,103152,13892,0.0754,0.13,Instagram
4010.22,Services,18-24,Engagement,368829,37907,3572,0.1089,0.11,TikTok
19510.35,Fashion,18-24,Traffic,1566090,263006,32874,0.1746,0.07,TikTok
2639.39,Fashion,35-44,Conversion,176370,16594,1623,0.1005,0.16,Instagram
20316.1,Gaming,13-17,Engagement,1778372,188601,19910,0.1014,0.11,TikTok
18934.97,Tech,18-24,Traffic,1365013,171133,10793,0.1177,0.11,TikTok
25487.7,Gaming,18-24,Engagement,1778534,165783,17881,0.0938,0.15,Instagram
21916.68,E-commerce,35-44,Traffic,1526836,29872,2191,0.0213,0.73,Facebook
23304.6,Gaming,13-17,Engagement,2177705,269210,33075,0.123,0.09,TikTok
28999.08,Food,18-24,Awareness,1552087,52127,6330,0.0406,0.56,Instagram
6021.72,Gaming,18-24,Awareness,523012,58290,8952,0.1007,0.1,Instagram
27882.25,Gaming,55+,Engagement,1908076,56905,3883,0.0276,0.49,Facebook
31868.63,Tech,13-17,Traffic,2756056,429047,37260,0.1559,0.07,TikTok
32748.07,Gaming,45-54,Engagement,2610177,36947,1414,0.016,0.89,Facebook
45914.3,Tech,45-54,Awareness,3177528,74268,4248,0.0234,0.62,Facebook
38277.13,Fashion,25-34,Awareness,3075032,334651,42441,0.1086,0.11,Instagram
20081.31,Gaming,45-54,Conversion,1441194,30961,2140,0.0201,0.65,Twitter
15467.27,E-commerce,18-24,Traffic,945514,119658,10041,0.1227,0.13,TikTok
40984.77,Tech,13-17,Awareness,3433217,364031,19927,0.1127,0.11,TikTok
32843.04,Food,45-54,Awareness,3339521,26431,1518,0.0093,1.24,Facebook
12029.2,Gaming,18-24,Engagement,738463,99052,8280,0.1371,0.12,TikTok
26531.7,Gaming,18-24,Engagement,1890239,163949,13786,0.0919,0.16,Instagram
47546.89,Tech,45-54,Conversion,4716400,102267,8026,0.0219,0.46,Facebook
32580.31,E-commerce,35-44,Awareness,1728054,65926,4116,0.0413,0.49,Instagram
20083.06,Fashion,25-34,Awareness,1457679,152187,19515,0.1111,0.13,Instagram
31195.42,Gaming,45-54,Traffic,2709201,50575,2305,0.0214,0.62,Facebook
28696.69,Services,45-54,Conversion,2917965,127069,5292,0.041,0.23,Facebook
1726.32,E-commerce,18-24,Engagement,155081,13155,901,0.0829,0.13,TikTok
23679.41,Tech,25-34,Conversion,2211154,177011,25643,0.0797,0.13,Instagram
17410.0,Gaming,18-24,Traffic,1294289,45794,2778,0.0338,0.38,Twitter
13809.31,Tech,13-17,Engagement,751086,102573,19614,0.1395,0.13,TikTok
6739.6,Tech,18-24,Engagement,481857,12690,1529,0.0283,0.53,Instagram
3249.59,Gaming,35-44,Awareness,284654,11718,782,0.0408,0.28,Facebook
36635.54,Gaming,25-34,Awareness,2923225,100087,4467,0.0386,0.37,Twitter
18150.49,Fashion,35-44,Traffic,1508133,51833,2566,0.0319,0.35,Facebook
39574.46,E-commerce,25-34,Engagement,3229277,134079,8093,0.0378,0.3,Instagram
9578.77,E-commerce,18-24,Awareness,680067,91528,11196,0.1376,0.1,TikTok
23931.03,Fashion,18-24,Conversion,2602131,231568,29718,0.0888,0.1,TikTok
33225.11,Gaming,45-54,Engagement,2295475,98708,4627,0.0377,0.34,Facebook
28434.89,E-commerce,35-44,Awareness,2604298,150269,22773,0.0558,0.19,Instagram
5644.8,Fashion,18-24,Traffic,489631,60774,4364,0.1171,0.09,TikTok
24968.56,Fashion,25-34,Traffic,1409812,159625,16426,0.1159,0.16,Instagram
17130.2,Tech,35-44,Traffic,1310312,42055,2841,0.0228,0.41,Facebook
24699.35,Food,45-54,Engagement,2346145,49913,1723,0.0203,0.49,Facebook
34492.47,Fashion,35-44,Engagement,1822711,208476,16313,0.1142,0.17,Instagram
5438.47,E-commerce,25-34,Traffic,445292,23245,2232,0.0561,0.23,Instagram
3853.99,Tech,18-24,Engagement,312791,18749,1221,0.054,0.21,Twitter
29986.83,E-commerce,35-44,Awareness,2434036,71452,4734,0.0279,0.42,Twitter
34092.04,Gaming,55+,Traffic,3334035,71738,3937,0.0174,0.48,Twitter
34865.22,Tech,55+,Engagement,2692261,97018,4553,0.0343,0.36,Facebook
22579.83,Tech,13-17,Traffic,1252175,141401,8374,0.1055,0.16,TikTok
2745.89,Tech,18-24,Conversion,208441,25482,2769,0.1156,0.11,TikTok
31254.45,Fashion,18-24,Conversion,2329556,141295,6986,0.0605,0.22,Instagram
28901.58,Fashion,18-24,Engagement,1883480,180800,20015,0.0917,0.16,TikTok
30761.98,Food,18-24,Traffic,3044907,454115,37234,0.1501,0.07,TikTok
8919.03,Services,25-34,Engagement,799752,18218,1775,0.0175,0.49,Instagram
2378.51,Services,55+,Engagement,196332,2913,133,0.0296,0.82,Facebook
10248.59,Services,18-24,Engagement,848198,112001,10946,0.1273,0.09,TikTok
8765.41,Food,18-24,Engagement,831642,49047,3070,0.0599,0.18,Instagram
22646.87,Tech,25-34,Conversion,1784499,115159,9756,0.0627,0.2,Instagram
48160.41,Gaming,18-24,Awareness,4058399,537145,83058,0.1313,0.09,TikTok
8556.08,E-commerce,13-17,Traffic,756274,125192,17124,0.1614,0.07,TikTok
35180.91,Tech,13-17,Engagement,3743461,595247,41901,0.1589,0.06,TikTok
32634.87,Fashion,35-44,Engagement,2908780,111771,6409,0.0363,0.29,Facebook
873.28,Gaming,35-44,Awareness,65577,2855,85,0.0308,0.31,Facebook
42359.33,E-commerce,45-54,Engagement,3589391,91197,2872,0.0239,0.46,Facebook
44509.21,Tech,18-24,Traffic,2855505,170376,18722,0.0588,0.26,TikTok
5286.57,Gaming,55+,Conversion,439821,18656,1646,0.0481,0.28,Facebook
14630.16,Food,13-17,Conversion,1300825,24905,1336,0.0228,0.59,Twitter
40230.21,Services,25-34,Awareness,1990100,87513,6986,0.0538,0.46,Instagram
1576.17,Services,13-17,Conversion,134346,23464,2949,0.1731,0.07,TikTok
38121.77,Gaming,35-44,Conversion,3371936,49652,2625,0.0158,0.77,Facebook
28851.29,Food,55+,Traffic,2319998,58374,3440,0.0214,0.49,Twitter
11598.39,Gaming,13-17,Awareness,918681,26207,1617,0.026,0.44,Twitter
42580.88,Gaming,18-24,Traffic,3639684,107512,9278,0.0338,0.4,Twitter
37094.84,Services,35-44,Conversion,2910069,145522,10342,0.0493,0.25,Twitter
39126.74,Gaming,13-17,Engagement,2914786,86669,6156,0.0302,0.45,Twitter
43141.67,E-commerce,25-34,Traffic,3942787,371042,36212,0.0952,0.12,TikTok
7276.62,E-commerce,35-44,Engagement,427895,12344,727,0.0316,0.59,Facebook
17977.52,Tech,18-24,Traffic,1955201,88568,6606,0.0439,0.2,Twitter
8275.64,Services,18-24,Traffic,704067,24426,725,0.0339,0.34,Twitter
8807.66,Food,25-34,Awareness,860613,62875,2725,0.0695,0.14,Instagram
3528.4,Services,13-17,Engagement,288142,15938,929,0.0562,0.22,Twitter
47948.42,Fashion,25-34,Traffic,4116462,477462,60272,0.11,0.1,Instagram
2295.53,Services,55+,Traffic,206020,3016,131,0.0073,0.76,Facebook
5540.95,Services,18-24,Traffic,436383,45743,5079,0.1043,0.12,TikTok
33537.69,Tech,25-34,Conversion,3065944,136739,7061,0.0521,0.25,Twitter
701.0,Gaming,18-24,Traffic,48680,3411,392,0.0669,0.21,TikTok
34172.2,Fashion,18-24,Traffic,2417353,160264,10247,0.0707,0.21,Instagram
17947.99,Services,45-54,Awareness,1142971,63988,2622,0.0556,0.28,Twitter
44357.94,E-commerce,18-24,Conversion,2731575,151832,15740,0.0534,0.29,Instagram
23671.05,Gaming,45-54,Awareness,2136065,68088,2712,0.0301,0.35,Facebook
19401.04,Fashion,13-17,Conversion,1843500,236318,23074,0.1295,0.08,TikTok
42140.7,Gaming,35-44,Conversion,3443880,61250,4353,0.0171,0.69,Facebook
29352.86,Services,25-34,Conversion,2698563,193412,26064,0.0682,0.15,Instagram
36394.31,Gaming,18-24,Conversion,3006889,204691,17535,0.0701,0.18,TikTok
30501.42,Tech,13-17,Conversion,2682733,350983,54991,0.1382,0.09,TikTok
36770.64,Gaming,13-17,Traffic,2253097,305689,8837,0.1375,0.12,TikTok
37705.22,Food,13-17,Engagement,2004572,259650,12061,0.1333,0.15,TikTok
26398.02,Fashion,18-24,Engagement,2028520,35573,1790,0.0231,0.74,Twitter
11469.65,Services,13-17,Awareness,640216,50789,6689,0.0825,0.23,TikTok
21953.71,Gaming,25-34,Conversion,1956202,108572,10345,0.0626,0.2,Instagram
2321.05,Services,18-24,Engagement,205862,18417,297,0.0817,0.13,Twitter
30040.44,Tech,13-17,Engagement,2267070,343774,26738,0.144,0.09,TikTok
25543.35,Food,25-34,Engagement,2727615,256446,27422,0.0898,0.1,Instagram
1223.54,Services,18-24,Traffic,90284,11522,1874,0.1288,0.11,TikTok
36785.07,Tech,18-24,Engagement,3544376,509966,63296,0.1472,0.07,TikTok
18623.09,Services,35-44,Traffic,1887521,143033,7577,0.0745,0.13,Twitter
22788.83,Tech,25-34,Awareness,1314144,59232,2664,0.0497,0.38,Twitter
2618.73,Fashion,18-24,Awareness,208859,6890,334,0.0302,0.38,Twitter
8508.91,Services,35-44,Traffic,761005,29858,1163,0.0423,0.28,Twitter
41861.9,Food,25-34,Conversion,3139946,227844,18265,0.0739,0.18,Instagram
37878.33,Food,55+,Conversion,3193593,49237,3644,0.0193,0.77,Twitter
39078.48,Tech,25-34,Conversion,2084040,152658,7427,0.0733,0.26,Twitter
49099.5,Services,13-17,Engagement,4239177,393294,47860,0.089,0.12,TikTok
7642.72,E-commerce,25-34,Awareness,453986,73066,8480,0.1724,0.1,TikTok
4290.15,Fashion,25-34,Conversion,388272,23208,2742,0.0487,0.18,TikTok
3741.33,Tech,35-44,Traffic,312247,19032,1066,0.0591,0.2,Twitter
43197.43,E-commerce,35-44,Conversion,3057039,212504,26630,0.0653,0.2,Instagram
41281.93,E-commerce,18-24,Engagement,3175836,201716,26508,0.06,0.2,TikTok
21447.06,Gaming,25-34,Conversion,1327655,163079,13128,0.1243,0.13,TikTok
10208.97,E-commerce,35-44,Awareness,606624,35227,3554,0.0693,0.29,Instagram
23503.83,Food,45-54,Engagement,1862079,34228,2805,0.0218,0.69,Facebook
17455.69,Services,18-24,Conversion,1319451,82151,9301,0.0664,0.21,Instagram
43754.27,Fashion,18-24,Awareness,2248020,197672,18545,0.0917,0.22,TikTok
972.44,Food,55+,Traffic,96478,3397,357,0.0336,0.29,Twitter
42562.17,E-commerce,55+,Traffic,2618263,86158,9487,0.0286,0.49,Facebook
7431.27,E-commerce,45-54,Traffic,506525,16740,1061,0.0308,0.44,Twitter
3502.17,Fashion,35-44,Awareness,236113,9452,497,0.0407,0.37,Facebook
9915.92,Food,18-24,Traffic,931368,133833,8207,0.1404,0.07,TikTok
24904.27,Food,25-34,Awareness,2051145,187617,10642,0.0886,0.13,Instagram
4898.15,Gaming,55+,Conversion,441044,19828,1182,0.0392,0.25,Twitter
33967.18,Services,45-54,Conversion,1619402,39709,4380,0.016,0.86,Facebook
27897.75,E-commerce,25-34,Traffic,2866360,115614,7609,0.0367,0.24,Twitter
45284.02,E-commerce,25-34,Traffic,3241968,387690,37413,0.1241,0.12,TikTok
28694.36,E-commerce,18-24,Traffic,2369728,135393,19432,0.0535,0.21,Instagram
28171.04,Food,25-34,Conversion,2603679,156284,18886,0.0632,0.18,Instagram
42109.73,Services,35-44,Conversion,3061318,116592,7782,0.0362,0.36,Facebook
6645.93,E-commerce,18-24,Engagement,509127,60198,4575,0.1185,0.11,TikTok
31812.68,Fashion,13-17,Awareness,2212064,110607,4730,0.0429,0.29,Twitter
12221.69,Services,13-17,Traffic,1052594,164243,16274,0.1558,0.07,TikTok
24466.13,Services,45-54,Traffic,2698320,100546,6683,0.0327,0.24,Facebook
30535.01,Services,13-17,Traffic,2456743,203193,19696,0.0871,0.15,TikTok
41221.35,Food,18-24,Traffic,3490223,149578,20791,0.0474,0.28,Instagram
14459.41,Fashion,18-24,Awareness,1032965,111941,11302,0.1073,0.13,TikTok
4513.21,Gaming,35-44,Engagement,325643,8659,956,0.0309,0.52,Instagram
8009.33,E-commerce,13-17,Awareness,646477,20539,1647,0.0267,0.39,Twitter
19362.58,Food,45-54,Engagement,1668107,41192,2457,0.0218,0.47,Facebook
35429.47,Fashion,35-44,Awareness,2877481,86520,4890,0.0292,0.41,Facebook
14456.94,Food,35-44,Awareness,1316341,30534,1439,0.0225,0.47,Facebook
32927.89,Gaming,18-24,Conversion,2040569,244798,16307,0.1216,0.13,TikTok
8062.97,Fashion,45-54,Engagement,695760,10906,547,0.0125,0.74,Facebook
17890.12,Gaming,18-24,Engagement,1223818,87184,9311,0.0671,0.21,Instagram
22073.43,Food,35-44,Traffic,1062467,30657,2436,0.0269,0.72,Facebook
24268.59,Services,18-24,Engagement,1456554,165177,25942,0.1175,0.15,TikTok
40218.94,Gaming,25-34,Engagement,3815359,413032,53121,0.1035,0.1,Instagram
49615.86,Food,45-54,Engagement,5172968,51747,2305,0.0117,0.96,Twitter
6429.03,Gaming,35-44,Awareness,562718,23415,601,0.0362,0.27,Facebook
1503.38,Fashion,55+,Engagement,113950,4061,155,0.0254,0.37,Twitter
36007.73,Services,55+,Awareness,2968443,138024,13137,0.0558,0.26,Twitter
41310.85,Fashion,25-34,Awareness,3486377,293678,15870,0.0846,0.14,Instagram
48567.76,Gaming,18-24,Awareness,3611565,311357,32640,0.0823,0.16,Instagram
9200.74,Tech,18-24,Conversion,589325,73034,11312,0.1193,0.13,TikTok
14578.81,Tech,18-24,Awareness,1120347,48199,5209,0.0478,0.3,Instagram
32742.89,E-commerce,55+,Engagement,1762406,51412,5119,0.026,0.64,Facebook
35856.04,Fashion,13-17,Awareness,2287260,228143,27587,0.1058,0.16,TikTok
1916.2,Food,25-34,Engagement,144088,10307,1120,0.0789,0.19,TikTok
43109.35,Services,18-24,Engagement,3099122,206089,13607,0.062,0.21,Twitter
49611.5,E-commerce,55+,Conversion,2799886,90465,3190,0.0324,0.55,Twitter
47157.6,Food,18-24,Traffic,3440176,251370,21442,0.0742,0.19,Instagram
33900.66,Tech,13-17,Awareness,2683464,242559,14309,0.0914,0.14,TikTok
21252.23,Services,55+,Conversion,2143059,114306,8090,0.0587,0.19,Twitter
45799.49,Food,25-34,Traffic,4161635,182002,7207,0.0369,0.25,Twitter
28844.55,Tech,55+,Awareness,1746649,148907,11624,0.0842,0.19,Twitter
45208.73,Food,25-34,Awareness,3177837,99859,5593,0.0274,0.45,Twitter
23415.4,Services,18-24,Awareness,1796785,86652,5461,0.051,0.27,Instagram
45906.13,Fashion,13-17,Engagement,4037464,120302,4408,0.0341,0.38,Twitter
3529.97,Tech,45-54,Conversion,268998,8037,110,0.0272,0.44,Facebook
33915.21,Fashion,25-34,Awareness,3169234,354320,28614,0.1102,0.1,Instagram
28984.33,Services,25-34,Conversion,1597935,40413,6225,0.0341,0.72,Instagram
30259.29,Tech,35-44,Engagement,3285336,205656,27792,0.0678,0.15,Instagram
4291.84,Food,18-24,Awareness,284273,4989,318,0.0104,0.86,Twitter
47689.45,E-commerce,35-44,Traffic,3240005,83482,1479,0.0296,0.57,Facebook
37700.32,E-commerce,13-17,Awareness,3231108,282673,28088,0.0935,0.13,TikTok
42646.03,Fashion,45-54,Engagement,3629932,177548,12890,0.0422,0.24,Facebook
30680.72,Services,35-44,Conversion,3237262,168120,9300,0.0429,0.18,Twitter
48396.16,E-commerce,13-17,Engagement,3119438,383193,37208,0.1112,0.13,TikTok
37414.19,Fashion,18-24,Awareness,3588106,322346,39386,0.0915,0.12,Instagram
5257.46,E-commerce,25-34,Conversion,447392,19903,1089,0.0369,0.26,Twitter
31429.44,Fashion,25-34,Conversion,1788483,135337,13906,0.078,0.23,Instagram
35202.83,Gaming,45-54,Conversion,2945589,38939,3253,0.016,0.9,Twitter
45842.03,Services,13-17,Traffic,3558890,459230,82540,0.1326,0.1,TikTok
3414.39,Food,25-34,Engagement,191914,1437,83,0.0116,2.38,Twitter
11389.86,Tech,55+,Conversion,1064509,34067,2841,0.0349,0.33,Facebook
41624.24,E-commerce,35-44,Awareness,4219209,63077,3284,0.0142,0.66,Twitter
25188.2,Services,35-44,Engagement,1591538,69422,8360,0.0449,0.36,Instagram
5996.8,Services,25-34,Awareness,498149,46023,1752,0.0891,0.13,TikTok
24545.18,E-commerce,13-17,Awareness,1232236,39934,1668,0.0292,0.61,Twitter
40623.83,Services,45-54,Engagement,2825722,138971,7559,0.055,0.29,Twitter
7308.74,Fashion,55+,Conversion,678633,14670,1218,0.0242,0.5,Facebook
40872.99,Gaming,25-34,Conversion,4062715,303183,21670,0.0718,0.13,TikTok
40625.68,Services,25-34,Engagement,3773341,233625,12676,0.0638,0.17,Instagram
3621.91,E-commerce,55+,Traffic,329995,10748,444,0.027,0.34,Twitter
31252.46,Services,45-54,Awareness,3045849,58979,3401,0.015,0.53,Facebook
46339.12,Gaming,18-24,Conversion,4896191,395955,49878,0.0767,0.12,Instagram
34268.07,Services,18-24,Traffic,2896644,341944,24642,0.1213,0.1,TikTok
21922.6,E-commerce,55+,Awareness,1893687,66792,2459,0.0277,0.33,Twitter
46011.36,E-commerce,18-24,Traffic,3664347,198249,34768,0.0524,0.23,Instagram
8631.69,Fashion,55+,Engagement,545244,19557,872,0.0395,0.44,Facebook
31802.23,Fashion,45-54,Traffic,2293519,102824,5079,0.0504,0.31,Twitter
36212.74,E-commerce,45-54,Awareness,3394285,91344,6739,0.018,0.4,Facebook
3081.78,E-commerce,35-44,Traffic,312634,6394,447,0.0157,0.48,Facebook
10862.73,Services,45-54,Engagement,807256,7380,346,0.0151,1.47,Facebook
37183.75,Gaming,13-17,Engagement,2659956,76611,3806,0.0331,0.49,Twitter
49729.92,Tech,45-54,Engagement,3504845,93161,7828,0.0306,0.53,Facebook
10974.96,Fashion,13-17,Conversion,1009075,28919,1973,0.0246,0.38,Twitter
38410.37,Food,18-24,Engagement,2633439,169045,18141,0.057,0.23,Instagram
4939.07,Food,18-24,Traffic,311006,10405,743,0.0272,0.47,Twitter
27503.95,Fashion,18-24,Engagement,1841586,259660,26100,0.1445,0.11,TikTok
27822.72,Gaming,18-24,Awareness,1884893,101407,9698,0.0476,0.27,Instagram
33596.08,Tech,18-24,Conversion,3745432,252226,35510,0.0667,0.13,Instagram
21274.9,Gaming,18-24,Traffic,1712134,280915,26581,0.1733,0.08,TikTok
16567.86,Tech,13-17,Awareness,1210972,208527,13669,0.164,0.08,TikTok
8433.2,Food,35-44,Conversion,763849,23899,1027,0.0353,0.35,Facebook
9004.9,Gaming,13-17,Engagement,813839,114736,11527,0.1524,0.08,TikTok
49984.89,E-commerce,25-34,Conversion,4487703,121598,1925,0.0229,0.41,Twitter
46574.98,E-commerce,35-44,Conversion,4464600,103319,5332,0.0312,0.45,Facebook
46364.0,Services,13-17,Conversion,3958412,332423,33380,0.0901,0.14,TikTok
33699.44,E-commerce,45-54,Awareness,3084859,96123,7634,0.027,0.35,Facebook
32563.91,E-commerce,25-34,Conversion,2680164,165305,22417,0.0601,0.2,Instagram
1070.29,Fashion,18-24,Awareness,74119,9445,952,0.1285,0.11,TikTok
14150.74,Food,25-34,Awareness,1083146,118880,13141,0.1003,0.12,Instagram
30362.47,Food,13-17,Traffic,1915616,59942,4890,0.0411,0.51,Twitter
49311.88,Fashion,35-44,Conversion,4778582,121027,9772,0.032,0.41,Twitter
31092.61,Food,18-24,Conversion,2540003,305576,38231,0.1177,0.1,TikTok
35481.36,E-commerce,25-34,Awareness,3093752,121663,11648,0.0437,0.29,Instagram
47066.96,E-commerce,55+,Awareness,2625935,119935,6587,0.0382,0.39,Facebook
33849.88,E-commerce,35-44,Traffic,2558508,136564,13899,0.0634,0.25,Instagram
8279.56,Services,35-44,Traffic,716550,56059,3527,0.0795,0.15,Twitter
23703.18,Fashion,18-24,Awareness,1789300,219194,23995,0.1274,0.11,TikTok
28633.57,Fashion,35-44,Awareness,2007049,35637,2182,0.0116,0.8,Facebook
38265.7,E-commerce,18-24,Engagement,3196710,146743,24543,0.0486,0.26,Instagram
49539.43,Fashion,25-34,Conversion,4411749,165744,8668,0.0412,0.3,Twitter
44172.34,Gaming,18-24,Engagement,3616881,206418,12563,0.0521,0.21,Twitter
6932.77,Gaming,18-24,Engagement,708190,46835,6841,0.0692,0.15,Instagram
27636.69,E-commerce,45-54,Awareness,1875649,26120,2739,0.0232,1.06,Facebook
40371.34,Tech,25-34,Conversion,2572832,121579,13850,0.0439,0.33,Instagram
47796.3,Food,18-24,Conversion,4029344,348779,20417,0.0861,0.14,Instagram
11442.76,E-commerce,25-34,Traffic,748558,51090,5171,0.0745,0.22,Instagram
14443.25,Fashion,18-24,Engagement,1148709,69399,2560,0.0542,0.21,Twitter
2833.4,Gaming,13-17,Traffic,195839,19570,2096,0.102,0.14,TikTok
49711.6,Fashion,18-24,Awareness,4606913,552092,60417,0.124,0.09,Instagram
40821.65,Food,55+,Awareness,2234763,29700,2374,0.013,1.37,Facebook
7277.33,Services,45-54,Traffic,588980,62840,4843,0.0996,0.12,Twitter
35169.06,Services,18-24,Conversion,3158654,200069,14918,0.0604,0.18,Instagram
3491.32,Food,18-24,Engagement,367022,46633,4292,0.1302,0.07,TikTok
35107.37,Food,35-44,Traffic,1762588,56385,2511,0.0306,0.62,Facebook
41783.34,Services,13-17,Engagement,3820851,435722,65165,0.1216,0.1,TikTok
36782.0,Gaming,35-44,Awareness,3350510,101763,3393,0.0278,0.36,Twitter
24587.2,Gaming,55+,Conversion,2085022,45285,2922,0.0196,0.54,Facebook
22246.16,Gaming,35-44,Conversion,1500345,54758,5113,0.0359,0.41,Facebook
42604.73,Gaming,18-24,Traffic,3255305,157287,21775,0.0485,0.27,TikTok
7521.57,Fashion,45-54,Traffic,507612,7890,672,0.0128,0.95,Facebook
20527.3,Food,25-34,Awareness,1828504,42767,2633,0.0287,0.48,Twitter
28846.99,E-commerce,55+,Engagement,2244084,93766,2803,0.0416,0.31,Twitter
34344.88,Gaming,55+,Conversion,2328742,62180,4008,0.0306,0.55,Facebook
49538.41,Fashion,35-44,Conversion,3309542,120798,8594,0.0344,0.41,Facebook
16877.16,Services,13-17,Engagement,1683342,159916,20334,0.0972,0.11,TikTok
17129.8,E-commerce,55+,Traffic,1290675,41650,2394,0.0302,0.41,Facebook
27007.24,Fashion,35-44,Engagement,2100958,57969,1719,0.0275,0.47,Facebook
31335.38,Gaming,18-24,Engagement,3081633,305248,36242,0.0929,0.1,TikTok
16778.6,Tech,25-34,Engagement,1232048,24213,2761,0.0286,0.69,Instagram
42943.21,Food,35-44,Conversion,2853848,89868,7118,0.0227,0.48,Twitter
2053.29,Services,18-24,Engagement,153908,11429,971,0.0715,0.18,Twitter
10285.36,E-commerce,35-44,Conversion,918775,33612,1918,0.0311,0.31,Facebook
8402.3,Tech,13-17,Conversion,617196,40458,3079,0.064,0.21,Twitter
49460.55,E-commerce,35-44,Engagement,4307912,193159,7888,0.0438,0.26,Twitter
9947.04,Tech,35-44,Traffic,597381,20888,1160,0.0336,0.48,Facebook
18832.93,Fashion,25-34,Engagement,1837414,63193,2802,0.0345,0.3,Twitter
8475.58,Food,35-44,Conversion,742666,13829,782,0.0251,0.61,Facebook
35425.38,Services,18-24,Traffic,3293865,429031,55575,0.1298,0.08,TikTok
16939.3,Services,18-24,Awareness,1117869,168036,13086,0.1464,0.1,TikTok
28401.57,Services,25-34,Conversion,2466099,140822,14151,0.0568,0.2,Instagram
7378.54,Fashion,35-44,Conversion,531648,21031,506,0.043,0.35,Twitter
20469.82,Services,18-24,Engagement,1439290,92009,4268,0.0668,0.22,Twitter
9352.25,Fashion,55+,Awareness,693027,11888,1083,0.0175,0.79,Twitter
30752.59,E-commerce,45-54,Conversion,2771782,49953,3192,0.0139,0.62,Facebook
41917.51,Tech,45-54,Conversion,2834537,102361,2262,0.0379,0.41,Facebook
29611.13,Tech,35-44,Conversion,3195265,66758,4736,0.0175,0.44,Facebook
24806.4,Food,35-44,Conversion,1979567,177724,16467,0.0834,0.14,Instagram
12863.57,Tech,18-24,Traffic,1114814,55447,4548,0.0453,0.23,Twitter
18047.23,Tech,18-24,Conversion,1443206,176711,17277,0.1262,0.1,TikTok
28907.35,E-commerce,13-17,Traffic,2547784,420734,38317,0.1638,0.07,TikTok
46130.81,Services,45-54,Conversion,4182957,81183,6398,0.0154,0.57,Facebook
45484.66,Fashion,35-44,Engagement,2955346,259288,25584,0.0877,0.18,Instagram
3313.53,Fashion,35-44,Awareness,286511,5360,152,0.0199,0.62,Twitter
34716.4,Services,13-17,Awareness,3240276,366738,49884,0.1153,0.09,TikTok
42888.7,Services,18-24,Conversion,4125444,392046,22665,0.0974,0.11,TikTok
27050.42,Fashion,25-34,Engagement,2168015,135798,17802,0.0569,0.2,Instagram
45845.71,Gaming,45-54,Engagement,4314513,8822,587,0.0128,5.2,Facebook
33236.3,Fashion,25-34,Awareness,2582234,184889,18307,0.0723,0.18,Instagram
40614.05,Services,18-24,Traffic,3464017,463007,52055,0.1288,0.09,TikTok
38927.38,E-commerce,18-24,Traffic,3186128,145289,17967,0.0476,0.27,Instagram
9138.26,Fashion,45-54,Awareness,852199,7901,856,0.0116,1.16,Facebook
5661.75,Tech,45-54,Conversion,423348,21793,1358,0.0601,0.26,Twitter
27967.27,Tech,35-44,Conversion,1737294,57776,4446,0.0253,0.48,Instagram
11612.49,Services,35-44,Engagement,840626,54725,5555,0.064,0.21,Instagram
20736.16,Services,55+,Awareness,1335446,109721,7601,0.074,0.19,Twitter
45847.49,Tech,18-24,Conversion,3619114,361046,22384,0.1016,0.13,TikTok
17338.46,Tech,18-24,Engagement,1143277,211844,21426,0.1774,0.08,TikTok
20041.74,Gaming,35-44,Traffic,1683000,210240,24742,0.1272,0.1,Instagram
40048.65,Services,35-44,Conversion,2344456,77877,2747,0.029,0.51,Facebook
16807.95,Fashion,35-44,Conversion,1607259,6505,346,0.013,2.58,Twitter
11943.16,Services,18-24,Traffic,895232,57701,6619,0.074,0.21,Instagram
9412.47,Services,25-34,Traffic,784088,38447,4024,0.0455,0.24,Instagram
15166.95,Fashion,18-24,Traffic,1554314,87349,11229,0.0635,0.17,Instagram
30210.87,Food,13-17,Conversion,1455022,218104,25192,0.1491,0.14,TikTok
6734.15,Gaming,13-17,Engagement,505458,74506,7880,0.1383,0.09,TikTok
47946.67,E-commerce,13-17,Conversion,3384252,305456,26077,0.092,0.16,TikTok
29970.21,E-commerce,13-17,Traffic,2220861,224873,18736,0.0977,0.13,TikTok
39709.24,E-commerce,55+,Awareness,3755996,154227,6395,0.0366,0.26,Twitter
34587.66,Services,18-24,Conversion,1704711,181121,22712,0.1075,0.19,TikTok
46005.27,Tech,25-34,Engagement,4574762,269912,18825,0.0561,0.17,Instagram
27294.42,Fashion,35-44,Traffic,1782196,23841,1507,0.0197,1.14,Facebook
3886.32,Food,25-34,Conversion,350354,48654,4258,0.1388,0.08,TikTok
36063.19,Food,13-17,Conversion,3884026,413205,58170,0.1057,0.09,TikTok
18215.96,E-commerce,45-54,Engagement,1323291,27571,957,0.0208,0.66,Facebook
30106.83,Food,18-24,Traffic,2582027,108964,5707,0.0367,0.28,Twitter
34329.62,Fashion,55+,Engagement,2771018,81185,8302,0.0285,0.42,Twitter
30826.73,Services,55+,Awareness,2064141,4721,271,0.0081,6.53,Facebook
2378.55,E-commerce,13-17,Awareness,155354,18054,2473,0.1124,0.13,TikTok
48670.0,Fashion,55+,Conversion,2301233,45972,3488,0.0194,1.06,Twitter
14673.8,Tech,35-44,Conversion,1269510,86780,6745,0.0614,0.17,Twitter
12241.12,Food,55+,Engagement,1140065,38858,1399,0.0341,0.32,Facebook
13458.18,Fashion,18-24,Traffic,722888,57097,3243,0.0749,0.24,TikTok
15992.96,Food,18-24,Conversion,1490737,141835,19654,0.0942,0.11,Instagram
39279.4,E-commerce,18-24,Conversion,3815591,477001,33943,0.1265,0.08,TikTok
47292.16,Tech,35-44,Conversion,3844153,56383,3099,0.0171,0.84,Facebook
12519.68,Food,45-54,Traffic,1220172,23922,924,0.0206,0.52,Facebook
17754.09,Fashion,25-34,Awareness,1568951,138650,8700,0.0877,0.13,Instagram
49863.14,Tech,13-17,Traffic,3706182,586699,70958,0.1559,0.08,TikTok
8847.22,Services,18-24,Traffic,849491,57826,1699,0.0738,0.15,Twitter
38799.72,E-commerce,35-44,Engagement,2565799,99258,9597,0.0371,0.39,Facebook
37683.99,E-commerce,18-24,Awareness,3792869,212871,22603,0.0557,0.18,Instagram
22747.12,Tech,13-17,Awareness,1847650,115319,9847,0.061,0.2,Twitter
32652.89,Food,25-34,Conversion,2794894,150834,18360,0.0602,0.22,Instagram
13940.07,E-commerce,35-44,Conversion,724173,21567,476,0.0257,0.65,Facebook
5146.3,Gaming,35-44,Conversion,456316,8869,547,0.0249,0.58,Facebook
24942.54,Services,18-24,Engagement,2169831,145117,3592,0.0682,0.17,Twitter
47484.31,E-commerce,18-24,Awareness,3356933,376297,33917,0.1076,0.13,TikTok
44299.07,Tech,45-54,Awareness,3732074,36255,1637,0.0132,1.22,Facebook
44727.36,Food,35-44,Engagement,2609172,46603,4703,0.0228,0.96,Twitter
34267.56,Tech,25-34,Awareness,2647644,153974,10178,0.0519,0.22,Instagram
14462.35,Food,25-34,Traffic,809294,55394,5206,0.0727,0.26,TikTok
17373.84,Fashion,18-24,Engagement,1615102,135836,10064,0.0824,0.13,Instagram
9970.61,Food,45-54,Conversion,808040,8909,706,0.0139,1.12,Twitter
17488.09,Tech,45-54,Engagement,1116772,23575,885,0.0285,0.74,Facebook
549.45,Tech,35-44,Engagement,58348,3868,484,0.0578,0.14,Instagram
30915.22,Gaming,13-17,Engagement,1949443,74564,5469,0.0367,0.41,Twitter
10480.18,Fashion,35-44,Engagement,1068126,41206,2303,0.0365,0.25,Twitter
3322.37,Fashion,35-44,Conversion,248280,9565,449,0.0384,0.35,Twitter
8432.55,E-commerce,18-24,Traffic,551950,63245,4671,0.116,0.13,TikTok
44337.16,Tech,25-34,Traffic,3559780,168430,21985,0.0481,0.26,Instagram
22312.36,Gaming,55+,Awareness,1730225,42915,1428,0.0309,0.52,Twitter
9695.07,Tech,18-24,Engagement,895751,37980,4048,0.0444,0.26,Instagram
10609.93,Services,35-44,Awareness,1037938,56466,4050,0.0577,0.19,Twitter
17730.41,Tech,18-24,Traffic,1901049,92887,13899,0.0484,0.19,Instagram
9994.08,Gaming,18-24,Conversion,613775,49942,6261,0.0858,0.2,TikTok
4008.83,Gaming,13-17,Awareness,320368,42111,3573,0.1232,0.1,TikTok
39092.27,Fashion,35-44,Conversion,3374919,159079,12201,0.0484,0.25,Twitter
3122.45,Fashion,45-54,Conversion,254357,7875,300,0.0363,0.4,Twitter
14796.98,Tech,55+,Traffic,1332557,29460,1890,0.0312,0.5,Facebook
30348.91,Fashion,18-24,Conversion,2643181,418233,25114,0.1697,0.07,TikTok
10043.13,Fashion,35-44,Awareness,730369,9591,522,0.011,1.05,Facebook
18902.42,Tech,45-54,Conversion,1757213,37795,3270,0.023,0.5,Facebook
24376.89,Gaming,18-24,Engagement,1363691,168962,26461,0.1265,0.14,TikTok
18921.79,Tech,18-24,Awareness,1100435,87003,12680,0.0794,0.22,TikTok
24084.06,E-commerce,18-24,Traffic,1832913,105373,13131,0.0556,0.23,Instagram
14859.82,Services,18-24,Traffic,1030577,32582,4146,0.0291,0.46,Instagram
1962.86,Gaming,35-44,Traffic,147844,5707,323,0.0417,0.34,Twitter
48613.36,E-commerce,55+,Traffic,3873807,121000,6650,0.0308,0.4,Twitter
34400.98,Gaming,18-24,Traffic,1958704,300427,33315,0.1537,0.11,TikTok
27881.58,Food,18-24,Traffic,1794234,159881,9081,0.0881,0.17,Instagram
20826.66,Food,55+,Traffic,1644370,39883,1859,0.0269,0.52,Facebook
25177.04,Food,13-17,Conversion,1766778,28541,2071,0.0247,0.88,Twitter
29915.18,E-commerce,35-44,Engagement,1883702,41158,1778,0.0216,0.73,Facebook
44983.49,Food,18-24,Traffic,3781484,464670,37983,0.1223,0.1,TikTok
24943.39,E-commerce,35-44,Traffic,2112997,121307,4893,0.0517,0.21,Twitter
15141.43,E-commerce,35-44,Awareness,1198856,5188,124,0.0081,2.92,Facebook
35646.13,Services,25-34,Awareness,1561718,98963,5414,0.0581,0.36,Instagram
28827.33,E-commerce,35-44,Engagement,2556120,64992,4907,0.0154,0.44,Facebook
38878.99,Fashion,13-17,Conversion,5313294,112951,5388,0.0205,0.34,Twitter
15099.11,Services,18-24,Conversion,1067207,110456,10702,0.1032,0.14,TikTok
12758.68,Fashion,55+,Traffic,1026352,23512,2568,0.0239,0.54,Facebook
22144.16,Services,35-44,Traffic,1894948,28457,2051,0.0171,0.78,Facebook
550.95,Services,25-34,Traffic,49750,3195,213,0.0563,0.17,Instagram
46636.27,Services,25-34,Traffic,4275624,177069,17936,0.0391,0.26,Instagram
2911.6,Gaming,35-44,Conversion,174542,6758,559,0.0416,0.43,Facebook
43022.4,E-commerce,45-54,Awareness,2424477,18143,1172,0.0163,2.37,Facebook
29159.95,E-commerce,45-54,Conversion,2429164,18804,1768,0.0154,1.55,Facebook
38787.32,Services,25-34,Awareness,1877690,131159,19125,0.0639,0.3,Instagram
31260.83,Services,13-17,Awareness,3369550,392409,40494,0.1162,0.08,TikTok
36677.16,Fashion,13-17,Traffic,4243761,619921,66513,0.1404,0.06,TikTok
34666.55,Gaming,35-44,Conversion,2506402,80667,2584,0.0283,0.43,Facebook
30511.72,Services,45-54,Engagement,2142114,45401,1764,0.0294,0.67,Facebook
39346.27,Fashion,25-34,Engagement,3024455,72876,3998,0.0264,0.54,Twitter
43636.88,Services,35-44,Engagement,2758480,175539,10019,0.0665,0.25,Twitter
29870.51,Fashion,35-44,Awareness,2283469,214908,26546,0.0981,0.14,Instagram
40506.47,Fashion,35-44,Traffic,3430515,307563,38395,0.0766,0.13,Instagram
48915.86,Food,18-24,Traffic,2150869,338192,28649,0.1611,0.14,TikTok
7202.36,Services,18-24,Engagement,620833,64646,7286,0.0977,0.11,TikTok
43921.57,Food,45-54,Awareness,3736798,236005,9557,0.0601,0.19,Facebook
48560.53,Food,25-34,Awareness,3593357,273881,32864,0.0773,0.18,Instagram
27724.45,Tech,45-54,Conversion,2369927,158941,6802,0.0677,0.17,Twitter
37624.17,E-commerce,18-24,Engagement,3666901,205245,15068,0.0652,0.18,Instagram
38086.52,E-commerce,25-34,Awareness,3281889,110413,7725,0.0302,0.34,Twitter
25996.7,Fashion,18-24,Traffic,2635347,413103,50425,0.1607,0.06,TikTok
7227.42,Fashion,18-24,Engagement,547154,53236,6203,0.1045,0.14,Instagram
47872.99,Services,13-17,Conversion,5275865,317310,16868,0.0654,0.15,Twitter
12054.92,Tech,55+,Awareness,860348,52991,2986,0.065,0.23,Twitter
11216.88,Food,25-34,Engagement,898261,67973,4876,0.0756,0.17,Instagram
16028.03,Tech,13-17,Awareness,1290595,177629,27072,0.1466,0.09,TikTok
11845.71,Services,13-17,Traffic,787165,53695,2668,0.0693,0.22,Twitter
21628.72,Tech,45-54,Traffic,2280434,157916,6481,0.0685,0.14,Twitter
23736.62,Tech,18-24,Traffic,2408820,283133,18303,0.119,0.08,TikTok
14655.05,Services,45-54,Conversion,721075,12391,390,0.0216,1.18,Facebook
37365.16,Food,18-24,Engagement,2311360,379162,57526,0.1728,0.1,TikTok
43284.76,Fashion,35-44,Awareness,4263036,185457,10706,0.0309,0.23,Facebook
44176.21,Tech,35-44,Traffic,4907489,299461,17928,0.0515,0.15,Twitter
21869.51,Food,18-24,Awareness,1740025,63501,8024,0.0377,0.34,Instagram
3997.61,Services,13-17,Conversion,385395,31220,2957,0.083,0.13,TikTok
48883.07,Gaming,55+,Engagement,4095201,161460,11093,0.0346,0.3,Facebook
11217.84,Tech,18-24,Traffic,1032571,54351,3165,0.0557,0.21,Instagram
13364.04,Gaming,13-17,Conversion,906232,165913,11395,0.1872,0.08,TikTok
14445.61,Gaming,45-54,Traffic,1424279,31960,820,0.0242,0.45,Twitter
10812.94,E-commerce,25-34,Conversion,1112028,55440,8424,0.0417,0.2,Instagram
16131.74,Gaming,18-24,Engagement,1414335,121728,12109,0.094,0.13,Instagram
7619.08,Tech,55+,Engagement,804942,21806,1108,0.0272,0.35,Facebook
26914.42,Fashion,35-44,Traffic,1907361,33603,1988,0.0235,0.8,Facebook
39258.92,Fashion,25-34,Awareness,3756537,101053,6468,0.0309,0.39,Twitter
20988.52,Fashion,25-34,Conversion,1497458,123199,17163,0.0732,0.17,Instagram
43185.91,Food,45-54,Engagement,4148434,94729,4912,0.0301,0.46,Facebook
9419.57,Gaming,25-34,Conversion,684856,69014,8939,0.1025,0.14,Instagram
6349.05,Tech,35-44,Engagement,587360,26083,2085,0.0398,0.24,Instagram
8237.57,Tech,18-24,Engagement,669448,16071,1263,0.0291,0.51,Instagram
22286.57,Food,13-17,Awareness,1645229,39717,2549,0.0361,0.56,Twitter
29894.58,Tech,35-44,Traffic,2527548,149641,18966,0.0679,0.2,Instagram
16739.92,Tech,18-24,Awareness,1643407,206783,15072,0.1305,0.08,TikTok
30546.5,Services,18-24,Engagement,1726698,177307,21491,0.0997,0.17,TikTok
7622.38,Food,13-17,Conversion,627639,81006,12009,0.1244,0.09,TikTok
16634.6,Food,18-24,Engagement,1784509,168523,20921,0.0969,0.1,Instagram
44925.0,Food,45-54,Engagement,3587059,114284,6617,0.0277,0.39,Facebook
12997.23,Tech,35-44,Traffic,1131273,61261,4154,0.0578,0.21,Twitter
21098.92,Gaming,18-24,Conversion,2284306,253825,14865,0.1107,0.08,TikTok
29979.69,E-commerce,45-54,Traffic,2329011,102720,8642,0.0398,0.29,Twitter
17765.13,Fashion,45-54,Traffic,1741728,32686,2157,0.0257,0.54,Twitter
22349.26,Tech,18-24,Engagement,1699833,79786,5844,0.0467,0.28,Twitter
13899.51,Food,25-34,Awareness,1079451,116539,9974,0.1157,0.12,Instagram
16524.35,Fashion,35-44,Awareness,1189909,116233,14204,0.0976,0.14,Instagram
17574.54,Gaming,25-34,Conversion,1301994,44223,1111,0.0436,0.4,Twitter
34349.34,Services,55+,Conversion,2464313,160225,11486,0.0739,0.21,Twitter
31323.32,Food,18-24,Traffic,2006141,65492,5052,0.035,0.48,Twitter
20225.14,Fashion,13-17,Traffic,1529584,207913,16237,0.1324,0.1,TikTok
17780.65,Services,13-17,Awareness,1058070,66093,2863,0.064,0.27,Twitter
11572.79,Fashion,25-34,Conversion,1355798,114434,13257,0.0906,0.1,Instagram
44609.61,Gaming,18-24,Traffic,3310320,400350,66712,0.1153,0.11,Instagram
20974.61,Fashion,13-17,Traffic,915463,21417,1748,0.0217,0.98,Twitter
19398.08,Food,18-24,Traffic,2249437,195729,15881,0.0923,0.1,Instagram
11282.32,Fashion,25-34,Traffic,905499,102447,13752,0.1065,0.11,Instagram
39181.01,E-commerce,18-24,Traffic,2928229,398355,51683,0.1425,0.1,TikTok
3640.75,Services,35-44,Awareness,261774,11242,1457,0.0432,0.32,Instagram
42271.02,Food,55+,Awareness,3093212,109447,10499,0.031,0.39,Facebook
10428.91,Fashion,13-17,Conversion,1014732,117680,14974,0.1184,0.09,TikTok
39113.53,Food,35-44,Engagement,3522595,159029,11075,0.0456,0.25,Twitter
45050.67,E-commerce,45-54,Awareness,3117103,84868,5652,0.023,0.53,Facebook
9358.05,E-commerce,55+,Traffic,708367,8947,634,0.0108,1.05,Twitter
45598.15,Tech,55+,Conversion,3628266,14235,956,0.0064,3.2,Facebook
33471.76,Gaming,25-34,Conversion,2816397,178486,14056,0.0653,0.19,TikTok
10694.46,Tech,18-24,Engagement,718010,48253,2217,0.0563,0.22,Twitter
14803.2,Services,25-34,Conversion,1255195,100413,13471,0.0754,0.15,Instagram
2720.94,Tech,45-54,Conversion,198530,9417,401,0.0391,0.29,Facebook
35875.12,Tech,25-34,Awareness,2280121,133409,12224,0.0558,0.27,Instagram
17312.44,Fashion,35-44,Engagement,1126012,44442,2785,0.0364,0.39,Facebook
23256.71,E-commerce,18-24,Engagement,1849245,247230,18804,0.1316,0.09,TikTok
38238.5,Gaming,35-44,Engagement,2991984,134384,6264,0.042,0.28,Facebook
4739.41,Tech,18-24,Awareness,196630,8846,1110,0.0472,0.54,Instagram
33882.64,Tech,25-34,Awareness,2381509,113282,6000,0.0531,0.3,Twitter
25283.0,Services,55+,Traffic,2651781,27405,1276,0.0122,0.92,Facebook
30550.8,Tech,55+,Traffic,2225200,56398,2719,0.0224,0.54,Facebook
46583.16,Services,55+,Awareness,4402260,142083,11666,0.0307,0.33,Facebook
13577.33,Services,13-17,Awareness,1117437,176960,15228,0.1511,0.08,TikTok
15285.69,Services,13-17,Conversion,1567402,221495,31980,0.1477,0.07,TikTok
23256.48,Tech,45-54,Awareness,1463669,81914,4068,0.0594,0.28,Twitter
6584.88,E-commerce,35-44,Engagement,393742,10455,702,0.0262,0.63,Facebook
4159.55,Services,35-44,Engagement,361920,12799,1936,0.0291,0.32,Instagram
6682.74,Tech,45-54,Awareness,287475,3135,209,0.0196,2.13,Facebook
42454.19,Fashion,55+,Awareness,4199674,141702,8077,0.0317,0.3,Twitter
31535.26,Food,35-44,Engagement,2220087,201565,22808,0.0919,0.16,Instagram
20644.21,E-commerce,25-34,Conversion,2115709,245926,25126,0.1116,0.08,TikTok
15227.13,Services,25-34,Awareness,1275282,59990,2485,0.0479,0.25,Instagram
30985.82,Food,25-34,Traffic,1815602,279837,6846,0.1469,0.11,TikTok
25362.87,Fashion,55+,Traffic,2255597,0,0,0.001,25362.87,Facebook
26365.97,Gaming,18-24,Awareness,1980422,81727,5773,0.0342,0.32,Twitter
45112.75,Fashion,18-24,Awareness,3861312,503477,44531,0.1302,0.09,TikTok
25538.68,E-commerce,35-44,Awareness,2102414,73036,6050,0.0333,0.35,Facebook
23747.62,Food,25-34,Traffic,1661375,99619,11029,0.0647,0.24,Instagram
2989.0,Services,18-24,Engagement,239750,27247,1922,0.1125,0.11,TikTok
20605.4,Tech,18-24,Conversion,1983542,143008,5396,0.0721,0.14,Twitter
5627.64,Fashion,45-54,Traffic,405116,6672,444,0.0225,0.84,Twitter
46728.0,Food,35-44,Traffic,4873841,189496,11611,0.0339,0.25,Facebook
27144.72,Tech,13-17,Traffic,2460274,330825,32138,0.1277,0.08,TikTok
579.34,E-commerce,25-34,Engagement,42813,2683,283,0.0643,0.22,Instagram
10876.68,Services,18-24,Conversion,776462,58289,3416,0.0709,0.19,Twitter
29649.46,Services,25-34,Conversion,2864272,119971,4532,0.0358,0.25,Twitter
16588.18,Gaming,25-34,Awareness,1471775,101089,12128,0.0674,0.16,Instagram
47056.27,Gaming,35-44,Awareness,2701045,242675,18130,0.0935,0.19,Instagram
34331.92,Food,35-44,Conversion,3119136,71074,5044,0.0238,0.48,Facebook
32476.04,Food,18-24,Engagement,3127901,106759,10507,0.0303,0.3,Twitter
6693.9,Food,25-34,Awareness,670819,68754,4564,0.0972,0.1,TikTok
31606.17,E-commerce,55+,Engagement,2476997,69208,3496,0.0338,0.46,Twitter
9209.11,Gaming,35-44,Traffic,708844,24175,1485,0.0309,0.38,Twitter
35706.41,E-commerce,55+,Conversion,3886460,71252,3386,0.0166,0.5,Facebook
5691.13,Services,13-17,Conversion,595071,73351,3158,0.1268,0.08,TikTok
47138.93,Tech,55+,Awareness,2981358,138061,8013,0.0487,0.34,Twitter
47263.11,Gaming,13-17,Engagement,4591203,214668,9482,0.0482,0.22,Twitter
49168.07,Fashion,55+,Conversion,3947631,106486,9714,0.0265,0.46,Facebook
26032.2,Tech,35-44,Traffic,2068602,158167,12732,0.0752,0.16,Instagram
34933.33,Food,35-44,Traffic,2143533,143802,14724,0.0675,0.24,Instagram
48573.0,E-commerce,35-44,Traffic,3710306,276130,25602,0.0798,0.18,Instagram
14662.55,Fashion,45-54,Awareness,1144136,19878,740,0.0231,0.74,Twitter
4386.31,Services,55+,Traffic,387218,21031,1232,0.0447,0.21,Facebook
26307.02,Gaming,35-44,Traffic,1735274,47409,1196,0.0222,0.55,Facebook
38738.85,Food,18-24,Conversion,2313746,279476,41974,0.1268,0.14,TikTok
10222.5,Gaming,18-24,Engagement,972838,122497,8758,0.1195,0.08,Instagram
44746.0,Services,55+,Conversion,3045404,80938,2998,0.0221,0.55,Facebook
1232.77,Services,13-17,Conversion,75571,6827,366,0.0792,0.18,Twitter
49319.37,Tech,55+,Conversion,4330741,154450,7328,0.0287,0.32,Facebook
3258.4,E-commerce,25-34,Traffic,215732,28826,3149,0.1288,0.11,TikTok
27833.21,Food,25-34,Conversion,1867001,34864,3217,0.0225,0.8,Twitter
16133.66,Services,13-17,Awareness,1455497,106737,6941,0.0772,0.15,Twitter
22118.47,E-commerce,55+,Awareness,2098635,36236,2574,0.0184,0.61,Facebook
1602.98,Services,25-34,Engagement,131285,12182,1308,0.0983,0.13,TikTok
45622.87,Food,18-24,Conversion,3408613,452461,47415,0.1346,0.1,Instagram
31505.12,Tech,35-44,Traffic,2112849,125877,7753,0.0658,0.25,Twitter
36468.53,Services,13-17,Conversion,3092731,267357,14883,0.0824,0.14,TikTok
35934.39,Gaming,18-24,Conversion,2495431,214766,11606,0.0896,0.17,Instagram
37052.04,Food,25-34,Engagement,2806551,352703,45677,0.119,0.11,TikTok
30955.64,Fashion,35-44,Traffic,3112071,122577,11267,0.0439,0.25,Facebook
13919.2,Fashion,45-54,Conversion,1050002,42373,2010,0.043,0.33,Twitter
4358.53,Tech,45-54,Engagement,284924,7378,153,0.0283,0.59,Facebook
43277.32,E-commerce,25-34,Traffic,3230782,119209,5586,0.042,0.36,Instagram
43445.43,Gaming,45-54,Engagement,3905421,133926,13015,0.0335,0.32,Twitter
15665.95,Fashion,35-44,Engagement,1254484,29980,1690,0.0219,0.52,Facebook
37277.88,Services,18-24,Awareness,2368613,299945,25991,0.1258,0.12,TikTok
43225.13,Fashion,45-54,Awareness,3447930,103847,8227,0.0248,0.42,Facebook
5328.64,Fashion,18-24,Engagement,479967,23468,1980,0.0467,0.23,Twitter
10865.09,Fashion,35-44,Awareness,639350,81509,7395,0.1356,0.13,Instagram
12902.81,Food,13-17,Awareness,1004686,20892,920,0.0193,0.62,Twitter
37148.05,Fashion,25-34,Engagement,3335245,228771,11826,0.0728,0.16,Instagram
38979.31,Gaming,45-54,Conversion,2711445,19687,1123,0.0138,1.98,Facebook
798.09,Gaming,45-54,Engagement,94236,3456,159,0.034,0.23,Twitter
6653.08,Food,25-34,Engagement,448619,55088,4702,0.1215,0.12,Instagram
35165.94,Food,45-54,Traffic,2867753,40218,2294,0.0163,0.87,Facebook
29949.27,Services,35-44,Traffic,2000625,44264,4023,0.0182,0.68,Facebook
38937.02,Fashion,55+,Awareness,2934270,84003,4240,0.0335,0.46,Facebook
40439.1,Food,35-44,Awareness,2170103,13682,418,0.0161,2.96,Facebook
41054.61,Gaming,25-34,Engagement,3238317,311999,32566,0.0911,0.13,Instagram
40324.82,Fashion,25-34,Traffic,3654494,375588,21170,0.1028,0.11,Instagram
16086.45,Food,25-34,Conversion,1294814,129592,16562,0.0999,0.12,Instagram
31436.84,Services,35-44,Conversion,2417544,68927,3724,0.0284,0.46,Facebook
3174.96,E-commerce,45-54,Traffic,198847,8111,700,0.03,0.39,Facebook
34564.57,E-commerce,35-44,Engagement,2490721,60012,4477,0.0258,0.58,Facebook
10987.39,Services,18-24,Awareness,767519,42870,4107,0.0591,0.26,Instagram
1421.25,Tech,18-24,Conversion,117997,7186,879,0.0593,0.2,TikTok
33885.83,Gaming,35-44,Traffic,2373436,73700,4063,0.0258,0.46,Twitter
32136.2,Tech,13-17,Conversion,3190654,451738,47504,0.143,0.07,TikTok
36032.01,Fashion,18-24,Awareness,2902529,234667,23102,0.0852,0.15,Instagram
41661.96,Tech,55+,Traffic,3502444,85894,6416,0.0222,0.49,Facebook
12701.35,Services,35-44,Engagement,1037748,60298,6160,0.0554,0.21,Instagram
15884.1,Services,13-17,Traffic,1346718,221130,28209,0.1602,0.07,TikTok
49856.05,E-commerce,35-44,Conversion,4147516,162062,5082,0.0394,0.31,Facebook
7913.52,Tech,25-34,Traffic,598504,81204,8872,0.1302,0.1,TikTok
16613.14,Gaming,18-24,Engagement,1379156,155435,12794,0.1175,0.11,Instagram
35213.31,E-commerce,55+,Traffic,2139068,33713,2051,0.0237,1.04,Twitter
36573.69,Services,18-24,Traffic,3433763,231065,31338,0.0602,0.16,Instagram
15076.14,E-commerce,35-44,Conversion,1204256,84772,7098,0.0739,0.18,Instagram
36579.08,Fashion,45-54,Traffic,2978308,89064,10651,0.028,0.41,Facebook
2732.05,Food,18-24,Traffic,173375,22169,2339,0.1254,0.12,TikTok
3112.34,Food,13-17,Traffic,286452,13376,560,0.0409,0.23,Twitter
13456.29,Food,55+,Engagement,997545,14623,1091,0.0173,0.92,Facebook
40088.25,Food,13-17,Awareness,3566278,341750,31268,0.0989,0.12,TikTok
24371.56,E-commerce,35-44,Traffic,1605613,44576,2014,0.0269,0.55,Facebook
31044.12,Gaming,18-24,Conversion,2980534,395518,37309,0.1209,0.08,TikTok
27440.11,Services,35-44,Awareness,2133928,80798,7720,0.0383,0.34,Facebook
42941.48,E-commerce,45-54,Engagement,3923780,134943,8207,0.0268,0.32,Twitter
18093.71,E-commerce,18-24,Awareness,1008404,105735,9395,0.108,0.17,TikTok
35635.11,Services,13-17,Conversion,2785559,369070,23856,0.1282,0.1,TikTok
30570.35,Fashion,18-24,Awareness,2409372,265452,27785,0.1125,0.12,Instagram
37041.11,Services,18-24,Engagement,2889698,449252,36305,0.1521,0.08,TikTok
30369.78,Food,18-24,Conversion,3399944,390390,42493,0.1111,0.08,Instagram
27487.44,Gaming,55+,Engagement,2466834,83461,7097,0.034,0.33,Twitter
20183.67,Food,25-34,Awareness,1740807,159075,9374,0.0968,0.13,Instagram
3540.16,Tech,18-24,Engagement,250942,31954,4170,0.1336,0.11,TikTok
41518.76,Gaming,55+,Awareness,3352202,121080,8998,0.0337,0.34,Facebook
31175.75,Services,25-34,Engagement,2710939,80430,5413,0.0265,0.39,Instagram
48142.04,E-commerce,13-17,Conversion,3606621,341215,51352,0.0876,0.14,TikTok
33696.57,Tech,18-24,Traffic,2309434,325537,24020,0.1411,0.1,TikTok
39499.97,Fashion,18-24,Awareness,3928261,261952,29411,0.0754,0.15,Instagram
47138.72,E-commerce,25-34,Awareness,2919853,147143,12384,0.0383,0.32,Instagram
13740.33,Food,13-17,Engagement,995625,116897,12165,0.1111,0.12,TikTok
33211.15,Gaming,13-17,Traffic,1734273,57450,2233,0.0309,0.58,Twitter
9296.78,Services,55+,Awareness,888096,10735,539,0.02,0.87,Facebook
44854.81,Food,35-44,Engagement,3169333,125080,8120,0.0375,0.36,Facebook
22864.75,Food,25-34,Awareness,2289703,49441,3588,0.0249,0.46,Twitter
36302.16,Fashion,25-34,Engagement,2665012,477754,48319,0.1784,0.08,TikTok
45527.08,Services,45-54,Engagement,3834734,96184,6690,0.0248,0.47,Facebook
33048.97,Services,35-44,Conversion,1868144,73369,5061,0.0482,0.45,Twitter
31997.21,E-commerce,18-24,Engagement,2332996,64268,3078,0.0271,0.5,Twitter
31560.7,Services,13-17,Awareness,2016839,204275,21050,0.0966,0.15,TikTok
18084.52,E-commerce,45-54,Awareness,1823819,16396,955,0.0202,1.1,Facebook
11215.31,E-commerce,25-34,Conversion,876036,46372,5482,0.0492,0.24,Instagram
18057.84,Gaming,55+,Awareness,1898777,65090,6952,0.0292,0.28,Facebook
40450.42,Tech,13-17,Traffic,4061248,391501,37814,0.1027,0.1,TikTok
46385.19,Gaming,45-54,Traffic,2650010,96514,1077,0.0424,0.48,Facebook
32071.38,E-commerce,35-44,Engagement,3089815,109434,15607,0.0396,0.29,Instagram
30591.25,Services,25-34,Awareness,2059267,105555,9975,0.054,0.29,Instagram
49462.92,Fashion,13-17,Conversion,3360236,588855,27844,0.1722,0.08,TikTok
34809.0,Fashion,18-24,Engagement,1509819,178859,16241,0.1124,0.19,TikTok
39687.83,Gaming,45-54,Awareness,3831716,96869,6142,0.0275,0.41,Twitter
5997.33,Food,25-34,Traffic,559448,9451,620,0.0146,0.63,Twitter
14269.61,Fashion,13-17,Engagement,1187027,166474,7296,0.1447,0.09,TikTok
9525.27,Services,18-24,Awareness,876077,63987,5156,0.0756,0.15,Twitter
34265.23,Gaming,18-24,Awareness,3354126,655880,78911,0.1945,0.05,TikTok
15950.5,E-commerce,25-34,Engagement,1203147,94580,9500,0.0812,0.17,TikTok
33183.5,E-commerce,25-34,Engagement,2775942,55240,7368,0.0207,0.6,Instagram
10933.99,Fashion,18-24,Engagement,617143,59820,7284,0.0963,0.18,Instagram
3210.59,Services,18-24,Conversion,235787,40159,4219,0.1698,0.08,TikTok
47824.21,Gaming,55+,Engagement,4304231,125011,4836,0.0313,0.38,Facebook
38467.08,Fashion,35-44,Conversion,3064450,59446,4117,0.0161,0.65,Facebook
11293.93,Gaming,13-17,Awareness,1151252,104012,9777,0.087,0.11,TikTok
21190.72,E-commerce,13-17,Awareness,1962520,73605,5975,0.0317,0.29,Twitter
33142.21,Gaming,55+,Traffic,2434876,113738,10078,0.0398,0.29,Facebook
12515.26,E-commerce,25-34,Engagement,1058131,66985,5192,0.0665,0.19,Instagram
9959.77,Food,18-24,Conversion,1018807,177197,16532,0.1717,0.06,TikTok
21997.44,Services,45-54,Awareness,2270457,11099,442,0.0138,1.98,Facebook
34478.49,Gaming,18-24,Engagement,3420066,376216,36344,0.1028,0.09,TikTok
22903.7,Services,25-34,Conversion,2021613,77953,7898,0.049,0.29,Instagram
2355.55,Services,13-17,Engagement,199152,32658,3194,0.1613,0.07,TikTok
38201.77,E-commerce,45-54,Conversion,4025276,80113,2008,0.0181,0.48,Facebook
48431.8,E-commerce,35-44,Awareness,4496908,215305,20820,0.0469,0.22,Twitter
29463.56,E-commerce,18-24,Awareness,2746606,467009,39534,0.1618,0.06,TikTok
18752.87,Tech,25-34,Engagement,1696733,93294,5477,0.0507,0.2,Twitter
23206.84,Gaming,18-24,Traffic,2129649,49540,5286,0.0286,0.47,Twitter
36052.98,Food,35-44,Awareness,3088150,103553,5332,0.0296,0.35,Facebook
36106.47,Tech,13-17,Awareness,2771804,276010,35773,0.0979,0.13,TikTok
31038.49,Food,25-34,Conversion,2120895,132832,21668,0.0671,0.23,Instagram
25833.85,E-commerce,45-54,Traffic,2604804,64301,3318,0.0214,0.4,Facebook
39415.72,Tech,25-34,Awareness,3571077,324725,42815,0.1013,0.12,TikTok
16130.49,Fashion,25-34,Conversion,1494932,203708,20278,0.127,0.08,TikTok
22398.26,Food,55+,Engagement,2013767,42913,2647,0.022,0.52,Facebook
22097.13,Services,25-34,Engagement,1656111,125862,5504,0.0768,0.18,Twitter
15590.97,Gaming,25-34,Conversion,1192076,104000,15538,0.0904,0.15,TikTok
48588.86,Fashion,13-17,Conversion,2739284,388201,56386,0.1429,0.13,TikTok
45574.88,Services,13-17,Conversion,3147750,252199,28863,0.0826,0.18,Twitter
6742.44,Gaming,18-24,Traffic,550033,39306,3582,0.0771,0.17,TikTok
40424.15,Fashion,35-44,Engagement,2374701,57316,5593,0.0248,0.71,Facebook
43345.97,Services,35-44,Conversion,3967098,260212,11376,0.0594,0.17,Twitter
12939.88,E-commerce,55+,Engagement,985906,11178,509,0.0123,1.16,Facebook
33096.07,Tech,18-24,Awareness,1954291,154990,14736,0.081,0.21,Instagram
26195.41,Food,55+,Awareness,1845103,49600,2912,0.0239,0.53,Facebook
24315.64,Gaming,35-44,Conversion,2340987,44963,303,0.0231,0.54,Twitter
37125.48,E-commerce,45-54,Awareness,3676878,48273,3261,0.0106,0.77,Facebook
11909.63,Food,25-34,Awareness,975131,85494,10592,0.0829,0.14,Instagram
45642.44,Food,55+,Awareness,3345819,104577,5858,0.0294,0.44,Facebook
45580.35,E-commerce,25-34,Traffic,3467791,302653,41774,0.095,0.15,Instagram
30918.67,E-commerce,45-54,Awareness,3073230,64798,3376,0.0198,0.48,Facebook
49119.98,Food,13-17,Conversion,4047379,662935,49999,0.1599,0.07,TikTok
6663.52,Food,55+,Conversion,619376,23743,1717,0.047,0.28,Facebook
49858.19,Food,55+,Engagement,5261791,134503,6899,0.0214,0.37,Facebook
41304.45,Fashion,45-54,Traffic,3945483,64269,3849,0.0217,0.64,Facebook
37673.18,Fashion,25-34,Conversion,2791548,289481,23135,0.0992,0.13,Instagram
19378.69,Gaming,13-17,Engagement,1590939,208663,14365,0.1213,0.09,TikTok
31304.92,Services,25-34,Awareness,2067421,168258,7320,0.0717,0.19,Twitter
3989.46,Tech,13-17,Conversion,402485,61535,4859,0.1459,0.06,TikTok
41435.45,Fashion,13-17,Traffic,3029550,472758,24417,0.163,0.09,TikTok
18185.31,Tech,25-34,Conversion,1366984,64382,3636,0.0433,0.28,Instagram
7004.57,Gaming,25-34,Traffic,375053,56613,7604,0.147,0.12,TikTok
24460.63,Fashion,45-54,Conversion,1976416,48010,3682,0.0244,0.51,Twitter
18518.55,Gaming,18-24,Engagement,1645446,233441,28701,0.1429,0.08,TikTok
37191.93,E-commerce,18-24,Conversion,3316077,145419,14423,0.038,0.26,Instagram
44571.31,Fashion,13-17,Awareness,3727441,425207,45388,0.1219,0.1,TikTok
32683.53,Gaming,45-54,Awareness,2214098,58578,4614,0.0255,0.56,Facebook
33459.61,Fashion,35-44,Traffic,2516699,179637,16165,0.0785,0.19,Instagram
5035.51,E-commerce,55+,Engagement,492007,19317,1973,0.0408,0.26,Twitter
17056.79,Tech,18-24,Awareness,1794927,132425,5755,0.0652,0.13,Instagram
11517.37,Food,45-54,Awareness,974977,25044,1052,0.023,0.46,Facebook
38723.88,Tech,18-24,Conversion,2353521,80753,5722,0.0322,0.48,Twitter
4973.49,Tech,13-17,Conversion,413085,19495,653,0.0428,0.26,Twitter
1586.1,Gaming,45-54,Awareness,152089,2726,133,0.0174,0.58,Twitter
43375.81,Food,45-54,Conversion,4090879,71370,2176,0.0193,0.61,Facebook
34177.43,E-commerce,13-17,Awareness,3417797,534209,57553,0.1557,0.06,TikTok
33915.07,Fashion,18-24,Engagement,3001808,318306,26044,0.0976,0.11,Instagram
19987.85,E-commerce,55+,Awareness,1062879,21810,1111,0.022,0.92,Twitter
47077.75,Services,35-44,Conversion,3564569,36111,1739,0.0152,1.3,Facebook
15102.86,Fashion,18-24,Engagement,1364203,30184,2730,0.0233,0.5,Twitter
40008.6,Tech,35-44,Awareness,2953041,89369,7780,0.0201,0.45,Facebook
47086.67,Tech,18-24,Engagement,4251659,722463,49878,0.1637,0.07,TikTok
31929.87,Gaming,45-54,Conversion,2613047,83919,4096,0.0274,0.38,Facebook
22634.27,E-commerce,45-54,Engagement,1410395,23812,1215,0.0089,0.95,Facebook
48063.37,E-commerce,35-44,Traffic,4887431,494780,23123,0.1027,0.1,Instagram
44338.28,Gaming,25-34,Engagement,4344030,95794,7339,0.0295,0.46,Twitter
34893.87,Fashion,35-44,Engagement,2618575,13877,1033,0.0111,2.51,Facebook
38955.26,Food,25-34,Engagement,3814380,223154,19095,0.0656,0.17,Instagram
39089.27,Services,25-34,Traffic,2377204,114971,15263,0.0444,0.34,Instagram
36428.12,Fashion,45-54,Traffic,2096821,56075,2820,0.0279,0.65,Twitter
49926.99,E-commerce,45-54,Awareness,2907934,87198,6521,0.0252,0.57,Facebook
20163.03,Fashion,55+,Awareness,1500737,20631,1642,0.0065,0.98,Facebook
12402.18,Services,55+,Awareness,877583,51897,2440,0.0619,0.24,Twitter
40920.08,Fashion,55+,Traffic,3612116,110312,5289,0.0232,0.37,Facebook
6367.78,Services,13-17,Traffic,607422,30926,3798,0.0434,0.21,Twitter
48683.43,E-commerce,13-17,Awareness,5279672,512793,40418,0.0973,0.09,TikTok
17823.81,Gaming,13-17,Engagement,1285761,104047,7931,0.0845,0.17,TikTok
34305.42,Food,18-24,Conversion,2344403,332505,32596,0.1408,0.1,TikTok
25092.4,E-commerce,13-17,Traffic,2173716,366328,23257,0.1641,0.07,TikTok
8188.83,Food,55+,Awareness,462244,9164,718,0.0203,0.89,Facebook
34374.89,Services,18-24,Traffic,2238542,293572,25768,0.1245,0.12,TikTok
16254.68,Fashion,18-24,Conversion,1040336,130832,5825,0.1204,0.12,Instagram
28083.8,Fashion,13-17,Engagement,1930745,198271,10966,0.1014,0.14,TikTok
2415.17,Fashion,25-34,Engagement,138924,12216,1597,0.0913,0.2,Instagram
7299.75,Services,45-54,Conversion,451903,12341,532,0.0237,0.59,Facebook
26077.58,Tech,45-54,Awareness,1732757,56120,2575,0.0331,0.46,Twitter
20216.35,E-commerce,35-44,Engagement,1643049,46320,3190,0.0263,0.44,Facebook
23392.11,Tech,35-44,Engagement,1150176,84439,3847,0.0651,0.28,Twitter
842.54,Gaming,35-44,Engagement,86921,0,0,0.0026,842.54,Facebook
25199.08,Fashion,55+,Engagement,1617979,58293,4371,0.0364,0.43,Facebook
5576.13,Services,35-44,Traffic,385982,9599,319,0.021,0.58,Facebook
37310.06,Gaming,55+,Awareness,3476298,98500,4227,0.037,0.38,Twitter
31229.72,Fashion,18-24,Awareness,3197977,362495,48157,0.1122,0.09,TikTok
25408.11,Services,13-17,Awareness,1787528,256042,24177,0.1494,0.1,TikTok
30728.79,Fashion,25-34,Engagement,1895068,347197,29451,0.1834,0.09,TikTok
34642.85,Food,25-34,Traffic,3007556,234619,27489,0.0772,0.15,Instagram
37100.94,Gaming,55+,Awareness,2170109,11567,755,0.0088,3.21,Facebook
10166.02,E-commerce,35-44,Awareness,591371,13597,757,0.0246,0.75,Facebook
13344.04,Gaming,18-24,Conversion,807801,95037,10855,0.1089,0.14,TikTok
17612.28,Gaming,35-44,Engagement,1609951,233019,19869,0.146,0.08,Instagram
16655.52,Gaming,18-24,Awareness,1091135,103052,14912,0.0923,0.16,Instagram
28790.04,Fashion,35-44,Conversion,2888515,339937,19625,0.1198,0.08,Instagram
16007.4,E-commerce,25-34,Awareness,1316984,79280,6858,0.0632,0.2,Instagram
39062.72,E-commerce,45-54,Traffic,2907246,92588,6913,0.027,0.42,Facebook
44391.19,Services,25-34,Traffic,3591554,222006,22845,0.0617,0.2,Instagram
40558.03,Food,35-44,Awareness,3362286,86076,3920,0.0264,0.47,Facebook
33674.86,Food,35-44,Engagement,2258523,136556,10275,0.0642,0.25,Instagram
41558.27,Gaming,25-34,Traffic,3068280,75963,1760,0.0281,0.55,Twitter
41442.98,Services,13-17,Awareness,2048065,293306,38497,0.1444,0.14,TikTok
44128.85,Tech,13-17,Conversion,3680758,378216,27733,0.1113,0.12,TikTok
18685.67,Food,13-17,Awareness,1376460,41343,1429,0.0354,0.45,Twitter
27022.05,Services,25-34,Awareness,1767823,28718,2760,0.0237,0.94,Instagram
15546.53,Gaming,35-44,Conversion,1356685,27156,1886,0.0259,0.57,Facebook
4638.87,Services,25-34,Engagement,359292,18852,996,0.0563,0.25,Instagram
35624.17,Services,55+,Traffic,3154001,105934,5984,0.0329,0.34,Facebook
32577.43,Fashion,18-24,Conversion,2521504,245543,30125,0.0998,0.13,Instagram
38318.08,Gaming,35-44,Awareness,2338882,72572,439,0.0303,0.53,Facebook
5185.39,Food,13-17,Traffic,473286,50691,5419,0.1163,0.1,TikTok
48424.73,E-commerce,25-34,Conversion,3377456,476861,29223,0.1391,0.1,TikTok
19302.8,Fashion,18-24,Engagement,1907693,276563,20272,0.1486,0.07,TikTok
4553.68,Fashion,13-17,Traffic,265006,23670,1925,0.0836,0.19,TikTok
10517.0,Fashion,25-34,Awareness,887674,23696,1349,0.021,0.44,Twitter
37322.21,E-commerce,18-24,Traffic,3419777,281578,20187,0.0842,0.13,Instagram
44533.92,Fashion,35-44,Conversion,3991694,89050,4879,0.0173,0.5,Twitter
7684.41,Tech,45-54,Awareness,515648,11190,308,0.0292,0.69,Facebook
43600.62,Fashion,45-54,Conversion,2270583,43850,2189,0.0207,0.99,Facebook
18260.79,E-commerce,18-24,Traffic,1806616,227889,22228,0.1215,0.08,TikTok
5129.03,Food,18-24,Engagement,408375,4044,216,0.0082,1.27,Twitter
5257.45,Fashion,55+,Engagement,402530,15739,925,0.0423,0.33,Facebook
4261.44,Services,35-44,Awareness,433122,30297,2921,0.0585,0.14,Twitter
9381.92,Tech,13-17,Traffic,401957,21682,1335,0.0546,0.43,Twitter
18652.67,Services,25-34,Engagement,1381840,61734,3956,0.0512,0.3,Twitter
46887.64,Services,35-44,Engagement,3874829,62314,3671,0.0213,0.75,Facebook
11477.89,Services,25-34,Awareness,971252,48641,7014,0.0514,0.24,Instagram
18325.4,Services,18-24,Engagement,1899541,89860,10557,0.048,0.2,Instagram
35909.68,Food,25-34,Awareness,3195368,319078,37675,0.0934,0.11,Instagram
39034.6,Fashion,35-44,Awareness,2444739,288102,21211,0.1125,0.14,Instagram
16747.11,Food,45-54,Engagement,1244441,34047,1568,0.0264,0.49,Twitter
24241.55,E-commerce,45-54,Conversion,1828819,33730,2108,0.0174,0.72,Facebook
11637.43,E-commerce,35-44,Awareness,1189379,39603,1842,0.0322,0.29,Facebook
5658.22,Services,13-17,Conversion,478498,74007,8274,0.1578,0.08,TikTok
32207.41,Gaming,45-54,Conversion,2719449,75410,2544,0.0264,0.43,Twitter
35110.23,Tech,35-44,Engagement,3719994,120430,9693,0.0364,0.29,Facebook
23184.14,Services,25-34,Engagement,2432997,89212,4779,0.0324,0.26,Twitter
24420.19,Gaming,55+,Conversion,1917277,29853,2103,0.0173,0.82,Facebook
8209.78,Services,18-24,Awareness,650987,9889,464,0.0278,0.83,Instagram
12372.17,Fashion,13-17,Conversion,1017277,150636,15143,0.1516,0.08,TikTok
28257.26,Gaming,13-17,Traffic,2898038,79621,5196,0.0356,0.35,Twitter
8959.37,Gaming,45-54,Conversion,843491,38578,3460,0.0426,0.23,Facebook
4436.1,Food,25-34,Awareness,410073,10432,426,0.0297,0.43,Twitter
11672.3,Food,25-34,Conversion,1182759,103275,12852,0.0856,0.11,Instagram
35991.44,E-commerce,13-17,Conversion,2802156,327796,37550,0.1159,0.11,TikTok
1208.21,Gaming,13-17,Traffic,128522,2459,107,0.0169,0.49,Twitter
37409.47,Food,55+,Traffic,3133452,128383,9111,0.0384,0.29,Facebook
27391.76,Tech,18-24,Awareness,1931400,239526,25724,0.1232,0.11,TikTok
10347.56,Fashion,13-17,Conversion,709388,83568,8995,0.1174,0.12,TikTok
14687.47,Tech,35-44,Awareness,1259722,10766,659,0.0099,1.36,Facebook
35680.01,Tech,35-44,Engagement,2896556,55239,4917,0.0168,0.65,Facebook
27577.42,Food,25-34,Engagement,2335840,288697,22423,0.1198,0.1,TikTok
39590.53,Tech,55+,Traffic,2384857,153599,10067,0.0622,0.26,Twitter
25783.76,Tech,25-34,Engagement,2578018,141711,9224,0.0514,0.18,Instagram
23117.41,Food,45-54,Conversion,2200807,54979,4474,0.0198,0.42,Facebook
37022.7,Fashion,35-44,Traffic,2872479,37084,2430,0.0115,1.0,Facebook
5817.51,Fashion,45-54,Traffic,574295,16901,728,0.0383,0.34,Twitter
16627.99,Services,18-24,Engagement,1346124,73549,7644,0.054,0.23,Instagram
38547.16,Services,25-34,Conversion,2812363,100981,9194,0.0444,0.38,Instagram
36578.24,Food,13-17,Traffic,3238099,490133,38049,0.1474,0.07,TikTok
2575.35,Food,18-24,Engagement,261873,19123,2200,0.0746,0.13,Instagram
23416.1,Tech,25-34,Engagement,1765893,274038,37433,0.1403,0.09,TikTok
40003.1,Tech,35-44,Engagement,3370127,214177,16197,0.061,0.19,Instagram
41092.07,Gaming,25-34,Awareness,3262145,431001,31069,0.1286,0.1,TikTok
41112.47,Fashion,35-44,Traffic,4482500,245130,17081,0.0489,0.17,Facebook
48728.04,Gaming,45-54,Traffic,4577406,19442,993,0.0049,2.51,Facebook
9070.27,Services,45-54,Engagement,791828,11581,738,0.0103,0.78,Facebook
28790.55,Tech,18-24,Engagement,3221697,451201,48678,0.1366,0.06,TikTok
32229.21,Gaming,18-24,Traffic,2209967,174832,19281,0.0746,0.18,Instagram
47517.24,Gaming,35-44,Awareness,4469101,137402,8443,0.0284,0.35,Twitter
3884.87,Fashion,55+,Awareness,225990,4139,205,0.0206,0.94,Twitter
14017.18,Tech,18-24,Conversion,848290,32520,1818,0.0346,0.43,Twitter
28568.28,Gaming,13-17,Traffic,1928141,139077,14428,0.0688,0.21,TikTok
22930.13,Services,25-34,Engagement,1947624,238806,15553,0.1141,0.1,TikTok
49688.05,Gaming,55+,Conversion,3176321,143807,6104,0.0453,0.35,Facebook
17200.35,E-commerce,45-54,Conversion,1705847,25050,1129,0.0146,0.69,Facebook
15161.58,Food,25-34,Conversion,1088270,85066,8146,0.0777,0.18,Instagram
47664.82,Food,45-54,Conversion,5021812,77651,5099,0.0196,0.61,Facebook
10651.7,Gaming,18-24,Awareness,824991,134809,16201,0.1607,0.08,TikTok
20700.56,Gaming,18-24,Conversion,2039903,261963,40172,0.1342,0.08,Instagram
7955.62,Services,13-17,Awareness,696784,44157,2965,0.0616,0.18,Twitter
7513.9,Services,45-54,Engagement,557296,12373,821,0.0246,0.61,Facebook
44757.83,Services,18-24,Traffic,2851447,293056,29786,0.0963,0.15,Instagram
20719.02,E-commerce,45-54,Awareness,1619438,47973,3232,0.033,0.43,Facebook
40098.54,Services,18-24,Engagement,2797139,451504,23763,0.161,0.09,TikTok
24104.63,Services,35-44,Engagement,1680981,66676,3948,0.0431,0.36,Twitter
25145.89,Services,18-24,Conversion,2162776,154974,11193,0.0715,0.16,Instagram
43014.44,Gaming,35-44,Awareness,3584637,88537,5280,0.0239,0.49,Facebook
46691.49,Gaming,35-44,Conversion,3572281,229487,16008,0.0673,0.2,Instagram
9446.65,Gaming,25-34,Awareness,711064,10666,573,0.0217,0.89,Twitter
43350.19,Fashion,18-24,Conversion,2278995,413194,37467,0.186,0.1,TikTok
20676.61,Services,55+,Awareness,1675896,3261,148,0.007,6.34,Facebook
3627.31,Fashion,45-54,Awareness,292215,10638,716,0.0356,0.34,Twitter
3824.67,Fashion,13-17,Awareness,301445,33903,3225,0.1143,0.11,TikTok
49721.26,Tech,45-54,Conversion,3169828,222017,17829,0.0716,0.22,Twitter
10252.29,Gaming,35-44,Conversion,1022059,3441,257,0.0091,2.98,Facebook
36894.77,Food,13-17,Traffic,3067743,505366,40388,0.1583,0.07,TikTok
48761.24,Food,18-24,Awareness,3778659,293422,30433,0.0839,0.17,TikTok
36137.01,Fashion,13-17,Awareness,3424125,382009,34663,0.1041,0.09,TikTok
19617.04,E-commerce,13-17,Engagement,1852780,133082,19769,0.069,0.15,TikTok
3911.15,Tech,45-54,Conversion,349680,15771,397,0.0402,0.25,Facebook
17470.83,Fashion,13-17,Engagement,1555180,243670,19376,0.1497,0.07,TikTok
2192.73,Services,45-54,Awareness,176306,16480,718,0.0955,0.13,Twitter
3827.55,Food,18-24,Engagement,299669,32951,4061,0.1185,0.12,TikTok
17777.53,Fashion,18-24,Conversion,1206305,169486,10327,0.1387,0.1,TikTok
3901.95,Tech,25-34,Traffic,283892,14320,1546,0.0403,0.27,Instagram
9389.15,Tech,13-17,Conversion,819109,69057,8912,0.0876,0.14,TikTok
41907.84,Food,35-44,Engagement,3091765,131824,6203,0.0435,0.32,Facebook
28648.16,Fashion,55+,Engagement,1746915,55115,3239,0.0343,0.52,Twitter
43519.25,Food,35-44,Conversion,2759837,93385,2837,0.0386,0.47,Twitter
40867.24,Fashion,45-54,Engagement,3933037,40158,1377,0.0127,1.02,Facebook
37820.83,Food,55+,Traffic,2802663,80452,3021,0.0283,0.47,Twitter
9060.77,Gaming,18-24,Conversion,725571,62242,4687,0.065,0.15,Instagram
20090.01,E-commerce,35-44,Awareness,1693718,4624,350,0.0069,4.34,Instagram
11996.41,Services,18-24,Conversion,897962,63799,4902,0.0704,0.19,Instagram
13131.18,Services,18-24,Engagement,971730,46115,5708,0.0461,0.28,Instagram
8223.8,Gaming,13-17,Conversion,563717,88236,10222,0.1569,0.09,TikTok
25352.54,E-commerce,25-34,Traffic,1621824,116091,8846,0.0606,0.22,Instagram
35695.47,Tech,55+,Awareness,3428385,185473,13589,0.0595,0.19,Twitter
27850.53,Tech,35-44,Engagement,1927315,81721,6636,0.0481,0.34,Instagram
17740.82,Services,45-54,Engagement,1567144,11709,515,0.014,1.52,Facebook
44997.5,Fashion,35-44,Traffic,3363747,105086,6218,0.0348,0.43,Facebook
21709.42,Fashion,35-44,Awareness,1322686,39314,3889,0.0314,0.55,Facebook
28732.56,Food,35-44,Awareness,2676140,186695,25768,0.0819,0.15,Instagram
41010.04,Fashion,35-44,Engagement,2845498,44869,2125,0.0192,0.91,Twitter
43768.0,Gaming,45-54,Engagement,1937615,62943,2389,0.0337,0.7,Facebook
4336.05,Fashion,18-24,Engagement,345638,31922,2266,0.1018,0.14,Instagram
14474.0,Fashion,18-24,Conversion,1498936,175603,13691,0.108,0.08,Instagram
3387.5,Services,13-17,Conversion,303938,37303,3289,0.1219,0.09,TikTok
37623.15,E-commerce,18-24,Awareness,3140514,327672,36863,0.1077,0.11,TikTok
878.13,Food,13-17,Awareness,90647,9253,1251,0.099,0.09,TikTok
1555.44,Tech,13-17,Conversion,128534,13209,1705,0.1016,0.12,TikTok
5535.06,Food,55+,Engagement,361948,12787,407,0.0363,0.43,Facebook
38570.31,Services,13-17,Awareness,3483961,232491,14854,0.0628,0.17,Twitter
31254.2,Gaming,13-17,Traffic,3142518,238537,28200,0.0721,0.13,TikTok
22992.92,Food,18-24,Traffic,2052156,156684,18598,0.0839,0.15,Instagram
10937.31,E-commerce,18-24,Conversion,963749,124177,7208,0.1239,0.09,TikTok
25434.43,Fashion,18-24,Engagement,1734179,153560,16794,0.0894,0.17,Instagram
6159.33,Fashion,18-24,Conversion,627996,82343,11508,0.1283,0.07,Instagram
23738.69,E-commerce,55+,Traffic,2161867,59596,3675,0.0217,0.4,Facebook
29842.15,Gaming,18-24,Awareness,1578579,229571,20322,0.1453,0.13,TikTok
39586.99,Fashion,35-44,Awareness,4595966,403956,45236,0.0998,0.1,Instagram
12926.37,Gaming,18-24,Traffic,951417,86578,8537,0.0884,0.15,Instagram
22570.93,E-commerce,13-17,Engagement,1729164,216360,28101,0.123,0.1,TikTok
14521.05,Gaming,45-54,Awareness,1405519,30741,1228,0.0197,0.47,Facebook
47660.96,Gaming,25-34,Conversion,5034704,411269,44145,0.086,0.12,Instagram
36544.62,Fashion,18-24,Conversion,2948543,326659,29989,0.1146,0.11,TikTok
22840.83,Tech,13-17,Conversion,1952486,151658,19544,0.0807,0.15,TikTok
8613.9,Fashion,18-24,Engagement,817131,65223,5840,0.0856,0.13,TikTok
48108.44,Tech,55+,Conversion,3800132,237482,10225,0.062,0.2,Twitter
20831.85,Services,13-17,Traffic,934648,135762,14270,0.1373,0.15,TikTok
46438.67,E-commerce,25-34,Awareness,4015743,144328,12266,0.0289,0.32,Twitter
32796.11,Fashion,13-17,Engagement,2969278,62042,2178,0.0111,0.53,Twitter
36801.79,Services,18-24,Awareness,3116716,142982,6096,0.0428,0.26,Twitter
1712.06,Food,18-24,Conversion,153776,14148,2009,0.0923,0.12,Instagram
724.62,Services,25-34,Awareness,45366,5080,503,0.1151,0.14,TikTok
17624.9,E-commerce,45-54,Awareness,1523159,31529,3400,0.0201,0.56,Facebook
31952.47,Services,45-54,Engagement,2422683,231386,15341,0.0909,0.14,Twitter
11125.05,Gaming,45-54,Traffic,988572,11872,877,0.0141,0.94,Twitter
22135.75,Tech,35-44,Conversion,1369287,7375,489,0.0095,3.0,Facebook
26890.27,Gaming,25-34,Awareness,2727041,361509,17809,0.1286,0.07,Instagram
32605.81,Gaming,45-54,Engagement,2969504,70456,3022,0.0134,0.46,Facebook
46612.29,Fashion,35-44,Traffic,4760064,164404,9162,0.0309,0.28,Facebook
40057.65,Food,25-34,Conversion,2770929,73587,4594,0.0211,0.54,Twitter
26938.54,Tech,35-44,Engagement,2368172,161436,10339,0.0653,0.17,Instagram
17678.77,Gaming,13-17,Awareness,1656270,142653,16497,0.0874,0.12,TikTok
46519.48,E-commerce,45-54,Awareness,4017044,52539,2733,0.0104,0.89,Facebook
13468.4,Tech,13-17,Conversion,877021,133204,9627,0.154,0.1,TikTok
44093.81,E-commerce,25-34,Traffic,2583377,245233,24466,0.0906,0.18,Instagram
4044.79,Food,13-17,Traffic,355026,47729,5269,0.1348,0.08,TikTok
32732.8,E-commerce,45-54,Traffic,2283414,73451,3503,0.031,0.45,Facebook
47183.85,Fashion,35-44,Conversion,4265550,113063,8108,0.0336,0.42,Facebook
10008.81,Food,13-17,Awareness,782252,75422,9503,0.097,0.13,TikTok
5264.08,E-commerce,25-34,Conversion,429790,13537,1108,0.039,0.39,Instagram
7382.19,Food,13-17,Awareness,741067,86416,6974,0.1119,0.09,TikTok
20886.56,Food,35-44,Awareness,1687948,31560,2919,0.0254,0.66,Twitter
35763.19,Tech,18-24,Traffic,2943784,204159,7899,0.0652,0.18,Twitter
4549.06,Tech,45-54,Engagement,463564,24735,1262,0.0449,0.18,Twitter
20255.55,Fashion,55+,Traffic,1364830,30258,1593,0.0174,0.67,Facebook
43261.57,E-commerce,35-44,Engagement,3713642,89817,4732,0.0258,0.48,Facebook
40526.28,Gaming,13-17,Awareness,3850644,175755,9795,0.0442,0.23,Twitter
47845.81,Tech,13-17,Conversion,4576116,614527,38363,0.1272,0.08,TikTok
49433.02,Tech,45-54,Engagement,2842225,182607,9072,0.0587,0.27,Twitter
39019.88,Services,18-24,Conversion,3747290,271562,17114,0.0706,0.14,Instagram
35658.71,Gaming,18-24,Traffic,2755387,329531,41481,0.1294,0.11,TikTok
18538.03,Tech,45-54,Conversion,1699046,135873,11988,0.0814,0.14,Twitter
33434.81,Services,35-44,Conversion,3289978,207380,9060,0.0633,0.16,Instagram
45800.93,E-commerce,25-34,Awareness,5377741,569774,49596,0.1042,0.08,TikTok
43152.53,Tech,13-17,Engagement,3292436,362445,13613,0.1161,0.12,TikTok
39831.96,Gaming,25-34,Engagement,2470352,197928,16146,0.0809,0.2,Instagram
35445.8,Fashion,35-44,Engagement,2525431,60985,5083,0.0257,0.58,Facebook
16024.47,Services,35-44,Engagement,1701558,102135,9567,0.0602,0.16,Twitter
5468.16,Fashion,35-44,Awareness,257074,4473,261,0.0185,1.22,Facebook
26219.67,Tech,25-34,Traffic,2443757,224573,26208,0.0807,0.12,TikTok
27630.3,Fashion,35-44,Conversion,2223560,247295,14262,0.1079,0.11,Instagram
45724.82,E-commerce,35-44,Engagement,3182988,78293,4476,0.0247,0.58,Facebook
15800.64,Services,13-17,Traffic,1118590,126902,16601,0.1233,0.12,TikTok
14126.86,Services,45-54,Awareness,1043445,33820,2228,0.0351,0.42,Facebook
40564.64,E-commerce,13-17,Engagement,2342143,348028,36982,0.1494,0.12,TikTok
21380.92,E-commerce,35-44,Engagement,1396028,38295,2567,0.0272,0.56,Facebook
8365.82,Gaming,45-54,Awareness,868880,19767,1742,0.0214,0.42,Facebook
30548.1,E-commerce,18-24,Awareness,1205622,52774,6423,0.0385,0.58,Instagram
49972.8,Tech,35-44,Engagement,3530899,112082,4834,0.0342,0.45,Instagram
42636.68,Tech,25-34,Awareness,3509584,228764,22651,0.0703,0.19,Twitter
40607.3,E-commerce,13-17,Awareness,3626996,467805,72330,0.1334,0.09,TikTok
31759.16,Tech,55+,Engagement,2474528,16014,1093,0.0147,1.98,Facebook
19448.13,E-commerce,55+,Engagement,1562260,20744,1134,0.0225,0.94,Facebook
30738.11,Services,25-34,Conversion,2492850,200707,11177,0.0821,0.15,Instagram
2657.68,E-commerce,18-24,Conversion,172152,21250,2138,0.121,0.13,TikTok
12419.57,E-commerce,45-54,Awareness,1270603,23601,1254,0.0279,0.53,Twitter
29566.51,Food,18-24,Engagement,2179934,156790,20522,0.0671,0.19,Instagram
43554.27,Fashion,35-44,Conversion,2254588,79534,5518,0.0293,0.55,Facebook
43594.48,Gaming,13-17,Traffic,4372177,384483,35721,0.0879,0.11,TikTok
43873.28,Fashion,35-44,Conversion,3209552,325668,30507,0.1003,0.13,Instagram
33458.23,E-commerce,18-24,Conversion,1841848,89964,8203,0.0414,0.37,Instagram
41810.17,Services,13-17,Engagement,4176558,440102,40322,0.1141,0.1,TikTok
49184.26,Fashion,45-54,Conversion,4766263,125793,11305,0.0252,0.39,Facebook
44753.27,E-commerce,35-44,Awareness,4422718,53137,2905,0.0075,0.84,Facebook
4433.24,Food,45-54,Traffic,388979,19889,1129,0.0447,0.22,Facebook
37332.28,Gaming,35-44,Traffic,1685402,6203,539,0.0087,6.02,Facebook
43582.52,Gaming,18-24,Traffic,3765334,387846,46998,0.097,0.11,TikTok
3518.67,Tech,13-17,Engagement,124318,16215,991,0.1262,0.22,TikTok
1852.32,Services,35-44,Traffic,150103,11163,567,0.069,0.17,Twitter
47861.17,Gaming,13-17,Traffic,3674980,194857,7948,0.0528,0.25,Twitter
12124.38,Fashion,35-44,Traffic,977990,31523,2236,0.0281,0.38,Facebook
612.54,Fashion,18-24,Awareness,48713,1554,64,0.0312,0.39,Twitter
10261.04,Fashion,18-24,Awareness,713527,79898,7136,0.1132,0.13,Instagram
31805.67,Food,35-44,Traffic,3167021,127982,4941,0.039,0.25,Twitter
21272.58,Fashion,35-44,Conversion,2200964,43572,1664,0.0334,0.49,Facebook
13072.38,E-commerce,45-54,Awareness,784049,25283,1287,0.0312,0.52,Facebook
19002.85,Food,45-54,Traffic,1242818,15118,915,0.0141,1.26,Facebook
5519.72,E-commerce,13-17,Engagement,470408,19794,616,0.0457,0.28,Twitter
39185.62,Gaming,45-54,Traffic,2895751,28898,2265,0.0081,1.36,Facebook
48560.15,Tech,35-44,Awareness,2482228,78920,3009,0.0241,0.62,Facebook
39845.18,Tech,25-34,Awareness,3480160,223114,27162,0.0634,0.18,Instagram
11793.61,Services,18-24,Engagement,777721,16233,1276,0.0204,0.73,Instagram
37311.92,Food,18-24,Engagement,2908815,235960,18565,0.069,0.16,TikTok
19983.71,Services,55+,Engagement,1844867,58459,2446,0.0257,0.34,Facebook
10235.98,Fashion,35-44,Traffic,836787,28885,1781,0.0339,0.35,Facebook
12617.25,Services,18-24,Engagement,976588,47749,1902,0.0554,0.26,Twitter
3178.72,Services,25-34,Engagement,293371,19477,1141,0.0628,0.16,Twitter
10496.89,Tech,45-54,Traffic,870419,55972,3376,0.0664,0.19,Twitter
5621.19,Services,55+,Engagement,345019,15086,981,0.0454,0.37,Twitter
3035.54,Fashion,13-17,Awareness,270595,32138,1588,0.118,0.09,TikTok
1375.75,Food,18-24,Awareness,89025,5277,871,0.0565,0.26,Instagram
42381.3,E-commerce,13-17,Conversion,4331930,495093,41621,0.1227,0.09,TikTok
36201.44,Food,45-54,Engagement,2404454,53750,2874,0.0232,0.67,Facebook
47727.32,Services,18-24,Traffic,4652454,216580,12588,0.0401,0.22,Instagram
35506.7,Tech,18-24,Traffic,3045645,506754,68085,0.1666,0.07,TikTok
3007.08,Services,18-24,Conversion,255770,34145,3395,0.1256,0.09,TikTok
42843.93,E-commerce,13-17,Traffic,3970142,503728,45616,0.1264,0.09,TikTok
46850.71,Services,45-54,Conversion,3056016,105263,8163,0.0242,0.45,Facebook
3108.75,Services,55+,Awareness,252253,7305,362,0.0245,0.43,Twitter
24895.99,Services,55+,Awareness,2243502,36538,2500,0.0208,0.68,Facebook
33544.32,Food,18-24,Traffic,2105358,183177,20827,0.0877,0.18,Instagram
35838.78,Fashion,18-24,Traffic,2367736,262343,27043,0.1048,0.14,TikTok
8107.84,Tech,13-17,Conversion,939572,172216,17575,0.1795,0.05,TikTok
46456.83,Services,13-17,Traffic,4869300,234316,11239,0.0464,0.2,Twitter
9642.55,Fashion,18-24,Engagement,962813,100713,12306,0.104,0.1,Instagram
49489.64,Fashion,35-44,Traffic,3775674,470827,64179,0.1253,0.11,Instagram
49983.17,Food,45-54,Engagement,4222434,193832,16801,0.0501,0.26,Twitter
24876.36,Fashion,35-44,Awareness,1985272,55604,2614,0.0315,0.45,Facebook
24986.91,Fashion,25-34,Conversion,2148989,129583,13018,0.0617,0.19,Instagram
46028.98,Gaming,13-17,Awareness,4801829,654642,55762,0.137,0.07,TikTok
5828.3,Food,25-34,Conversion,564783,43861,4365,0.0743,0.13,Instagram
40594.4,E-commerce,18-24,Conversion,3517290,432504,52797,0.1194,0.09,TikTok
6551.53,Services,25-34,Engagement,592097,33626,4850,0.05,0.19,Instagram
35493.48,Services,25-34,Traffic,2992251,146486,9062,0.0498,0.24,Twitter
11764.35,Food,18-24,Awareness,974088,43008,1334,0.04,0.27,Twitter
33808.67,Fashion,55+,Engagement,2423405,41078,2667,0.0262,0.82,Facebook
35471.04,Gaming,35-44,Engagement,2971939,42673,1714,0.0127,0.83,Facebook
10967.85,Fashion,13-17,Traffic,1050402,84904,7444,0.0782,0.13,TikTok
16790.91,Services,25-34,Traffic,1094948,65800,8419,0.0639,0.26,Instagram
946.72,Fashion,35-44,Engagement,94798,3013,132,0.0351,0.31,Twitter
17040.81,Food,45-54,Traffic,1961395,17908,1165,0.01,0.95,Facebook
15088.97,Fashion,45-54,Conversion,1407184,14157,1079,0.0154,1.07,Twitter
9713.05,Fashion,13-17,Awareness,735528,75043,7558,0.1059,0.13,TikTok
23958.78,E-commerce,18-24,Traffic,1938685,219623,21371,0.116,0.11,TikTok
47950.38,Food,25-34,Awareness,3771449,563432,43790,0.1401,0.09,TikTok
27140.35,Fashion,18-24,Conversion,2385249,231649,16951,0.0918,0.12,TikTok
15610.49,Fashion,18-24,Traffic,1418949,185339,25621,0.1298,0.08,TikTok
32647.2,Services,18-24,Engagement,2129659,289966,25264,0.1449,0.11,TikTok
11884.81,E-commerce,18-24,Engagement,1053593,138923,12225,0.1375,0.09,TikTok
40963.8,Food,55+,Engagement,3181505,113067,10948,0.0312,0.36,Facebook
43300.5,Gaming,25-34,Traffic,2399631,258543,18424,0.0986,0.17,Instagram
49811.8,Fashion,35-44,Conversion,3203135,85692,5018,0.0241,0.58,Twitter
47696.49,Services,35-44,Conversion,3899468,124814,9984,0.0288,0.38,Facebook
34938.66,E-commerce,25-34,Traffic,2473864,61539,7656,0.0256,0.57,Instagram
20996.32,Tech,55+,Traffic,1174082,44342,1449,0.0397,0.47,Facebook
43391.65,Tech,18-24,Engagement,2715252,203249,30236,0.0697,0.21,Instagram
48959.78,Services,35-44,Conversion,4442510,363520,44845,0.0827,0.13,Instagram
23840.51,Services,18-24,Traffic,1403128,57740,4476,0.0383,0.41,Twitter
25271.55,Fashion,35-44,Engagement,2656186,35211,2366,0.0213,0.72,Twitter
27992.82,Fashion,25-34,Conversion,2614357,342589,31765,0.1195,0.08,TikTok
5191.37,Food,45-54,Traffic,468285,15390,561,0.0324,0.34,Facebook
33916.01,Tech,35-44,Engagement,2817617,85367,8411,0.0234,0.4,Facebook
4930.28,Gaming,35-44,Awareness,369372,5974,424,0.0228,0.83,Twitter
21997.03,Food,45-54,Awareness,1714525,22967,1835,0.0143,0.96,Facebook
32543.67,E-commerce,35-44,Engagement,3121211,81632,7899,0.031,0.4,Facebook
29096.42,Food,13-17,Engagement,1876977,80329,5452,0.0454,0.36,Twitter
46117.35,Fashion,25-34,Engagement,3628641,183295,13859,0.0579,0.25,Instagram
20144.53,E-commerce,35-44,Traffic,1781221,30672,4394,0.0252,0.66,Instagram
9596.05,Food,18-24,Engagement,750486,75839,10834,0.1099,0.13,TikTok
796.9,Fashion,25-34,Traffic,57790,1583,89,0.0258,0.5,Twitter
20538.88,Tech,13-17,Traffic,1265974,97527,10043,0.0881,0.21,TikTok
16536.36,Gaming,18-24,Conversion,1455850,230447,19503,0.1594,0.07,TikTok
42467.99,Fashion,35-44,Traffic,4824186,411330,57934,0.092,0.1,Instagram
14884.48,Services,35-44,Conversion,1559572,30544,4483,0.0178,0.49,Instagram
6140.31,Services,25-34,Awareness,415984,23926,1476,0.0572,0.26,Twitter
44232.54,Fashion,18-24,Conversion,3380531,426933,41939,0.1269,0.1,TikTok
47511.19,Food,25-34,Engagement,3417604,382661,43790,0.1124,0.12,TikTok
6750.66,Fashion,25-34,Traffic,592683,57989,10380,0.105,0.12,Instagram
19550.8,Services,18-24,Engagement,1728316,146681,21260,0.0879,0.13,Instagram
16812.62,Food,35-44,Awareness,1428420,24252,1499,0.0224,0.69,Instagram
44669.09,Services,18-24,Awareness,3251036,344522,14040,0.0961,0.13,TikTok
22939.81,Tech,18-24,Engagement,2001935,104230,6754,0.0601,0.22,Twitter
26141.22,Gaming,18-24,Awareness,1723355,130483,15165,0.0801,0.2,Instagram
23600.3,E-commerce,55+,Conversion,2172369,38191,2628,0.0198,0.62,Facebook
15247.59,Food,25-34,Engagement,1214133,150482,9685,0.1246,0.1,TikTok
1507.66,Tech,35-44,Engagement,150677,5916,596,0.0371,0.25,Instagram
10069.04,Gaming,18-24,Conversion,928193,179843,22986,0.1897,0.06,TikTok
34423.83,Services,25-34,Conversion,1569556,104611,6984,0.0719,0.33,Twitter
34139.63,Fashion,18-24,Awareness,2670216,267377,30794,0.0983,0.13,TikTok
39475.47,Gaming,18-24,Traffic,2798458,219703,22792,0.0784,0.18,Instagram
2344.18,Services,35-44,Awareness,145372,2897,69,0.032,0.81,Facebook
13249.67,Services,13-17,Conversion,1142559,110310,12171,0.0914,0.12,TikTok
2780.62,Services,45-54,Engagement,251513,4402,221,0.016,0.63,Facebook
9470.8,Food,55+,Awareness,631800,10976,682,0.0177,0.86,Twitter
18827.61,Gaming,25-34,Awareness,1166199,26696,1693,0.019,0.71,Twitter
17276.9,Services,18-24,Awareness,1581579,63413,5231,0.0458,0.27,Instagram
32015.31,Tech,55+,Engagement,2085054,103896,4251,0.0425,0.31,Facebook
29184.58,E-commerce,55+,Conversion,2067563,51457,3081,0.0219,0.57,Facebook
43352.53,Food,25-34,Conversion,2698891,303445,18466,0.1187,0.14,Instagram
12321.83,Gaming,18-24,Conversion,746048,58413,7030,0.0847,0.21,TikTok
21143.48,Gaming,55+,Engagement,1481780,62645,5230,0.0369,0.34,Twitter
17148.57,E-commerce,13-17,Conversion,1645940,175351,19933,0.1104,0.1,TikTok
43245.2,Tech,35-44,Conversion,3424690,279019,17980,0.0889,0.15,Twitter
44758.5,Tech,18-24,Engagement,2781192,162920,16400,0.0598,0.27,Instagram
38048.26,Tech,18-24,Traffic,3717682,168757,14199,0.0448,0.23,Twitter
40053.08,Gaming,35-44,Traffic,4048439,121896,5284,0.0353,0.33,Twitter
20723.9,Gaming,55+,Awareness,1744077,12006,283,0.0218,1.73,Facebook
509.65,Fashion,35-44,Awareness,36857,3001,268,0.083,0.17,Instagram
43719.68,Gaming,18-24,Engagement,3510244,410684,47555,0.1154,0.11,TikTok
23138.68,Food,55+,Engagement,1175094,44935,1972,0.0433,0.51,Twitter
21611.33,E-commerce,35-44,Conversion,1707026,35730,2835,0.0203,0.6,Facebook
7710.35,Services,35-44,Engagement,567760,20138,1123,0.0345,0.38,Facebook
11028.02,Gaming,25-34,Traffic,813986,68082,8664,0.0826,0.16,Instagram
13579.93,E-commerce,25-34,Conversion,924961,45906,4662,0.0501,0.3,Instagram
49587.15,Services,18-24,Awareness,3727413,143211,17362,0.0309,0.35,Instagram
31233.97,Food,25-34,Awareness,2685090,120665,6325,0.0388,0.26,Twitter
46523.12,Services,18-24,Engagement,2981895,358659,56473,0.1135,0.13,TikTok
16229.83,Services,18-24,Conversion,777499,43732,5218,0.0541,0.37,Instagram
21099.45,Services,55+,Traffic,2149733,101243,5740,0.0432,0.21,Twitter
47464.65,Food,45-54,Traffic,4400224,101422,2788,0.0192,0.47,Facebook
1323.39,Gaming,55+,Awareness,107952,2395,74,0.0196,0.55,Facebook
47989.98,Tech,25-34,Awareness,3251755,89376,11616,0.0296,0.54,Instagram
4984.85,Food,35-44,Conversion,596671,9325,1060,0.024,0.53,Twitter
24248.28,Gaming,35-44,Conversion,1294909,22437,1050,0.018,1.08,Twitter
11572.29,Tech,18-24,Awareness,981491,136474,13978,0.129,0.08,TikTok
8260.68,Tech,18-24,Engagement,455179,21788,1998,0.0437,0.38,Instagram
3069.82,E-commerce,18-24,Traffic,227449,35892,4965,0.1549,0.09,TikTok
13006.09,Gaming,25-34,Conversion,805431,83905,7305,0.1002,0.16,Instagram
1667.94,E-commerce,25-34,Conversion,140715,2870,225,0.0245,0.58,Instagram
15923.67,Fashion,55+,Awareness,1145935,60718,3819,0.0508,0.26,Twitter
11922.89,Fashion,45-54,Conversion,1108706,32948,1944,0.0278,0.36,Facebook
19990.35,Gaming,13-17,Awareness,1933738,221101,28717,0.1264,0.09,TikTok
3202.22,Fashion,55+,Engagement,274965,10583,759,0.024,0.3,Twitter
47850.95,Food,25-34,Traffic,5287811,484147,57170,0.0922,0.1,Instagram
30931.83,Fashion,25-34,Traffic,2999507,229011,31132,0.0665,0.14,Instagram
30447.78,Services,25-34,Traffic,2505623,181450,10531,0.0744,0.17,Twitter
22704.17,Services,13-17,Conversion,1362990,206914,8160,0.1477,0.11,TikTok
29097.22,Food,55+,Awareness,2394375,84533,7436,0.0328,0.34,Facebook
40901.46,Food,35-44,Conversion,2631906,80988,7587,0.025,0.51,Facebook
36762.58,Fashion,45-54,Awareness,3439625,127685,7965,0.036,0.29,Facebook
5648.42,Gaming,13-17,Conversion,454944,57642,4921,0.1335,0.1,TikTok
13606.83,Fashion,18-24,Conversion,1156540,149253,13557,0.1269,0.09,TikTok
34667.64,Tech,18-24,Engagement,2322395,193306,21727,0.0843,0.18,TikTok
1312.13,Fashion,45-54,Awareness,110206,2183,183,0.0254,0.6,Facebook
37273.99,Fashion,25-34,Traffic,3460913,114473,7767,0.0295,0.33,Twitter
32325.59,Fashion,25-34,Engagement,2832546,272710,26770,0.096,0.12,Instagram
45047.49,Services,25-34,Awareness,3916957,156410,6558,0.0357,0.29,Instagram
34921.24,Food,18-24,Conversion,2493863,141848,8306,0.0626,0.25,TikTok
42370.69,Tech,35-44,Conversion,3715435,221546,16710,0.0506,0.19,Twitter
44785.95,Gaming,45-54,Conversion,3697575,78581,6737,0.0199,0.57,Facebook
43967.87,Fashion,25-34,Traffic,3291402,278210,28607,0.0921,0.16,Instagram
30698.38,Food,18-24,Traffic,2578648,228403,20445,0.0824,0.13,Instagram
20450.1,Fashion,35-44,Conversion,1839728,25374,1504,0.0132,0.81,Facebook
20322.46,Tech,18-24,Engagement,1889492,211270,33796,0.1088,0.1,TikTok
35350.83,E-commerce,35-44,Conversion,3026474,136481,18606,0.0409,0.26,Instagram
24047.15,Fashion,35-44,Traffic,2124722,36472,2654,0.018,0.66,Facebook
38054.43,Tech,35-44,Traffic,3546477,84945,6736,0.0327,0.45,Facebook
15167.45,Services,13-17,Awareness,908814,45385,1749,0.0539,0.33,Twitter
33678.13,Services,45-54,Conversion,2598833,105092,3715,0.036,0.32,Facebook
25602.63,Food,35-44,Conversion,1397958,98779,6128,0.0688,0.26,Instagram
37637.34,Gaming,13-17,Engagement,3504801,79431,5541,0.0198,0.47,Twitter
30373.77,Services,13-17,Awareness,1718490,198191,15509,0.1235,0.15,TikTok
5994.11,Food,18-24,Awareness,452918,41197,3938,0.084,0.15,Instagram
13318.76,Services,13-17,Engagement,1466652,248300,14973,0.1613,0.05,TikTok
27223.71,Tech,18-24,Conversion,2208413,309981,26087,0.1389,0.09,TikTok
19909.61,Services,13-17,Conversion,1677742,210383,14235,0.1291,0.09,TikTok
7138.69,Fashion,25-34,Conversion,626530,43951,4960,0.0739,0.16,Instagram
15254.71,E-commerce,13-17,Traffic,1547527,153263,14584,0.0985,0.1,TikTok
21749.8,Services,13-17,Conversion,1575082,254959,30482,0.1673,0.09,TikTok
32073.29,Fashion,25-34,Awareness,1971365,0,0,0.004,32073.29,Twitter
17104.49,Fashion,18-24,Awareness,1343104,189017,21013,0.1333,0.09,TikTok
5703.23,Services,35-44,Traffic,573771,10521,809,0.0215,0.54,Facebook
30999.21,Services,45-54,Traffic,2287321,102348,5626,0.0376,0.3,Twitter
7817.93,Gaming,25-34,Awareness,529169,75748,6263,0.1423,0.1,TikTok
31973.55,E-commerce,35-44,Awareness,3395329,68389,2618,0.0174,0.47,Twitter
6400.84,Gaming,25-34,Awareness,484187,40487,5765,0.0798,0.16,TikTok
7921.57,E-commerce,45-54,Awareness,632774,14634,903,0.0233,0.54,Facebook
7246.3,E-commerce,35-44,Traffic,552053,18425,1632,0.04,0.39,Twitter
2862.24,Tech,35-44,Awareness,247735,11101,551,0.0508,0.26,Twitter
14140.01,Tech,55+,Awareness,646599,10222,998,0.0147,1.38,Facebook
24358.76,E-commerce,35-44,Traffic,2032984,126220,12474,0.0692,0.19,Instagram
19719.51,Tech,25-34,Conversion,801279,35195,3685,0.0513,0.56,Instagram
1847.81,Food,35-44,Engagement,192946,2619,213,0.0155,0.71,Twitter
48576.47,Tech,35-44,Traffic,5093225,387179,40666,0.0719,0.13,Instagram
42871.44,Tech,13-17,Awareness,3839558,476641,47733,0.1201,0.09,TikTok
11865.82,Tech,45-54,Engagement,1124969,81175,7128,0.0703,0.15,Twitter
23635.93,Gaming,35-44,Engagement,2068424,214920,18931,0.1023,0.11,Instagram
49210.08,Fashion,45-54,Engagement,5025181,107408,7782,0.0194,0.46,Twitter
30416.99,Services,55+,Awareness,1696388,30438,2380,0.0203,1.0,Facebook
18488.04,Services,13-17,Engagement,1516585,146910,24582,0.0879,0.13,TikTok
23090.64,Tech,18-24,Traffic,1824232,135923,8959,0.0846,0.17,Twitter
34876.57,Gaming,35-44,Conversion,2863460,264380,33808,0.0878,0.13,Instagram
35936.19,Tech,18-24,Conversion,2794017,208343,11755,0.0718,0.17,Twitter
38974.46,E-commerce,45-54,Traffic,2591716,77169,3438,0.032,0.51,Twitter
5411.04,Gaming,55+,Conversion,529542,29200,1268,0.0551,0.19,Twitter
12558.33,Gaming,25-34,Conversion,1086544,107457,8955,0.0976,0.12,Instagram
10374.5,Tech,55+,Traffic,676643,20893,1324,0.0286,0.5,Facebook
39456.31,Fashion,13-17,Engagement,3165290,94152,8497,0.0297,0.42,Twitter
5890.95,Tech,45-54,Traffic,509906,28974,1718,0.0536,0.2,Twitter
23939.44,Fashion,18-24,Awareness,2173813,215697,16062,0.0966,0.11,Instagram
11530.54,Food,35-44,Conversion,732804,67196,10372,0.0964,0.17,Instagram
32441.07,Food,18-24,Traffic,2538454,297996,27710,0.1214,0.11,TikTok
18060.21,Tech,35-44,Engagement,1739337,73260,10427,0.0437,0.25,Instagram
25986.56,E-commerce,13-17,Awareness,2320418,191195,27758,0.0788,0.14,TikTok
13016.19,Gaming,18-24,Conversion,1173662,77858,7065,0.0666,0.17,Instagram
45349.88,Food,18-24,Traffic,3720890,588453,75391,0.1551,0.08,TikTok
18464.11,Services,18-24,Conversion,1392913,31579,2045,0.0195,0.58,Twitter
20235.85,Gaming,35-44,Awareness,1745793,40137,2139,0.013,0.5,Facebook
2466.2,Gaming,35-44,Traffic,175239,5601,313,0.0287,0.44,Facebook
33143.24,Gaming,13-17,Traffic,2539544,451617,45090,0.1702,0.07,TikTok
36545.9,Tech,45-54,Awareness,4368588,170619,13624,0.0371,0.21,Facebook
39064.04,Fashion,55+,Conversion,3643776,202103,9921,0.0515,0.19,Twitter
33010.96,Fashion,35-44,Traffic,2730873,67784,4662,0.0297,0.49,Facebook
4155.59,Fashion,25-34,Traffic,312431,31457,2700,0.0971,0.13,Instagram
28394.04,Fashion,18-24,Engagement,1730765,190055,14101,0.1122,0.15,Instagram
5006.46,Food,45-54,Engagement,353168,5539,321,0.0206,0.9,Facebook
38368.75,Tech,55+,Engagement,2219679,104921,7385,0.0401,0.37,Facebook
8052.49,Fashion,25-34,Traffic,512673,59763,5632,0.1108,0.13,Instagram
36234.71,Fashion,18-24,Engagement,2911366,330467,38906,0.1072,0.11,Instagram
15146.48,Gaming,55+,Conversion,1370761,47501,1821,0.0279,0.32,Facebook
10886.39,Tech,25-34,Traffic,1067388,72736,4550,0.0622,0.15,Instagram
36213.36,Tech,13-17,Traffic,2187926,294091,32137,0.1362,0.12,TikTok
37453.28,Services,13-17,Awareness,3531586,119432,8339,0.0374,0.31,TikTok
31140.2,Services,13-17,Awareness,3035805,502799,28691,0.1629,0.06,TikTok
15444.72,Food,35-44,Conversion,1266041,128837,12057,0.097,0.12,Instagram
39022.92,Services,13-17,Awareness,2641807,369136,29388,0.1423,0.11,TikTok
29994.51,Tech,18-24,Awareness,2086210,168849,9887,0.076,0.18,Twitter
28080.07,Services,18-24,Conversion,2300364,215438,26092,0.0907,0.13,TikTok
35222.23,Fashion,25-34,Awareness,2830788,36667,1888,0.0188,0.96,Twitter
20187.46,Services,18-24,Awareness,1339859,109512,8669,0.079,0.18,Instagram
43060.47,E-commerce,45-54,Engagement,3093408,139546,9258,0.0489,0.31,Twitter
39139.04,Fashion,25-34,Awareness,2524276,173511,16461,0.0782,0.23,Instagram
25340.1,Services,18-24,Traffic,1920306,141090,16009,0.0732,0.18,TikTok
41354.73,Food,18-24,Traffic,4458875,190937,3361,0.0417,0.22,Twitter
10821.05,Services,45-54,Engagement,1078379,43443,3506,0.0351,0.25,Facebook
35444.05,Services,45-54,Awareness,2752926,92044,5549,0.031,0.39,Facebook
32506.29,Tech,35-44,Awareness,2806913,87930,5373,0.0321,0.37,Facebook
12181.8,Services,35-44,Traffic,1283641,49448,3561,0.0383,0.25,Facebook
27248.01,Services,18-24,Conversion,1872341,137137,12603,0.0739,0.2,Instagram
4959.67,Services,25-34,Awareness,500407,37876,5398,0.0784,0.13,Instagram
8042.52,E-commerce,25-34,Traffic,676877,22496,204,0.0356,0.36,Twitter
30448.72,Tech,35-44,Traffic,2339551,121901,6004,0.0575,0.25,Twitter
28080.59,E-commerce,35-44,Engagement,1977628,46063,2991,0.0203,0.61,Facebook
16720.63,Food,35-44,Awareness,1311727,33474,1588,0.0217,0.5,Facebook
23401.09,Fashion,45-54,Awareness,1763384,82739,1448,0.043,0.28,Facebook
30883.05,Fashion,25-34,Awareness,3256129,318881,44945,0.0992,0.1,Instagram
14091.68,E-commerce,45-54,Engagement,1191600,14996,830,0.0153,0.94,Facebook
12417.34,Gaming,55+,Conversion,889450,21054,1410,0.0214,0.59,Facebook
47797.57,Fashion,25-34,Awareness,4030331,395344,45464,0.1001,0.12,Instagram
11816.74,E-commerce,35-44,Awareness,1296178,100019,10293,0.0662,0.12,Instagram
32905.35,Fashion,18-24,Conversion,3029092,472849,35289,0.1476,0.07,TikTok
38480.78,Services,35-44,Awareness,2566077,140992,8893,0.0517,0.27,Facebook
29302.98,Services,55+,Awareness,2347593,98155,3460,0.0456,0.3,Twitter
23631.11,Services,25-34,Awareness,1943513,37969,1466,0.0296,0.62,Instagram
8155.18,E-commerce,13-17,Awareness,654657,62383,6115,0.0964,0.13,TikTok
29193.69,E-commerce,55+,Engagement,2236284,63132,2352,0.0238,0.46,Twitter
20043.97,Tech,25-34,Engagement,1331211,38566,5640,0.0283,0.52,Instagram
23410.57,Gaming,25-34,Engagement,2265499,239462,24549,0.1059,0.1,Instagram
789.89,Food,18-24,Awareness,86260,7854,685,0.0895,0.1,TikTok
45793.83,E-commerce,25-34,Engagement,4077181,190350,18240,0.0439,0.24,Instagram
11390.01,Fashion,18-24,Engagement,851392,68569,8083,0.0836,0.17,TikTok
35403.06,Tech,18-24,Conversion,3161957,550881,52142,0.167,0.06,TikTok
41921.82,Services,45-54,Engagement,3482246,93885,4354,0.0248,0.45,Facebook
1166.27,Fashion,18-24,Traffic,92283,7366,555,0.0818,0.16,Instagram
20093.92,Tech,25-34,Conversion,1283014,54987,5888,0.0455,0.37,Instagram
41922.47,Gaming,13-17,Traffic,4051080,139135,13053,0.0435,0.3,TikTok
37537.61,E-commerce,25-34,Traffic,2751609,97168,11068,0.0284,0.39,Instagram
11110.03,Tech,25-34,Traffic,860832,32820,1633,0.0424,0.34,Instagram
38968.14,E-commerce,18-24,Engagement,3318173,93640,2061,0.03,0.42,Twitter
12779.04,Fashion,18-24,Traffic,945712,47833,5885,0.0506,0.27,Instagram
46935.22,Food,55+,Awareness,4400805,106956,8762,0.0306,0.44,Facebook
48198.48,Fashion,25-34,Traffic,4424027,94364,7587,0.0267,0.51,Twitter
21064.86,Services,25-34,Engagement,1707065,127890,5876,0.0727,0.16,Twitter
48035.4,E-commerce,35-44,Conversion,2932772,38826,1482,0.0188,1.24,Facebook
17145.06,Services,18-24,Engagement,1294053,69732,2367,0.0577,0.25,Twitter
36852.6,E-commerce,13-17,Traffic,3589810,494804,72534,0.144,0.07,TikTok
8390.22,Fashion,55+,Traffic,891862,24894,1780,0.0271,0.34,Facebook
44798.86,Tech,55+,Traffic,4109167,142425,9910,0.0332,0.31,Facebook
42230.24,E-commerce,35-44,Conversion,4016379,87352,5342,0.0298,0.48,Facebook
21217.73,E-commerce,18-24,Conversion,1771803,51077,4203,0.0331,0.42,Instagram
19661.66,E-commerce,35-44,Engagement,1698433,46631,2618,0.0234,0.42,Facebook
32470.14,Tech,35-44,Engagement,2407382,105505,7135,0.0358,0.31,Facebook
35454.48,E-commerce,18-24,Conversion,3640009,119800,6949,0.0311,0.3,Twitter
29890.02,Services,35-44,Traffic,1513600,25050,2084,0.0224,1.19,Facebook
4987.6,Services,35-44,Engagement,427039,5913,374,0.0159,0.84,Facebook
6034.14,Tech,55+,Awareness,612083,20304,923,0.0306,0.3,Facebook
956.37,Tech,18-24,Awareness,66431,3049,400,0.0435,0.31,Instagram
10502.14,E-commerce,55+,Traffic,710763,19858,1469,0.0247,0.53,Facebook
9806.85,Services,45-54,Conversion,1025330,77602,2906,0.0771,0.13,Twitter
10679.44,Fashion,25-34,Engagement,796443,53992,6363,0.0641,0.2,Instagram
1070.74,Fashion,45-54,Awareness,80406,1336,105,0.0234,0.8,Facebook
30752.15,E-commerce,18-24,Engagement,2669153,287062,25424,0.1106,0.11,TikTok
17720.75,Food,35-44,Engagement,764041,72300,5117,0.0942,0.25,Instagram
17955.92,Services,25-34,Conversion,1332125,35494,989,0.0351,0.51,Twitter
29818.44,Tech,25-34,Awareness,2886569,0,0,0.001,29818.44,Instagram
47750.81,Gaming,35-44,Awareness,4206014,82799,1251,0.0232,0.58,Facebook
24239.63,Gaming,18-24,Awareness,1223368,185104,21219,0.1425,0.13,TikTok
746.53,Services,45-54,Traffic,58718,1718,90,0.0219,0.43,Facebook
34687.99,Tech,55+,Traffic,3163319,176468,10090,0.0526,0.2,Twitter
11541.17,Services,45-54,Engagement,1045840,13662,826,0.015,0.84,Facebook
10175.17,Gaming,55+,Traffic,646322,25411,1908,0.0365,0.4,Facebook
35183.38,Tech,25-34,Engagement,3296579,192639,17332,0.0519,0.18,Instagram
42158.96,Food,25-34,Awareness,3070504,248470,26786,0.0782,0.17,TikTok
5252.05,Fashion,35-44,Traffic,449792,43481,6873,0.0959,0.12,Instagram
15438.26,Services,13-17,Awareness,829564,37296,3310,0.0494,0.41,Twitter
22169.04,Tech,35-44,Awareness,1206602,77723,1945,0.0684,0.29,Twitter
39873.9,Services,13-17,Conversion,3449665,230680,14762,0.0582,0.17,Twitter
47217.08,Gaming,25-34,Engagement,4250614,65281,3246,0.0183,0.72,Twitter
13248.0,Services,55+,Awareness,1312884,79538,4687,0.0607,0.17,Twitter
3375.78,E-commerce,13-17,Traffic,244694,20851,2515,0.0846,0.16,TikTok
22014.9,Tech,45-54,Engagement,1779343,42168,1872,0.0246,0.52,Facebook
34296.74,Gaming,55+,Conversion,3432423,111584,4045,0.034,0.31,Facebook
10719.52,Fashion,13-17,Awareness,860281,121450,11722,0.1436,0.09,TikTok
1960.85,Food,18-24,Awareness,129593,5640,478,0.0418,0.35,Twitter
2601.54,Food,35-44,Engagement,172002,3357,120,0.0172,0.77,Facebook
37186.73,Tech,18-24,Awareness,2674922,179037,28964,0.0663,0.21,Instagram
29502.0,Fashion,35-44,Traffic,2598725,117120,5326,0.053,0.25,Twitter
29705.25,Tech,25-34,Awareness,2003126,67648,7860,0.0437,0.44,Instagram
8567.51,Gaming,25-34,Traffic,838897,46696,7170,0.0663,0.18,Instagram
38026.45,Tech,25-34,Awareness,2919953,166212,15842,0.0517,0.23,Instagram
43191.11,Tech,18-24,Traffic,3435714,403060,55998,0.1175,0.11,TikTok
17602.62,E-commerce,13-17,Conversion,1680254,227379,15284,0.1423,0.08,TikTok
25461.06,Gaming,18-24,Traffic,2192455,209477,25478,0.0948,0.12,TikTok
5076.77,Tech,45-54,Conversion,382360,14865,1115,0.038,0.34,Facebook
49542.47,Fashion,35-44,Awareness,3925332,61615,3667,0.018,0.8,Facebook
42599.26,Fashion,18-24,Awareness,3956546,539347,49822,0.1355,0.08,TikTok
19613.63,Tech,35-44,Conversion,1766784,100570,7779,0.0605,0.2,Twitter
38545.25,Tech,35-44,Conversion,3801902,147855,19249,0.0435,0.26,Instagram
16870.15,Tech,35-44,Awareness,1165445,29505,1682,0.0201,0.57,Facebook
15244.29,E-commerce,13-17,Traffic,853977,101511,6742,0.1124,0.15,TikTok
45771.4,Tech,25-34,Awareness,3975186,145985,11201,0.0344,0.31,Instagram
24129.52,Gaming,25-34,Traffic,2021639,196404,29943,0.0938,0.12,Instagram
41103.84,Tech,18-24,Traffic,4551413,385883,7799,0.0872,0.11,TikTok
32844.23,Tech,18-24,Engagement,2155835,102270,11166,0.0468,0.32,Instagram
14021.6,Services,35-44,Engagement,1047598,24347,1020,0.0232,0.58,Facebook
40734.5,Fashion,25-34,Engagement,2672641,42555,1877,0.0173,0.96,Twitter
48993.6,Gaming,25-34,Engagement,3699608,164762,8541,0.0463,0.3,Twitter
5561.82,Gaming,35-44,Engagement,286684,13678,939,0.042,0.41,Twitter
31814.99,Food,18-24,Traffic,2724979,448525,56431,0.1607,0.07,TikTok
21126.61,Gaming,25-34,Conversion,1802209,143606,13814,0.0865,0.15,Instagram
30354.94,Food,25-34,Awareness,1946166,198709,26679,0.1018,0.15,Instagram
20040.67,Food,18-24,Traffic,1734945,164516,7713,0.0949,0.12,Instagram
6613.91,Tech,13-17,Awareness,515606,31152,3378,0.0578,0.21,TikTok
46578.4,Fashion,45-54,Traffic,3953086,121681,7997,0.0308,0.38,Facebook
29459.58,E-commerce,18-24,Awareness,2417294,336995,35189,0.132,0.09,TikTok
35791.53,Fashion,35-44,Traffic,2646437,286145,32703,0.1073,0.13,Instagram
19343.49,Gaming,55+,Engagement,1388814,37841,3406,0.016,0.51,Facebook
29793.57,Tech,45-54,Engagement,2676511,93097,6166,0.0293,0.32,Facebook
11473.49,Fashion,25-34,Engagement,830831,74011,6585,0.0907,0.16,TikTok
47393.78,Food,35-44,Traffic,2991191,78827,6390,0.0202,0.6,Facebook
9716.12,Services,35-44,Engagement,975455,21344,1417,0.0218,0.46,Facebook
24285.39,Fashion,35-44,Conversion,2210382,158805,9426,0.0775,0.15,Instagram
24474.15,Gaming,18-24,Engagement,2528148,199944,29700,0.0726,0.12,Instagram
43795.64,E-commerce,35-44,Traffic,3512599,215962,5718,0.0541,0.2,Instagram
12357.79,Services,45-54,Engagement,707402,17791,1500,0.0298,0.69,Facebook
37712.35,Food,18-24,Conversion,2628080,271372,27164,0.1053,0.14,TikTok
26128.85,Tech,35-44,Conversion,2325088,217280,16865,0.0981,0.12,Twitter
25202.45,Gaming,25-34,Engagement,2032950,145513,13423,0.0746,0.17,Instagram
28795.01,Tech,25-34,Engagement,2377022,183804,19106,0.0733,0.16,Instagram
3837.02,Gaming,13-17,Conversion,237917,28578,2233,0.1246,0.13,TikTok
49620.8,Tech,45-54,Conversion,3625046,175148,9964,0.0482,0.28,Facebook
11998.24,Tech,35-44,Conversion,1121528,24951,1567,0.0205,0.48,Facebook
46953.47,E-commerce,45-54,Conversion,4103884,132654,3057,0.0333,0.35,Facebook
21794.6,E-commerce,35-44,Engagement,1811390,21591,1350,0.0225,1.01,Facebook
4399.92,Services,13-17,Engagement,328467,11372,816,0.0415,0.39,Twitter
19259.02,Food,25-34,Awareness,1500923,193731,24378,0.1333,0.1,Instagram
22773.76,Services,35-44,Engagement,2424677,46777,3544,0.0239,0.49,Facebook
18792.73,E-commerce,18-24,Traffic,1233427,23516,1522,0.0203,0.8,Twitter
44816.82,Food,45-54,Awareness,3296550,108434,7509,0.0282,0.41,Twitter
16743.94,Tech,35-44,Engagement,1484253,43958,3642,0.0229,0.38,Facebook
25935.56,Fashion,45-54,Traffic,1717007,25921,1647,0.0245,1.0,Facebook
29084.91,Tech,25-34,Conversion,1269375,170855,14116,0.1308,0.17,TikTok
8164.15,Gaming,35-44,Conversion,613545,45513,3571,0.076,0.18,Instagram
10184.99,Services,13-17,Awareness,614974,102890,12806,0.1739,0.1,TikTok
15474.93,Gaming,18-24,Engagement,1641074,187385,20992,0.1194,0.08,Instagram
10019.64,Tech,35-44,Engagement,999549,38831,5067,0.0472,0.26,Instagram
43330.48,E-commerce,18-24,Conversion,2726616,61431,4002,0.0201,0.71,Instagram
13259.11,Fashion,35-44,Engagement,1010929,67729,7844,0.0685,0.2,Instagram
8741.73,Fashion,18-24,Conversion,602932,60722,2159,0.1025,0.14,Instagram
5126.43,Food,45-54,Awareness,451437,12970,445,0.0308,0.4,Facebook
31196.79,Tech,45-54,Conversion,2116166,44083,2401,0.0281,0.71,Facebook
28362.22,Tech,13-17,Traffic,2400658,159013,4226,0.0617,0.18,Twitter
31592.52,Gaming,35-44,Engagement,2811770,394138,49950,0.133,0.08,Instagram
34375.55,Tech,55+,Awareness,2376611,27502,1610,0.0135,1.25,Facebook
32030.86,Gaming,45-54,Traffic,3379741,178168,8302,0.0458,0.18,Twitter
30916.48,Gaming,45-54,Engagement,1809223,59688,3379,0.0361,0.52,Twitter
27198.58,Gaming,35-44,Conversion,2264218,98025,4194,0.0344,0.28,Facebook
9737.01,Gaming,35-44,Engagement,1162480,24923,2039,0.0269,0.39,Facebook
40097.16,E-commerce,35-44,Awareness,2821461,79393,5731,0.0242,0.51,Facebook
15042.85,Services,13-17,Awareness,1310391,72497,4578,0.0625,0.21,Twitter
12426.14,E-commerce,25-34,Traffic,1010372,71319,8672,0.0654,0.17,TikTok
30144.74,Food,25-34,Engagement,2394915,159561,14123,0.0756,0.19,Instagram
22314.04,Fashion,55+,Conversion,1900079,35640,916,0.0204,0.63,Facebook
22536.78,Services,35-44,Conversion,1970089,37122,4432,0.0239,0.61,Instagram
4161.39,Services,55+,Conversion,375008,20797,1256,0.0546,0.2,Twitter
557.04,Fashion,13-17,Traffic,52083,7734,792,0.1565,0.07,TikTok
37113.73,Tech,18-24,Conversion,2010141,102562,5206,0.055,0.36,Twitter
44108.24,Tech,18-24,Traffic,3472392,184787,21572,0.056,0.24,TikTok
29524.45,E-commerce,13-17,Engagement,2589985,242603,12801,0.0961,0.12,TikTok
42597.58,Fashion,25-34,Traffic,2276919,200302,14503,0.0903,0.21,Instagram
33674.63,Tech,45-54,Awareness,2961883,96114,5641,0.0236,0.35,Facebook
15953.25,Food,18-24,Conversion,944643,26916,1411,0.0281,0.59,Twitter
23721.75,Food,45-54,Awareness,1146863,26581,1585,0.0239,0.89,Facebook
41424.75,Gaming,35-44,Traffic,3100618,101244,8891,0.034,0.41,Twitter
29418.35,Gaming,18-24,Awareness,2394309,195913,12951,0.0879,0.15,Instagram
30772.57,Services,18-24,Awareness,2500158,259557,23186,0.0988,0.12,TikTok
39502.02,Gaming,45-54,Engagement,3575306,125981,7366,0.036,0.31,Facebook
6438.78,Fashion,35-44,Awareness,654102,17941,1029,0.0248,0.36,Facebook
46437.0,Tech,13-17,Engagement,2798591,291734,28533,0.1069,0.16,TikTok
46198.83,Tech,18-24,Awareness,2996680,154503,10248,0.0617,0.3,Twitter
40536.79,Food,18-24,Engagement,3070838,290318,24089,0.0952,0.14,TikTok
24430.46,Food,35-44,Engagement,1888057,41150,2295,0.0207,0.59,Facebook
47425.09,Food,13-17,Engagement,4709405,143323,7767,0.032,0.33,Twitter
41638.46,Tech,18-24,Awareness,3423883,179293,23040,0.0439,0.23,Instagram
40125.33,Fashion,35-44,Awareness,3593667,306645,29394,0.0787,0.13,Instagram
24481.33,Tech,13-17,Awareness,2268601,233873,31637,0.101,0.1,TikTok
32002.09,Fashion,13-17,Engagement,3171252,540085,39179,0.1714,0.06,TikTok
26358.76,Gaming,35-44,Awareness,1749317,177996,10985,0.0981,0.15,Instagram
43323.48,Services,55+,Awareness,3722551,54214,2493,0.0159,0.8,Facebook
7219.84,Services,18-24,Awareness,318931,27530,2779,0.0845,0.26,TikTok
44919.4,Fashion,13-17,Traffic,4384546,491547,70215,0.1114,0.09,TikTok
21462.64,Fashion,35-44,Traffic,1465992,144093,15711,0.0953,0.15,Instagram
26165.5,Food,18-24,Engagement,1993588,43812,2534,0.0215,0.6,Twitter
41516.86,Food,45-54,Awareness,3957334,100226,4818,0.0299,0.41,Facebook
14560.54,Gaming,25-34,Engagement,1180466,41303,4290,0.0289,0.35,Twitter
6276.52,Fashion,13-17,Engagement,736353,126499,5428,0.1771,0.05,TikTok
15790.43,E-commerce,13-17,Engagement,1373859,40611,3484,0.0253,0.39,Twitter
17950.16,Services,45-54,Engagement,1106629,46910,3350,0.0371,0.38,Facebook
27147.86,Gaming,35-44,Engagement,1774906,46460,815,0.0248,0.58,Twitter
16004.24,E-commerce,18-24,Awareness,1057242,42321,4326,0.0439,0.38,Instagram
10797.82,Food,25-34,Conversion,1164392,152025,16281,0.1359,0.07,TikTok
47610.96,Gaming,25-34,Conversion,4558585,474404,36127,0.1035,0.1,Instagram
48619.33,E-commerce,18-24,Awareness,3473771,52285,7403,0.0156,0.93,Instagram
18417.46,E-commerce,35-44,Awareness,1669034,49540,1808,0.0327,0.37,Facebook
1347.66,Tech,18-24,Traffic,80399,12102,1316,0.1589,0.11,TikTok
4806.83,Tech,55+,Traffic,250958,19914,1848,0.0784,0.24,Twitter
11008.19,E-commerce,18-24,Awareness,610377,63865,4340,0.1189,0.17,TikTok
45646.57,E-commerce,18-24,Traffic,4401602,91850,3989,0.0237,0.5,Twitter
2795.22,Fashion,25-34,Traffic,201858,22187,1893,0.1114,0.13,TikTok
36358.56,E-commerce,45-54,Conversion,2197797,57186,3290,0.0236,0.64,Twitter
19009.78,Fashion,35-44,Traffic,1561440,60057,3807,0.0347,0.32,Facebook
16298.77,E-commerce,25-34,Awareness,980910,82372,6806,0.0856,0.2,TikTok
18320.94,Fashion,25-34,Awareness,1531830,159548,6284,0.098,0.11,Instagram
48480.07,Gaming,25-34,Conversion,4123012,382465,49264,0.0971,0.13,Instagram
17527.32,Gaming,25-34,Traffic,1102942,112163,12413,0.1026,0.16,Instagram
28445.88,Fashion,25-34,Engagement,2160395,240077,33336,0.1143,0.12,TikTok
43565.74,Fashion,55+,Engagement,4552567,81683,6209,0.0197,0.53,Facebook
35620.0,Gaming,13-17,Engagement,3674108,622260,57950,0.1718,0.06,TikTok
17094.77,Services,18-24,Conversion,1170893,27234,3798,0.0185,0.63,Instagram
18570.04,Tech,18-24,Engagement,1374902,66163,2792,0.0456,0.28,Instagram
41453.82,Tech,55+,Traffic,3896390,89278,5829,0.0279,0.46,Facebook
37927.34,Tech,18-24,Conversion,3566822,172783,22578,0.0543,0.22,Instagram
42121.82,Tech,13-17,Awareness,3160775,212387,6962,0.0685,0.2,Twitter
16406.25,Fashion,25-34,Conversion,1497420,183495,20686,0.121,0.09,Instagram
20352.85,Food,18-24,Conversion,1701002,226617,34986,0.1341,0.09,Instagram
18275.3,E-commerce,45-54,Engagement,1188561,33874,1693,0.0249,0.54,Twitter
28783.36,Food,25-34,Awareness,2041717,253186,21931,0.1217,0.11,Instagram
36106.48,Services,18-24,Traffic,2599051,87278,8915,0.0398,0.41,TikTok
35620.49,Food,45-54,Traffic,2454449,104335,7427,0.0516,0.34,Facebook
2104.45,E-commerce,18-24,Engagement,142207,14416,1730,0.0969,0.15,TikTok
15624.04,Gaming,35-44,Engagement,1142324,37348,3038,0.0275,0.42,Facebook
30891.95,Gaming,25-34,Awareness,3090305,496514,55287,0.158,0.06,TikTok
31827.85,Services,18-24,Traffic,2213221,284613,30225,0.1245,0.11,TikTok
27988.01,E-commerce,45-54,Traffic,2216183,65190,2022,0.027,0.43,Twitter
42473.08,Fashion,55+,Awareness,4186442,183972,8876,0.0403,0.23,Twitter
6463.04,Gaming,35-44,Awareness,531516,43987,4822,0.08,0.15,Instagram
1882.17,Fashion,13-17,Engagement,161315,5564,477,0.0379,0.34,Twitter
29110.44,Services,18-24,Awareness,2174845,224297,30004,0.107,0.13,TikTok
36935.4,Fashion,35-44,Traffic,3375002,99286,2228,0.0338,0.37,Twitter
16971.85,E-commerce,45-54,Conversion,1652941,49615,2615,0.0203,0.34,Facebook
26833.28,Services,45-54,Conversion,1828434,176650,3887,0.0911,0.15,Twitter
28487.59,Gaming,18-24,Traffic,2021019,209456,20033,0.1095,0.14,Instagram
16574.32,E-commerce,18-24,Awareness,1282079,11131,823,0.0082,1.49,Twitter
10921.78,Fashion,18-24,Engagement,873607,18184,1541,0.0287,0.6,Twitter
45601.54,Tech,18-24,Traffic,5045445,616902,49133,0.1271,0.07,TikTok
8389.96,Food,13-17,Engagement,655896,101813,12258,0.1558,0.08,TikTok
8264.19,E-commerce,35-44,Awareness,666339,20176,1978,0.0228,0.41,Instagram
28693.76,Services,13-17,Engagement,2100323,153813,8997,0.075,0.19,Twitter
10020.45,Services,13-17,Conversion,932835,89484,7039,0.094,0.11,TikTok
16301.1,Food,18-24,Traffic,1225953,175107,27844,0.1359,0.09,TikTok
49001.83,Tech,55+,Traffic,4033039,127320,8910,0.0265,0.38,Facebook
45696.68,E-commerce,13-17,Engagement,4470471,623137,65289,0.1397,0.07,TikTok
26357.02,Gaming,45-54,Engagement,2494816,67046,645,0.0227,0.39,Facebook
19342.35,Food,13-17,Engagement,1365056,159180,17813,0.1185,0.12,TikTok
29673.37,Food,13-17,Engagement,2267888,214743,28392,0.098,0.14,TikTok
27243.07,Food,35-44,Conversion,2601844,216087,16866,0.087,0.13,Instagram
30431.38,Services,55+,Awareness,2481985,133042,7057,0.0434,0.23,Twitter
31857.7,Services,18-24,Awareness,2470164,389352,33962,0.1621,0.08,TikTok
46639.52,Services,35-44,Awareness,2296615,75674,3997,0.0286,0.62,Facebook
27281.44,Gaming,18-24,Conversion,1907547,166875,15610,0.0879,0.16,Instagram
23012.93,Food,35-44,Conversion,1604686,33334,1296,0.0296,0.69,Twitter
25268.4,E-commerce,18-24,Traffic,1490034,44622,7446,0.0331,0.57,Instagram
8358.09,Services,25-34,Traffic,362534,14626,841,0.0403,0.57,Instagram
41310.24,Food,35-44,Traffic,3909274,59585,3038,0.0146,0.69,Twitter
46458.59,E-commerce,18-24,Traffic,4221808,102659,6980,0.0207,0.45,Twitter
49034.87,E-commerce,55+,Traffic,2922402,105401,9722,0.0333,0.47,Facebook
24999.71,Services,45-54,Engagement,1912687,51653,2606,0.0253,0.48,Facebook
26484.55,Tech,45-54,Awareness,2045165,62136,2827,0.03,0.43,Facebook
30703.46,Gaming,35-44,Conversion,1872471,213259,21925,0.1175,0.14,Instagram
49626.19,Food,35-44,Conversion,5292391,74321,3097,0.0155,0.67,Facebook
14834.06,Services,25-34,Awareness,729875,54655,1866,0.0715,0.27,Twitter
47853.15,Services,13-17,Awareness,3319116,402287,45231,0.12,0.12,TikTok
26864.3,Tech,45-54,Engagement,1318756,84491,3533,0.0684,0.32,Twitter
33178.87,E-commerce,25-34,Conversion,1884273,65523,5287,0.0345,0.51,Twitter
21726.76,Tech,25-34,Conversion,1398705,97026,4822,0.075,0.22,Twitter
37043.48,Services,35-44,Engagement,2693422,210516,10238,0.0707,0.18,Twitter
30241.7,Gaming,25-34,Conversion,2779567,317587,19902,0.1117,0.1,Instagram
33554.3,Tech,35-44,Traffic,3323897,84601,6236,0.0256,0.4,Facebook
48022.22,E-commerce,35-44,Awareness,3727301,68553,4482,0.0162,0.7,Facebook
2595.75,E-commerce,35-44,Traffic,178476,1910,128,0.0152,1.36,Facebook
35681.39,Fashion,35-44,Awareness,3216137,260647,25602,0.0916,0.14,Instagram
46677.32,Food,18-24,Engagement,2931200,165359,9636,0.0678,0.28,Instagram
40785.16,Services,45-54,Conversion,3803260,83911,3197,0.0244,0.49,Facebook
14632.65,Tech,25-34,Engagement,792600,87032,8166,0.1092,0.17,TikTok
14682.31,Services,35-44,Conversion,1232948,79848,4252,0.0636,0.18,Instagram
7546.27,Food,35-44,Conversion,477469,15871,1105,0.0361,0.48,Facebook
26737.9,Fashion,18-24,Conversion,2394752,190799,17652,0.0798,0.14,TikTok
21424.0,Gaming,18-24,Conversion,2078515,223663,12080,0.0983,0.1,TikTok
14493.16,Services,25-34,Awareness,1324339,50012,3684,0.03,0.29,Instagram
8864.73,Tech,18-24,Traffic,652027,25189,3353,0.0314,0.35,Instagram
34721.49,Gaming,13-17,Traffic,3868736,435396,62996,0.103,0.08,TikTok
12736.28,Tech,18-24,Traffic,887067,94324,10870,0.0967,0.14,TikTok
39316.45,E-commerce,25-34,Traffic,4288357,354956,43196,0.0804,0.11,TikTok
21279.21,Gaming,55+,Engagement,1500790,21727,384,0.0134,0.98,Twitter
18621.54,Gaming,25-34,Traffic,1457184,89106,8296,0.0664,0.21,Instagram
49526.37,Food,45-54,Engagement,3188456,152948,9545,0.0423,0.32,Twitter
37813.34,E-commerce,25-34,Traffic,2766183,200547,31004,0.065,0.19,Instagram
36729.35,E-commerce,35-44,Conversion,2923581,94655,5844,0.0289,0.39,Facebook
8138.44,Tech,45-54,Awareness,353864,11887,836,0.0337,0.68,Facebook
35285.07,Fashion,45-54,Conversion,1906281,28725,2176,0.0165,1.23,Facebook
42956.61,Food,55+,Awareness,5076952,119068,9191,0.027,0.36,Facebook
48933.43,Fashion,25-34,Engagement,4387110,460155,53501,0.1007,0.11,Instagram
15303.18,Services,35-44,Engagement,909742,44071,3624,0.0386,0.35,Twitter
45803.94,Food,55+,Conversion,4287848,55068,1739,0.0191,0.83,Facebook
5778.52,Food,18-24,Conversion,524155,40836,2188,0.0824,0.14,Instagram
32321.7,E-commerce,13-17,Conversion,1995313,38949,2912,0.0284,0.83,Twitter
12920.3,Gaming,18-24,Awareness,1188365,136114,12592,0.1056,0.09,Instagram
32276.6,Services,18-24,Traffic,4100751,714214,91255,0.167,0.05,TikTok
16361.04,Fashion,18-24,Traffic,1487402,0,0,0.0092,16361.04,Twitter
31523.19,Services,18-24,Awareness,2862804,318036,33060,0.1126,0.1,TikTok
20358.18,E-commerce,45-54,Engagement,1341507,43522,2472,0.0345,0.47,Facebook
12837.21,Fashion,18-24,Awareness,1024157,114123,7087,0.1035,0.11,Instagram
44999.91,Food,13-17,Traffic,3455784,393303,56142,0.1143,0.11,TikTok
47064.07,Gaming,18-24,Traffic,4627938,629731,78079,0.1356,0.07,TikTok
33070.54,Gaming,13-17,Traffic,2771664,212816,15020,0.0747,0.16,TikTok
29367.78,Gaming,18-24,Traffic,2261283,279754,35470,0.1236,0.1,TikTok
35048.43,Services,18-24,Conversion,3448329,87211,5316,0.0253,0.4,Instagram
44909.94,Gaming,25-34,Traffic,2799934,373603,33657,0.1277,0.12,Instagram
16708.06,Fashion,35-44,Traffic,1103354,79373,7908,0.0676,0.21,Instagram
43364.85,E-commerce,35-44,Awareness,2801886,60159,3694,0.0279,0.72,Facebook
28540.43,E-commerce,13-17,Conversion,2021256,293372,21359,0.1411,0.1,TikTok
37722.33,Food,25-34,Conversion,4312685,369454,44292,0.0855,0.1,Instagram
24929.05,Fashion,13-17,Engagement,2171724,57527,3251,0.025,0.43,Twitter
19749.88,Fashion,35-44,Awareness,1753921,35978,2702,0.0197,0.55,Facebook
33201.02,E-commerce,45-54,Engagement,2872571,114517,7074,0.0371,0.29,Facebook
37673.05,Fashion,18-24,Traffic,1686998,154468,15987,0.0893,0.24,Instagram
28416.29,Food,25-34,Engagement,2635269,308285,16494,0.1171,0.09,Instagram
16400.21,Tech,55+,Awareness,1265492,55653,3169,0.0501,0.29,Twitter
37822.18,Services,55+,Engagement,3114742,204930,13324,0.0589,0.18,Twitter
37053.94,E-commerce,18-24,Engagement,2965686,316315,20620,0.111,0.12,TikTok
44018.02,Fashion,18-24,Awareness,3386486,349278,29843,0.1075,0.13,TikTok
14285.62,E-commerce,13-17,Traffic,1100017,111983,12958,0.0968,0.13,TikTok
14803.63,Gaming,55+,Awareness,998463,47614,2729,0.0482,0.31,Twitter
7156.57,Gaming,13-17,Conversion,514175,82683,10153,0.1624,0.09,TikTok
49011.66,E-commerce,35-44,Awareness,5142426,90310,6842,0.0184,0.54,Facebook
16674.24,Services,13-17,Awareness,1321622,61900,2810,0.0564,0.27,Twitter
31033.41,Services,13-17,Conversion,2858108,120991,6208,0.0454,0.26,Twitter
38822.57,Fashion,35-44,Awareness,2796024,65875,3794,0.0164,0.59,Facebook
11510.02,Gaming,35-44,Traffic,1059546,48270,4628,0.0465,0.24,Twitter
45145.75,E-commerce,25-34,Traffic,4049426,314561,26359,0.074,0.14,Instagram
17830.84,Fashion,35-44,Traffic,1174864,23640,939,0.0175,0.75,Facebook
31004.62,E-commerce,18-24,Conversion,2347938,388242,39435,0.1702,0.08,TikTok
39630.33,Fashion,35-44,Traffic,3497095,270175,25315,0.0753,0.15,Instagram
1928.39,Tech,45-54,Awareness,213678,3144,49,0.0193,0.61,Facebook
9775.7,Food,13-17,Traffic,956462,32765,2174,0.0328,0.3,Twitter
1603.87,Gaming,13-17,Awareness,127299,2167,71,0.0226,0.74,Twitter
23452.27,Fashion,25-34,Traffic,1520392,178585,10611,0.1172,0.13,Instagram
46384.93,Services,45-54,Engagement,2932426,219933,18749,0.0763,0.21,Twitter
13115.03,Gaming,45-54,Traffic,1366051,29482,2028,0.0226,0.44,Twitter
42739.57,Fashion,18-24,Engagement,3319361,363013,51205,0.116,0.12,Instagram
23557.38,Fashion,18-24,Engagement,2328284,65519,4748,0.0278,0.36,Twitter
19096.91,Food,45-54,Engagement,1636468,65965,5285,0.032,0.29,Facebook
35160.4,Food,55+,Engagement,2373641,92114,2239,0.0417,0.38,Facebook
7148.46,E-commerce,13-17,Awareness,414720,42697,4837,0.1021,0.17,TikTok
47593.62,E-commerce,25-34,Awareness,3291869,282115,41496,0.0864,0.17,Instagram
16357.39,E-commerce,55+,Awareness,1419618,18214,1238,0.017,0.9,Twitter
17275.22,Gaming,35-44,Traffic,1249831,111680,8317,0.0892,0.15,Instagram
41129.84,Tech,18-24,Engagement,3704989,481971,65783,0.1359,0.09,TikTok
23346.37,E-commerce,55+,Conversion,1869401,50316,3806,0.0199,0.46,Facebook
28271.42,Gaming,13-17,Traffic,2330582,248987,19843,0.1089,0.11,TikTok
7564.03,Fashion,13-17,Conversion,746548,89257,3923,0.1164,0.08,TikTok
16114.92,E-commerce,45-54,Conversion,1816641,60366,4088,0.0244,0.27,Facebook
42078.97,Tech,55+,Conversion,3520283,8769,77,0.0132,4.8,Facebook
1700.52,Fashion,25-34,Engagement,134322,8264,886,0.0644,0.21,Instagram
18765.38,Fashion,18-24,Traffic,801456,91082,10143,0.1084,0.21,Instagram
4201.72,Food,55+,Engagement,378254,13329,654,0.0306,0.32,Facebook
47631.24,Food,55+,Awareness,3876300,103605,5806,0.0262,0.46,Facebook
9617.09,Services,45-54,Traffic,753499,15572,1009,0.0194,0.62,Facebook
26413.17,Tech,35-44,Traffic,1766071,75314,5189,0.0447,0.35,Twitter
25194.71,Gaming,35-44,Traffic,1436533,33201,1825,0.023,0.76,Facebook
9883.33,Tech,45-54,Engagement,452709,4345,161,0.011,2.27,Facebook
47096.35,Gaming,25-34,Conversion,2499652,158184,12784,0.0688,0.3,Instagram
23397.96,E-commerce,18-24,Conversion,2040721,83388,6145,0.0395,0.28,Instagram
18100.63,E-commerce,18-24,Awareness,1801833,136841,8910,0.0735,0.13,TikTok
44083.79,Services,45-54,Traffic,3927980,185273,9007,0.0415,0.24,Facebook
31267.58,Tech,35-44,Engagement,2356932,119302,13072,0.0521,0.26,Instagram
22529.76,Fashion,13-17,Engagement,1642041,115334,14925,0.0768,0.2,TikTok
12670.27,Food,25-34,Traffic,1091983,130809,10043,0.1199,0.1,Instagram
11762.35,Services,45-54,Awareness,934626,7217,390,0.0086,1.63,Facebook
1474.85,Gaming,35-44,Engagement,125903,2798,200,0.0238,0.53,Facebook
34105.55,Gaming,18-24,Conversion,2109127,372494,28003,0.1673,0.09,TikTok
25508.62,Gaming,18-24,Conversion,1945281,140092,17562,0.073,0.18,Instagram
27190.52,E-commerce,18-24,Traffic,1702643,174916,11389,0.097,0.16,TikTok
15778.3,Services,55+,Engagement,1255470,39303,1059,0.038,0.4,Facebook
26820.98,Tech,55+,Conversion,2217731,114123,5785,0.0477,0.24,Twitter
16079.05,E-commerce,55+,Awareness,969849,13307,435,0.0104,1.21,Facebook
15019.55,Tech,13-17,Traffic,1080394,60675,2329,0.0605,0.25,Twitter
49659.53,Gaming,35-44,Traffic,3667857,164678,12097,0.0392,0.3,Facebook
49091.54,Fashion,35-44,Traffic,2898737,28218,1234,0.0155,1.74,Facebook
1199.12,Gaming,18-24,Conversion,121670,14733,1958,0.125,0.08,TikTok
26345.4,Gaming,25-34,Awareness,2390797,178625,21400,0.0689,0.15,Instagram
49588.19,Gaming,45-54,Traffic,3276859,98116,3787,0.0319,0.51,Facebook
28182.08,Services,55+,Engagement,2488333,170210,14167,0.0698,0.17,Twitter
22072.34,Fashion,55+,Awareness,2110067,9997,332,0.0048,2.21,Facebook
8662.88,Services,45-54,Awareness,658572,36629,2355,0.0525,0.24,Twitter
43142.91,Gaming,45-54,Conversion,4816975,166449,11478,0.0323,0.26,Facebook
42968.16,Tech,13-17,Awareness,2977392,318538,49670,0.0999,0.13,TikTok
39781.9,Tech,35-44,Awareness,3809919,85268,3422,0.0215,0.47,Facebook
44427.68,E-commerce,35-44,Conversion,2982102,86771,7354,0.0275,0.51,Facebook
24534.71,Services,18-24,Traffic,2713304,141069,12875,0.0482,0.17,Instagram
14610.37,Tech,45-54,Awareness,1149953,87460,5222,0.0721,0.17,Twitter
33713.62,Food,25-34,Engagement,2388361,122035,6975,0.042,0.28,Twitter
22253.55,Tech,18-24,Awareness,1059413,59334,6214,0.0556,0.38,Instagram
18788.05,Gaming,35-44,Traffic,1777020,39127,2598,0.0321,0.48,Facebook
45949.54,E-commerce,25-34,Awareness,5043849,47507,2943,0.0143,0.97,Twitter
48443.66,Tech,18-24,Traffic,3207552,432565,43725,0.1352,0.11,TikTok
8848.65,Services,55+,Awareness,614391,19710,581,0.0337,0.45,Twitter
42558.54,Gaming,45-54,Engagement,3671141,86541,4343,0.0247,0.49,Twitter
41266.41,Tech,13-17,Engagement,3126968,368234,21747,0.1159,0.11,TikTok
47352.11,Fashion,35-44,Conversion,3553679,150917,17185,0.0433,0.31,Facebook
19126.17,Tech,18-24,Traffic,1356155,171926,19910,0.1349,0.11,TikTok
1882.27,Services,25-34,Engagement,153119,5318,595,0.0337,0.35,Instagram
43932.88,Tech,45-54,Conversion,2866326,221326,9115,0.0836,0.2,Twitter
49634.96,Food,45-54,Traffic,2857720,7505,517,0.0058,6.61,Twitter
8323.4,Tech,25-34,Traffic,642879,24882,2301,0.032,0.33,Instagram
26204.52,Tech,45-54,Traffic,2244804,63946,2372,0.0273,0.41,Facebook
45538.09,Tech,45-54,Conversion,2853418,73977,3358,0.0192,0.62,Facebook
48409.12,E-commerce,35-44,Awareness,3785543,332566,38843,0.0827,0.15,Instagram
43803.78,Tech,13-17,Engagement,3127030,223913,19610,0.0717,0.2,Twitter
30412.21,Fashion,25-34,Engagement,1175896,129391,12509,0.104,0.24,TikTok
41406.73,E-commerce,45-54,Engagement,3781805,73757,5005,0.0351,0.56,Facebook
33177.93,Fashion,18-24,Conversion,2011936,263747,15557,0.1306,0.13,TikTok
15920.74,E-commerce,25-34,Traffic,1497528,211945,21699,0.1394,0.08,TikTok
44980.9,Gaming,13-17,Awareness,4477128,124308,10705,0.0343,0.36,Twitter
33808.17,Food,45-54,Traffic,3020059,33777,1035,0.013,1.0,Facebook
19968.91,Gaming,18-24,Traffic,1875746,98381,5981,0.0504,0.2,Instagram
10551.37,Services,35-44,Traffic,964197,56617,3518,0.0524,0.19,Twitter
8459.77,Fashion,25-34,Traffic,833251,55048,5737,0.0666,0.15,Instagram
15796.34,Services,25-34,Engagement,1268313,152074,16457,0.122,0.1,TikTok
16028.19,E-commerce,55+,Engagement,1417000,30363,857,0.0268,0.53,Facebook
36119.22,Fashion,13-17,Conversion,2620591,110535,4741,0.0418,0.33,Twitter
10382.68,Food,55+,Traffic,1136279,51250,3036,0.0435,0.2,Facebook
10662.53,Services,55+,Engagement,771948,53046,3672,0.0681,0.2,Twitter
30106.12,Fashion,18-24,Conversion,2783425,380833,43772,0.1417,0.08,Instagram
1649.01,Gaming,25-34,Engagement,175532,16273,2160,0.0897,0.1,Instagram
44965.6,Fashion,13-17,Conversion,4180391,431682,43350,0.1041,0.1,TikTok
47279.27,Food,35-44,Engagement,4507568,79958,3459,0.0185,0.59,Twitter
23601.94,E-commerce,25-34,Conversion,1893615,119650,11791,0.0675,0.2,Instagram
38916.75,Tech,18-24,Engagement,2765721,60587,3239,0.0221,0.64,Instagram
18733.44,Tech,25-34,Engagement,942836,89399,4020,0.0926,0.21,Twitter
15659.33,E-commerce,25-34,Awareness,1081193,178952,20136,0.163,0.09,TikTok
4390.44,Services,35-44,Conversion,383544,19232,1390,0.0505,0.23,Twitter
9346.69,E-commerce,18-24,Conversion,822355,97035,14250,0.1142,0.1,TikTok
5019.12,Services,55+,Awareness,494678,15508,804,0.0269,0.32,Facebook
11623.77,Fashion,45-54,Engagement,835504,24314,1103,0.0304,0.48,Facebook
32866.93,Fashion,13-17,Traffic,3039946,53503,4241,0.0205,0.61,Twitter
13938.65,Food,18-24,Traffic,1174185,120629,13118,0.105,0.12,TikTok
5616.43,Fashion,25-34,Engagement,463443,48904,3491,0.1034,0.11,Instagram
879.9,Fashion,18-24,Traffic,37472,1972,67,0.0502,0.45,Twitter
17897.28,Tech,35-44,Conversion,1212274,27564,1713,0.024,0.65,Facebook
17465.35,E-commerce,13-17,Traffic,1628810,114543,14360,0.0645,0.15,TikTok
545.73,Tech,35-44,Engagement,34194,685,26,0.0186,0.8,Facebook
14585.62,Food,13-17,Conversion,1171571,101698,13560,0.0895,0.14,TikTok
43894.3,Fashion,18-24,Awareness,3674560,491850,22614,0.127,0.09,TikTok
39263.1,Gaming,13-17,Traffic,3309763,365880,54151,0.1051,0.11,TikTok
9532.09,Tech,18-24,Conversion,839907,48666,3757,0.0552,0.2,TikTok
14682.72,Food,35-44,Engagement,1408528,39780,3394,0.0284,0.37,Facebook
25080.91,E-commerce,25-34,Conversion,2054359,80886,3368,0.0436,0.31,Instagram
39206.56,Tech,18-24,Traffic,2837975,128654,10756,0.0453,0.3,Instagram
21224.08,Food,35-44,Engagement,1640481,19370,729,0.0091,1.1,Twitter
39430.04,E-commerce,25-34,Awareness,2772066,262322,23449,0.0951,0.15,TikTok
18100.47,Gaming,35-44,Traffic,1584148,51195,3417,0.0387,0.35,Twitter
34057.53,Food,18-24,Traffic,2932261,116071,3813,0.0326,0.29,Twitter
5138.67,Gaming,13-17,Awareness,275316,26557,3195,0.0926,0.19,TikTok
46658.03,Services,55+,Engagement,2821148,133923,2583,0.0476,0.35,Twitter
16922.63,E-commerce,45-54,Awareness,1279756,23409,1746,0.0259,0.72,Facebook
10611.05,Services,55+,Awareness,1241500,96835,6446,0.0779,0.11,Twitter
15299.05,Gaming,13-17,Conversion,1411166,102218,13382,0.0655,0.15,TikTok
31887.93,Food,25-34,Conversion,2422554,102236,8316,0.0475,0.31,Twitter
34642.91,E-commerce,45-54,Conversion,2805963,64880,2942,0.0298,0.53,Twitter
27899.44,Tech,35-44,Conversion,2165897,55815,2809,0.0296,0.5,Facebook
13112.98,Fashion,18-24,Traffic,748289,26217,1516,0.0329,0.5,Twitter
37977.67,Food,18-24,Engagement,2396908,346718,24864,0.1366,0.11,TikTok
8363.45,Fashion,45-54,Engagement,694513,9567,581,0.0115,0.87,Facebook
18067.66,Gaming,13-17,Awareness,1799112,238240,34547,0.1275,0.08,TikTok
14622.35,E-commerce,18-24,Conversion,1206293,120125,13517,0.1015,0.12,TikTok
37044.49,Tech,18-24,Awareness,2232354,163743,9560,0.0716,0.23,Instagram
46464.32,Fashion,35-44,Traffic,2626494,346315,40566,0.1342,0.13,Instagram
20244.47,Gaming,45-54,Engagement,1582311,56435,2701,0.0308,0.36,Twitter
5211.69,Tech,25-34,Traffic,507248,50011,5869,0.1034,0.1,TikTok
2396.67,Gaming,35-44,Traffic,246986,7586,709,0.0345,0.32,Twitter
14110.29,Gaming,13-17,Awareness,1456669,182843,19059,0.1192,0.08,TikTok
46347.05,E-commerce,55+,Conversion,3504543,57103,3490,0.0171,0.81,Facebook
20533.7,Food,35-44,Conversion,1615858,45466,2905,0.0325,0.45,Facebook
33294.2,Gaming,13-17,Awareness,1490079,178474,23214,0.1244,0.19,TikTok
18954.28,Gaming,45-54,Traffic,1235816,54992,5065,0.0409,0.34,Twitter
10463.02,Tech,45-54,Awareness,793384,17236,1520,0.0244,0.61,Facebook
11181.91,Gaming,55+,Engagement,1008639,10207,558,0.0142,1.1,Facebook
39411.27,Fashion,35-44,Engagement,3559838,96880,7484,0.0254,0.41,Twitter
25903.68,Gaming,18-24,Engagement,2306976,262749,16714,0.1148,0.1,Instagram
25052.07,Tech,13-17,Awareness,2133926,205476,16808,0.0971,0.12,TikTok
13268.36,Food,35-44,Awareness,800014,15492,1418,0.0183,0.86,Twitter
7518.33,Gaming,35-44,Awareness,581036,22249,1036,0.0294,0.34,Facebook
14577.29,Gaming,45-54,Conversion,1199719,47808,3239,0.0431,0.3,Twitter
31642.16,E-commerce,35-44,Engagement,2717668,136742,12588,0.0512,0.23,Twitter
3951.88,Services,18-24,Engagement,379783,30962,3043,0.0787,0.13,Twitter
10986.53,Food,25-34,Conversion,797578,46707,2275,0.0615,0.24,Instagram
49985.01,Food,18-24,Awareness,4791889,224913,15192,0.0448,0.22,Twitter
11826.05,Gaming,18-24,Engagement,1101476,168829,14891,0.1509,0.07,TikTok
4399.99,Fashion,18-24,Traffic,346948,30211,5000,0.0835,0.15,Instagram
44170.65,Fashion,18-24,Conversion,4337122,415172,31081,0.1042,0.11,TikTok
19119.68,Tech,45-54,Traffic,1720828,26148,1310,0.0143,0.73,Facebook
4261.1,Fashion,35-44,Traffic,331533,5879,321,0.0235,0.72,Facebook
31830.16,Food,18-24,Engagement,1762950,95881,12477,0.0553,0.33,Instagram
15737.48,Tech,13-17,Traffic,932825,67795,4870,0.0715,0.23,Twitter
7250.46,Fashion,18-24,Traffic,482032,53029,5389,0.1094,0.14,Instagram
9637.47,E-commerce,18-24,Engagement,875480,88124,6504,0.1006,0.11,TikTok
26971.7,Gaming,13-17,Traffic,2583035,244745,26890,0.0986,0.11,TikTok
32244.39,E-commerce,13-17,Traffic,2624912,234838,32961,0.0987,0.14,TikTok
11009.92,E-commerce,18-24,Engagement,960432,126378,13842,0.1336,0.09,TikTok
15617.45,Gaming,35-44,Traffic,1398666,38074,2967,0.03,0.41,Facebook
48025.06,Tech,18-24,Traffic,4797541,526956,58627,0.1099,0.09,TikTok
25140.11,Tech,35-44,Conversion,1790663,165174,8712,0.084,0.15,Twitter
12156.3,Fashion,25-34,Awareness,925765,84369,9078,0.1061,0.14,Instagram
4779.59,Services,13-17,Traffic,522226,66820,8822,0.128,0.07,TikTok
6600.53,Fashion,18-24,Conversion,613984,39256,1330,0.0664,0.17,Instagram
962.96,Services,35-44,Traffic,69551,149,5,0.001,6.42,Facebook
26268.76,E-commerce,18-24,Awareness,2128422,269746,33861,0.1228,0.1,TikTok
44813.32,Gaming,13-17,Awareness,3784323,650265,62954,0.1742,0.07,TikTok
15321.64,Services,35-44,Traffic,1206856,20027,1150,0.0202,0.77,Facebook
30282.6,Tech,18-24,Awareness,2419535,380050,26293,0.1598,0.08,TikTok
47355.5,Tech,35-44,Engagement,4340646,117103,6183,0.0323,0.4,Facebook
13006.98,Gaming,25-34,Traffic,891834,84376,14386,0.0936,0.15,TikTok
40646.63,Services,25-34,Awareness,2543528,110992,8671,0.0477,0.37,Instagram
24018.49,Tech,13-17,Engagement,1828504,286741,51062,0.1536,0.08,TikTok
20364.08,Food,25-34,Awareness,1622166,132049,13480,0.0818,0.15,Instagram
31372.74,Services,55+,Traffic,2233803,189993,8072,0.0832,0.17,Twitter
11268.39,Gaming,45-54,Awareness,817572,19415,361,0.0211,0.58,Twitter
26648.93,Food,55+,Awareness,2375945,47696,3065,0.0304,0.56,Facebook
10229.04,Fashion,18-24,Conversion,908629,50975,7503,0.062,0.2,TikTok
3115.44,Fashion,35-44,Engagement,235883,1332,62,0.0079,2.34,Facebook
34241.82,Food,18-24,Engagement,3339781,99966,6852,0.0302,0.34,Twitter
26739.07,Food,18-24,Awareness,2722837,409082,36179,0.1435,0.07,TikTok
29598.33,Gaming,35-44,Traffic,2620326,297991,33678,0.1123,0.1,Instagram
31991.9,E-commerce,25-34,Awareness,2290674,134966,17715,0.0568,0.24,Instagram
2331.01,Gaming,35-44,Traffic,248149,24153,2743,0.1011,0.1,Instagram
1507.02,Tech,13-17,Traffic,118742,5252,353,0.0509,0.29,Twitter
8165.72,Fashion,13-17,Engagement,681909,22823,1473,0.0302,0.36,Twitter
26841.08,Food,13-17,Engagement,1687388,76389,5050,0.047,0.35,Twitter
34133.13,E-commerce,35-44,Engagement,2595324,109617,10255,0.0507,0.31,Instagram
35185.72,Food,55+,Engagement,2829797,78948,4815,0.0338,0.45,Twitter
41655.43,Services,18-24,Conversion,3635710,328924,29501,0.0893,0.13,TikTok
25810.92,Services,25-34,Traffic,1771109,85139,3087,0.0505,0.3,Twitter
25978.9,Food,35-44,Traffic,2367114,50478,3532,0.026,0.51,Facebook
21004.8,Services,13-17,Awareness,1496359,93255,4869,0.0595,0.23,Twitter
5507.6,Tech,18-24,Engagement,412985,58892,5711,0.1433,0.09,TikTok
37921.17,Fashion,13-17,Awareness,1976584,184822,15153,0.0881,0.21,TikTok
45254.44,E-commerce,45-54,Awareness,4139097,181138,12272,0.0398,0.25,Facebook
41179.55,Food,13-17,Conversion,3913391,363648,47049,0.0938,0.11,TikTok
9243.41,Services,45-54,Awareness,887134,787,45,0.0055,11.73,Facebook
10788.97,Tech,35-44,Engagement,852881,60395,7611,0.067,0.18,Instagram
42494.92,Fashion,25-34,Traffic,2707167,258140,22560,0.0893,0.16,TikTok
27473.85,Gaming,18-24,Awareness,2142931,232850,28236,0.0957,0.12,TikTok
45669.37,E-commerce,18-24,Awareness,2914730,392183,47261,0.1303,0.12,TikTok
9353.41,Gaming,25-34,Awareness,787777,81297,5579,0.1005,0.12,TikTok
44581.06,Food,45-54,Awareness,4105672,120847,10699,0.0355,0.37,Facebook
15070.85,Services,13-17,Awareness,1147784,73195,5958,0.0643,0.21,Twitter
21052.41,Tech,18-24,Engagement,1773638,22921,2771,0.0118,0.92,Instagram
29126.44,Tech,35-44,Engagement,2443415,57570,2827,0.0209,0.51,Facebook
44582.69,E-commerce,25-34,Traffic,3067542,104122,10787,0.0392,0.43,Instagram
38978.83,E-commerce,18-24,Engagement,3734553,408676,42964,0.0996,0.1,TikTok
24276.49,E-commerce,35-44,Awareness,1924830,37243,2451,0.022,0.65,Facebook
20065.07,Gaming,45-54,Awareness,1617239,31352,1170,0.0146,0.64,Facebook
49129.94,Services,45-54,Engagement,4014052,249044,10805,0.0629,0.2,Twitter
14487.08,Tech,25-34,Engagement,811179,24251,1188,0.0289,0.6,Instagram
44587.03,E-commerce,25-34,Awareness,3070029,217933,19037,0.0711,0.2,Instagram
1491.15,E-commerce,18-24,Conversion,120603,3493,368,0.0317,0.43,Instagram
11602.75,E-commerce,35-44,Engagement,836983,15220,1509,0.0167,0.76,Facebook
11554.5,E-commerce,25-34,Engagement,1027525,98305,10165,0.0922,0.12,TikTok
47130.25,Food,18-24,Engagement,3371837,237653,23172,0.0725,0.2,TikTok
4260.07,Food,25-34,Conversion,293781,10538,1050,0.0369,0.4,Instagram
27566.88,Food,18-24,Engagement,1619226,66326,3142,0.0311,0.42,Twitter
11158.81,E-commerce,45-54,Engagement,1007772,42613,1197,0.039,0.26,Facebook
39146.93,Services,25-34,Awareness,3389137,141614,4019,0.0534,0.28,Twitter
22469.66,Fashion,18-24,Conversion,2098836,281400,33824,0.1315,0.08,TikTok
11803.51,Gaming,35-44,Engagement,1006456,35301,2805,0.0356,0.33,Twitter
5478.55,Fashion,55+,Awareness,461581,11673,982,0.0263,0.47,Facebook
33315.28,Fashion,45-54,Conversion,2970292,143942,9937,0.043,0.23,Twitter
34266.66,E-commerce,25-34,Traffic,2045139,56772,4144,0.0275,0.6,Twitter
38263.99,Tech,18-24,Conversion,1895075,140911,14333,0.0737,0.27,Instagram
1437.31,E-commerce,25-34,Engagement,127551,4154,268,0.0314,0.35,Instagram
45214.4,Services,25-34,Engagement,4431823,276541,25338,0.053,0.16,Instagram
42143.2,Services,25-34,Conversion,3323074,420688,65005,0.1326,0.1,TikTok
49347.59,Gaming,13-17,Awareness,5026550,1030080,151216,0.2044,0.05,TikTok
20884.01,Gaming,25-34,Engagement,1445027,68953,4740,0.0448,0.3,Twitter
32536.26,Fashion,45-54,Conversion,2877341,127205,12142,0.0364,0.26,Twitter
10203.47,Fashion,25-34,Engagement,758561,20978,2044,0.0213,0.49,Twitter
33343.98,Food,13-17,Conversion,1880925,214022,19392,0.1263,0.16,TikTok
11216.02,Food,45-54,Awareness,983838,14969,1236,0.0187,0.75,Twitter
42432.76,Fashion,25-34,Awareness,3754072,488985,65213,0.1277,0.09,Instagram
32026.66,E-commerce,25-34,Engagement,2483324,99128,9758,0.0461,0.32,Instagram
21509.1,Tech,35-44,Engagement,2515047,53821,2775,0.0176,0.4,Facebook
42408.11,Food,35-44,Engagement,2336613,12781,764,0.0104,3.32,Facebook
24549.56,Gaming,25-34,Traffic,1776077,196071,14170,0.1114,0.13,Instagram
43136.82,Tech,18-24,Engagement,4894870,284588,11878,0.0617,0.15,Twitter
11372.5,Food,35-44,Traffic,868922,16315,996,0.0209,0.7,Facebook
6653.93,E-commerce,13-17,Awareness,617125,16911,1189,0.024,0.39,Twitter
29461.71,E-commerce,18-24,Conversion,2093878,175843,12580,0.0851,0.17,Instagram
23975.25,E-commerce,35-44,Awareness,1879824,45734,2192,0.0393,0.52,Twitter
21112.25,Gaming,25-34,Conversion,1888876,177903,13524,0.09,0.12,Instagram
2725.27,Tech,45-54,Engagement,120594,3973,251,0.0252,0.69,Facebook
26062.05,Fashion,13-17,Engagement,2647134,389087,52368,0.1442,0.07,TikTok
15907.77,Food,18-24,Traffic,884539,123245,11567,0.1324,0.13,TikTok
507.22,Gaming,55+,Engagement,29588,516,24,0.0129,0.98,Twitter
44495.32,Tech,35-44,Conversion,3272178,96596,6263,0.0304,0.46,Facebook
23226.51,E-commerce,55+,Awareness,1508579,28152,790,0.023,0.83,Facebook
34888.84,Gaming,35-44,Engagement,2555513,97173,3149,0.0353,0.36,Twitter
11980.56,Fashion,45-54,Conversion,694528,17592,665,0.018,0.68,Facebook
48337.52,Gaming,13-17,Engagement,3691362,131517,9695,0.0282,0.37,Twitter
12991.05,Services,35-44,Awareness,915478,20687,1728,0.0283,0.63,Facebook
16131.92,Fashion,35-44,Engagement,1655832,71206,5363,0.0401,0.23,Facebook
34577.09,Food,35-44,Engagement,2320300,71767,2871,0.0273,0.48,Facebook
30433.42,Gaming,45-54,Awareness,3041480,145137,14536,0.0446,0.21,Facebook
32135.57,E-commerce,18-24,Conversion,2204597,269885,21516,0.1223,0.12,TikTok
35885.99,Gaming,18-24,Awareness,2915265,457717,56904,0.1621,0.08,TikTok
31097.25,E-commerce,55+,Traffic,2200090,57004,4047,0.0247,0.55,Twitter
32690.13,Food,45-54,Conversion,3556844,41803,2324,0.0166,0.78,Facebook
770.43,Tech,55+,Engagement,48992,2423,143,0.0579,0.32,Twitter
26453.15,Gaming,18-24,Engagement,2209238,221433,19135,0.0976,0.12,Instagram
30104.21,E-commerce,35-44,Traffic,2899002,150997,21068,0.0527,0.2,Instagram
1645.93,Gaming,18-24,Awareness,120763,9708,711,0.0801,0.17,Instagram
37409.61,Tech,35-44,Engagement,3114322,226622,10754,0.0727,0.17,Twitter
29762.04,Food,45-54,Traffic,1928136,42869,2496,0.0263,0.69,Twitter
20156.05,Food,55+,Engagement,1535810,67882,6565,0.0394,0.3,Twitter
49370.31,Food,25-34,Engagement,4222467,366682,18933,0.0863,0.13,Instagram
43212.41,Food,45-54,Traffic,2855905,113028,5667,0.035,0.38,Twitter
3716.21,Fashion,45-54,Traffic,304736,10674,579,0.0333,0.35,Twitter
41115.39,Tech,45-54,Traffic,3790687,59665,4863,0.0132,0.69,Facebook
1683.2,E-commerce,55+,Traffic,104530,770,59,0.0129,2.18,Facebook
43086.98,Fashion,35-44,Traffic,2781091,264671,37951,0.0943,0.16,Instagram
13871.34,Gaming,25-34,Awareness,1325540,53718,2395,0.0386,0.26,Twitter
42116.09,E-commerce,25-34,Awareness,3756669,131804,8281,0.025,0.32,Twitter
14689.59,Fashion,25-34,Traffic,948706,70974,6152,0.0753,0.21,Instagram
12206.58,Tech,35-44,Awareness,670469,49063,2799,0.0765,0.25,Twitter
29360.04,Gaming,13-17,Conversion,2535061,87498,3604,0.0352,0.34,Twitter
9678.24,Gaming,35-44,Conversion,694106,15509,814,0.0256,0.62,Twitter
3545.91,E-commerce,35-44,Traffic,350280,8613,219,0.0289,0.41,Twitter
24094.42,E-commerce,25-34,Engagement,1492303,87592,13845,0.0558,0.28,Instagram
12317.88,Fashion,55+,Awareness,1166894,26992,1526,0.0257,0.46,Facebook
23052.86,Food,25-34,Traffic,1841109,52632,2470,0.0269,0.44,Twitter
15910.65,Food,18-24,Conversion,1199824,30751,2385,0.0261,0.52,Twitter
33303.58,Fashion,35-44,Traffic,3379000,132802,9541,0.0336,0.25,Facebook
43938.01,Fashion,18-24,Engagement,3974693,403889,39291,0.1027,0.11,TikTok
19445.69,Services,25-34,Engagement,1446236,85223,5432,0.0575,0.23,Twitter
34279.03,Services,13-17,Conversion,2472147,236456,24339,0.1029,0.14,TikTok
26859.27,Services,18-24,Traffic,2243001,295350,23136,0.143,0.09,TikTok
49419.9,Tech,35-44,Awareness,3540596,151650,14666,0.0438,0.33,Instagram
42906.1,Services,55+,Traffic,3407321,27086,1380,0.0235,1.58,Facebook
32730.24,Food,18-24,Awareness,1495457,140760,13820,0.0996,0.23,Instagram
11153.78,Services,55+,Conversion,953570,53601,3151,0.0495,0.21,Twitter
7733.29,Fashion,13-17,Awareness,602241,84600,6567,0.1388,0.09,TikTok
16820.3,Fashion,13-17,Engagement,1454193,44415,3074,0.0352,0.38,Twitter
17791.2,Fashion,18-24,Awareness,1650912,36095,1761,0.0243,0.49,Twitter
33394.48,E-commerce,13-17,Awareness,1968938,250478,28073,0.1326,0.13,TikTok
23243.7,E-commerce,13-17,Conversion,2238869,388480,41431,0.1638,0.06,TikTok
18411.17,Food,55+,Traffic,1234107,59902,4469,0.0488,0.31,Facebook
49489.28,Tech,45-54,Conversion,3724115,48727,2361,0.0119,1.02,Facebook
29849.69,E-commerce,45-54,Awareness,2552591,107707,3808,0.0392,0.28,Twitter
8947.28,Food,55+,Engagement,538730,12658,828,0.025,0.71,Twitter
32598.93,Food,35-44,Conversion,2315965,178632,28694,0.0716,0.18,Instagram
20227.36,Services,35-44,Awareness,1576669,94097,13961,0.0649,0.21,Instagram
35755.59,Fashion,55+,Traffic,2818172,0,0,0.0026,35755.59,Twitter
23336.7,Services,35-44,Awareness,2074279,86832,8230,0.0384,0.27,Instagram
24664.03,Services,18-24,Awareness,1957989,232035,16156,0.1268,0.11,TikTok
25596.91,Services,18-24,Awareness,1821599,211339,11660,0.1257,0.12,TikTok
10916.45,Food,25-34,Conversion,794082,24181,2315,0.0266,0.45,Twitter
49958.53,Tech,18-24,Awareness,4122228,110191,10623,0.0283,0.45,Instagram
45735.12,Food,18-24,Traffic,2965767,437372,28474,0.1402,0.1,TikTok
4827.26,Food,45-54,Traffic,339114,8227,219,0.0251,0.59,Facebook
34379.62,Food,13-17,Engagement,2859124,264507,39640,0.0964,0.13,TikTok
4247.99,E-commerce,13-17,Awareness,304287,34595,495,0.1128,0.12,TikTok
44115.86,Tech,25-34,Traffic,4036970,219373,21578,0.0519,0.2,Instagram
19849.74,Gaming,25-34,Traffic,1475454,116033,10668,0.0741,0.17,Instagram
45467.23,Food,35-44,Traffic,4035500,112066,8008,0.0272,0.41,Facebook
21321.09,Gaming,18-24,Conversion,1802485,131429,17468,0.0808,0.16,TikTok
17107.09,Fashion,25-34,Awareness,1095453,87842,6896,0.0797,0.19,Instagram
13988.11,Food,13-17,Traffic,851174,96556,9743,0.11,0.14,TikTok
18861.93,Food,45-54,Traffic,1568471,27518,1988,0.0278,0.69,Twitter
49220.22,E-commerce,13-17,Conversion,4166498,396764,48193,0.0966,0.12,TikTok
35497.38,Fashion,35-44,Conversion,2516723,69483,1750,0.0283,0.51,Twitter
49931.17,E-commerce,18-24,Conversion,2878580,372384,48746,0.1298,0.13,TikTok
17923.22,Tech,13-17,Engagement,1110202,40694,2977,0.0363,0.44,Twitter
46052.12,Tech,18-24,Conversion,3178078,155395,11387,0.0542,0.3,Twitter
28233.9,Fashion,55+,Awareness,1839233,43704,1654,0.0319,0.65,Twitter
20847.49,E-commerce,25-34,Awareness,1664596,194082,12539,0.1177,0.11,TikTok
22678.13,Fashion,35-44,Conversion,1795667,50722,5149,0.0346,0.45,Facebook
35160.39,Gaming,45-54,Conversion,2855671,110817,6420,0.0439,0.32,Facebook
28779.73,Gaming,18-24,Conversion,2912112,54343,5331,0.0211,0.53,Twitter
5361.16,E-commerce,45-54,Conversion,365949,2815,236,0.0124,1.9,Facebook
35960.46,Fashion,18-24,Engagement,3008780,471104,47914,0.1501,0.08,TikTok
16277.6,Services,55+,Awareness,1427913,120147,8902,0.0799,0.14,Twitter
43951.49,Food,18-24,Traffic,3964528,525402,51219,0.1294,0.08,TikTok
37744.18,Tech,45-54,Awareness,3538136,107996,9716,0.0325,0.35,Facebook
31217.49,Fashion,18-24,Engagement,2998945,428745,55208,0.1459,0.07,TikTok
12918.46,Gaming,13-17,Conversion,790674,17806,1692,0.0204,0.73,Twitter
44178.87,Fashion,35-44,Traffic,4608473,189212,20886,0.0372,0.23,Facebook
1847.11,Tech,25-34,Traffic,144453,12294,1338,0.0829,0.15,TikTok
6705.86,Food,25-34,Awareness,389262,36218,3412,0.0909,0.19,Instagram
45371.26,Gaming,13-17,Engagement,4365482,77208,3322,0.0163,0.59,Twitter
20757.18,E-commerce,55+,Engagement,2217620,19727,1453,0.0161,1.05,Twitter
47649.56,Food,18-24,Awareness,4983703,653984,54337,0.1341,0.07,TikTok
23374.8,Food,55+,Traffic,2260411,94174,5990,0.0396,0.25,Twitter
28538.98,E-commerce,55+,Engagement,2245703,70845,5557,0.0262,0.4,Twitter
36400.59,E-commerce,25-34,Engagement,2969570,58309,3831,0.0243,0.62,Twitter
27180.75,Fashion,25-34,Engagement,2930872,235556,34630,0.0735,0.12,Instagram
18590.94,Fashion,35-44,Awareness,1354696,351,11,0.0013,52.92,Facebook
39735.34,E-commerce,45-54,Awareness,3749174,205181,14751,0.0434,0.19,Twitter
13546.08,Gaming,13-17,Awareness,987629,15730,889,0.0081,0.86,Twitter
30963.24,Tech,55+,Awareness,3625992,118259,7443,0.0389,0.26,Facebook
19931.66,Fashion,18-24,Awareness,1523008,118191,13571,0.077,0.17,Instagram
28134.0,Food,35-44,Traffic,2375024,102707,6386,0.0379,0.27,Facebook
10948.76,Services,55+,Engagement,943861,19174,777,0.0197,0.57,Facebook
36920.87,Fashion,18-24,Engagement,4000364,403729,39058,0.1,0.09,Instagram
9740.36,Services,18-24,Awareness,571305,30876,3621,0.0552,0.32,Instagram
42304.83,E-commerce,18-24,Traffic,3370902,265285,28687,0.0774,0.16,Instagram
9478.62,E-commerce,18-24,Awareness,657304,48474,4372,0.0745,0.2,Instagram
36535.07,Services,13-17,Engagement,2433423,233989,14793,0.0965,0.16,TikTok
17915.66,Tech,25-34,Engagement,1481372,91968,10225,0.0611,0.19,Instagram
37722.31,Gaming,13-17,Conversion,3557200,68936,1553,0.0147,0.55,Twitter
32529.18,Tech,18-24,Conversion,2644710,179991,13286,0.0676,0.18,Instagram
47977.15,Gaming,55+,Traffic,3975605,75349,3503,0.0238,0.64,Twitter
36459.85,Fashion,18-24,Conversion,3784486,295402,42901,0.0821,0.12,Instagram
25363.97,Gaming,45-54,Engagement,1299334,36239,1915,0.0291,0.7,Facebook
14894.09,Services,18-24,Conversion,806289,30929,3360,0.0379,0.48,Instagram
12173.83,E-commerce,25-34,Conversion,860214,73066,9203,0.0721,0.17,Instagram
17493.27,E-commerce,25-34,Engagement,1546648,37333,5160,0.0282,0.47,Instagram
32795.52,Gaming,25-34,Engagement,2332262,68647,3639,0.0287,0.48,Twitter
36002.47,Tech,18-24,Awareness,3043349,194189,11651,0.0627,0.19,Twitter
29402.95,Tech,35-44,Awareness,2368915,83258,4885,0.0271,0.35,Instagram
33572.58,Tech,25-34,Engagement,2641703,354427,33541,0.1413,0.09,TikTok
30453.66,Tech,35-44,Conversion,2284737,182915,13047,0.069,0.17,Twitter
31983.56,Food,35-44,Engagement,3160072,116127,4127,0.039,0.28,Twitter
40202.65,E-commerce,18-24,Awareness,2649196,118289,15000,0.0528,0.34,Instagram
15628.59,Tech,35-44,Awareness,1122410,28960,2033,0.024,0.54,Instagram
24639.61,Gaming,18-24,Conversion,2029204,25816,1131,0.0218,0.95,Twitter
27409.2,Fashion,45-54,Traffic,2167209,36506,1861,0.0266,0.75,Facebook
43132.08,Gaming,18-24,Traffic,3589384,173693,13765,0.0471,0.25,Twitter
27141.75,Services,35-44,Conversion,2503042,115295,8565,0.0477,0.24,Twitter
49542.75,Tech,13-17,Awareness,4224550,374116,24139,0.0964,0.13,TikTok
32384.9,Gaming,45-54,Awareness,3057099,98902,4114,0.0349,0.33,Facebook
28689.52,E-commerce,13-17,Conversion,1995499,212008,21932,0.1051,0.14,TikTok
17859.83,Gaming,35-44,Engagement,1491044,93128,6086,0.0592,0.19,Instagram
49666.03,Services,18-24,Traffic,4153593,700498,74874,0.1775,0.07,TikTok
49959.26,Tech,25-34,Engagement,3428090,197607,29736,0.0572,0.25,Instagram
46921.58,Food,35-44,Awareness,3395973,131641,6486,0.0374,0.36,Facebook
6451.4,Food,25-34,Awareness,697439,16812,857,0.0234,0.38,Twitter
12749.28,E-commerce,18-24,Conversion,926130,100727,5433,0.1066,0.13,TikTok
39309.66,Services,35-44,Engagement,3174024,121907,13130,0.0423,0.32,Instagram
39593.96,E-commerce,18-24,Engagement,2195875,60693,7221,0.0264,0.65,Instagram
43059.45,Tech,18-24,Awareness,3349147,449738,39105,0.1332,0.1,TikTok
7380.3,Gaming,18-24,Traffic,469415,41075,4048,0.0894,0.18,Instagram
6542.8,Tech,55+,Traffic,552514,23912,2293,0.0419,0.27,Facebook
5068.58,Gaming,25-34,Engagement,425634,32194,3484,0.0715,0.16,Instagram
35907.12,E-commerce,55+,Traffic,2725031,115281,7896,0.0421,0.31,Facebook
28573.19,Tech,25-34,Conversion,1853472,129895,15973,0.0734,0.22,Instagram
9518.55,Fashion,18-24,Conversion,707930,72630,8108,0.1002,0.13,Instagram
18782.0,Tech,25-34,Awareness,1854564,153810,16788,0.0909,0.12,Instagram
15048.42,Food,13-17,Traffic,1207411,93936,6310,0.0797,0.16,TikTok
49713.3,Services,13-17,Traffic,2464079,192201,16533,0.0718,0.26,Twitter
29521.46,Gaming,18-24,Awareness,2087071,291236,22108,0.1308,0.1,TikTok
15865.31,Food,35-44,Traffic,1057169,35442,2196,0.0332,0.45,Facebook
15120.69,Services,55+,Conversion,1229121,14864,603,0.0116,1.02,Facebook
2019.58,Services,13-17,Awareness,149407,12034,674,0.0822,0.17,Twitter
10863.71,Tech,35-44,Traffic,711726,31203,2222,0.046,0.35,Facebook
14915.3,Food,25-34,Engagement,1144437,132251,25855,0.1087,0.11,Instagram
10515.64,Gaming,13-17,Conversion,804088,118533,13655,0.145,0.09,TikTok
47444.48,Tech,35-44,Engagement,4570472,148933,8414,0.0319,0.32,Facebook
35279.41,Fashion,18-24,Engagement,3057874,554754,65858,0.1752,0.06,TikTok
34550.18,E-commerce,13-17,Traffic,2235278,287910,32353,0.1316,0.12,TikTok
18689.58,Tech,35-44,Engagement,1031197,75905,8106,0.0718,0.25,Instagram
10476.62,Services,25-34,Awareness,974188,40847,2829,0.0425,0.26,Instagram
43328.86,Food,25-34,Awareness,3475150,373524,27233,0.1065,0.12,TikTok
27222.16,E-commerce,35-44,Conversion,2372597,85455,4901,0.0365,0.32,Twitter
26654.35,Fashion,13-17,Traffic,2356662,245601,34755,0.1016,0.11,TikTok
2083.93,Tech,25-34,Traffic,168725,3609,424,0.0253,0.58,Instagram
24912.46,Food,13-17,Engagement,2257039,51706,1979,0.0232,0.48,Twitter
22213.69,Tech,45-54,Engagement,1793412,115912,4268,0.0587,0.19,Twitter
22258.67,Food,35-44,Conversion,1525791,23323,794,0.0134,0.95,Facebook
15742.51,Tech,18-24,Engagement,1272446,149681,10513,0.1243,0.11,TikTok
48096.74,Gaming,45-54,Awareness,4824021,95511,4917,0.0235,0.5,Facebook
49507.75,Tech,35-44,Traffic,2499474,152311,7044,0.0622,0.33,Twitter
28445.93,Gaming,55+,Awareness,1958764,21875,1730,0.0177,1.3,Twitter
833.44,Services,13-17,Conversion,88002,17398,1964,0.1891,0.05,TikTok
30961.92,Food,25-34,Conversion,2104512,240763,21586,0.1195,0.13,TikTok
26344.02,E-commerce,13-17,Traffic,2805086,309351,29196,0.1172,0.09,TikTok
1108.14,Tech,25-34,Awareness,89319,2014,219,0.0124,0.55,Instagram
33813.54,E-commerce,18-24,Conversion,1364340,46084,1731,0.0337,0.73,Twitter
22699.28,Fashion,25-34,Awareness,1762090,281302,31485,0.1513,0.08,TikTok
32566.72,Fashion,18-24,Awareness,2021386,73995,10521,0.0397,0.44,TikTok
32427.69,E-commerce,13-17,Awareness,2895712,59292,3125,0.0259,0.55,Twitter
29958.0,Tech,45-54,Engagement,1783667,83354,6449,0.0524,0.36,Facebook
16225.54,Food,25-34,Traffic,848999,94243,7455,0.1061,0.17,Instagram
28595.53,E-commerce,35-44,Conversion,2409158,49076,2399,0.0265,0.58,Facebook
14056.25,Gaming,45-54,Traffic,795282,36672,2240,0.0476,0.38,Twitter
46788.15,Tech,35-44,Awareness,3348247,64871,5221,0.0108,0.72,Facebook
41240.81,Fashion,18-24,Traffic,3627847,141315,5073,0.031,0.29,Twitter
27476.62,Fashion,35-44,Engagement,2605611,100776,6345,0.0368,0.27,Facebook
38947.48,Fashion,35-44,Engagement,3315763,102525,10434,0.0232,0.38,Facebook
24825.58,Food,45-54,Engagement,2105455,55731,3948,0.0268,0.45,Facebook
36581.78,Gaming,45-54,Traffic,2248839,75798,3301,0.0366,0.48,Facebook
42811.05,Services,18-24,Traffic,2222318,215596,18340,0.1049,0.2,TikTok
34905.5,Services,55+,Engagement,3599717,127861,1967,0.0389,0.27,Twitter
36478.21,E-commerce,35-44,Traffic,2287586,52041,4319,0.0205,0.7,Facebook
3475.83,Services,55+,Traffic,252067,17189,1991,0.0584,0.2,Twitter
2819.61,Gaming,35-44,Conversion,180253,13074,415,0.0723,0.22,Instagram
5897.01,Services,13-17,Conversion,466267,25688,763,0.0607,0.23,Twitter
14819.96,Food,45-54,Awareness,1437371,36997,2731,0.0219,0.4,Twitter
42262.45,Food,18-24,Traffic,3531906,250978,15054,0.0703,0.17,Instagram
2255.22,Tech,18-24,Awareness,181110,28463,3236,0.1542,0.08,TikTok
14738.2,Services,35-44,Traffic,1282907,65086,3730,0.0499,0.23,Twitter
38763.0,Services,13-17,Conversion,2762346,451137,29860,0.1679,0.09,TikTok
28541.13,Gaming,35-44,Traffic,2225798,65391,4600,0.0256,0.44,Facebook
49279.79,Gaming,18-24,Conversion,3692581,249711,28410,0.0708,0.2,TikTok
16719.31,Tech,45-54,Engagement,1505678,94005,5879,0.0628,0.18,Twitter
5921.49,E-commerce,45-54,Engagement,542068,7864,470,0.0251,0.75,Facebook
27444.4,Gaming,55+,Engagement,2930611,68477,5143,0.0171,0.4,Facebook
28564.35,Food,35-44,Traffic,1773572,194129,26183,0.1133,0.15,Instagram
5630.37,Fashion,25-34,Conversion,374129,36873,3172,0.1022,0.15,Instagram
39824.36,Tech,35-44,Conversion,1733244,87298,9861,0.0437,0.46,Instagram
5562.55,Fashion,25-34,Engagement,565731,40720,3834,0.0722,0.14,Instagram
40833.0,Services,35-44,Awareness,2746922,172390,7923,0.0664,0.24,Twitter
15350.98,Gaming,18-24,Awareness,1648478,123268,5078,0.0811,0.12,TikTok
22809.54,Tech,35-44,Conversion,1489328,86656,7304,0.0527,0.26,Instagram
10284.84,E-commerce,45-54,Traffic,1039633,48446,1758,0.0396,0.21,Facebook
30916.54,Food,18-24,Engagement,2367526,203417,20537,0.0862,0.15,Instagram
29743.78,E-commerce,25-34,Traffic,2281936,105481,5249,0.0466,0.28,Instagram
23329.18,Food,18-24,Engagement,2246569,203601,26987,0.0966,0.11,TikTok
29594.55,Fashion,13-17,Awareness,2193572,50377,4361,0.0256,0.59,Twitter
35592.23,Tech,18-24,Engagement,2632197,261019,31658,0.0998,0.14,TikTok
44562.42,Tech,18-24,Traffic,3328081,368535,41188,0.113,0.12,TikTok
14061.16,Food,35-44,Awareness,1097390,27570,2172,0.0206,0.51,Facebook
46372.45,Food,35-44,Engagement,3327115,292564,38624,0.0906,0.16,Instagram
22961.4,Tech,55+,Awareness,1727518,22861,1043,0.0106,1.0,Facebook
2607.73,E-commerce,55+,Awareness,216246,5860,452,0.0272,0.44,Facebook
1665.64,Tech,13-17,Engagement,80332,4691,181,0.0592,0.36,Twitter
20373.16,Tech,18-24,Conversion,1503272,145179,8904,0.1021,0.14,TikTok
41429.68,Tech,13-17,Engagement,3824584,172262,8999,0.0451,0.24,Twitter
23721.85,Fashion,18-24,Awareness,2061997,195035,17672,0.0932,0.12,Instagram
49315.07,Services,25-34,Conversion,3889982,101048,15602,0.0209,0.49,Instagram
4720.27,Gaming,13-17,Traffic,393153,55435,7901,0.1457,0.09,TikTok
25706.84,Gaming,18-24,Traffic,1947673,50606,6267,0.0283,0.51,TikTok
26443.37,Services,35-44,Awareness,2095479,99288,11629,0.0413,0.27,Facebook
1846.81,Services,18-24,Traffic,204560,23244,975,0.1154,0.08,TikTok
14124.54,Fashion,45-54,Engagement,823491,18181,549,0.0191,0.78,Facebook
28283.7,Gaming,25-34,Traffic,2038745,262380,24911,0.1246,0.11,TikTok
630.27,Services,18-24,Awareness,25516,3073,375,0.1246,0.21,TikTok
3614.41,Tech,13-17,Traffic,203381,13840,719,0.0586,0.26,Twitter
37749.97,Food,18-24,Traffic,3282286,295928,26052,0.0994,0.13,Instagram
3889.99,E-commerce,55+,Traffic,335669,10772,104,0.0313,0.36,Twitter
43936.02,Tech,18-24,Awareness,3980471,65120,6997,0.022,0.67,Instagram
3244.39,Fashion,35-44,Traffic,327142,9329,280,0.0349,0.35,Facebook
5690.52,Services,25-34,Engagement,376171,24462,2406,0.0651,0.23,Instagram
2585.34,Food,55+,Conversion,241192,3081,297,0.013,0.84,Twitter
3795.13,Fashion,35-44,Engagement,372060,43903,5383,0.1143,0.09,Instagram
19738.06,Services,13-17,Engagement,1757124,186921,26081,0.1115,0.11,TikTok
11452.47,Food,13-17,Awareness,1381387,0,0,0.001,11452.47,Twitter
37294.89,Gaming,18-24,Conversion,4162579,491821,62640,0.1158,0.08,Instagram
17620.94,Food,25-34,Conversion,1189423,123663,7657,0.1027,0.14,TikTok
34085.25,E-commerce,35-44,Traffic,2872299,50682,2287,0.0204,0.67,Facebook
37038.77,Services,35-44,Traffic,3327304,217136,15103,0.0702,0.17,Instagram
12091.06,Food,45-54,Engagement,1092701,13970,871,0.0145,0.87,Facebook
15643.18,Services,18-24,Engagement,1182434,77990,7881,0.066,0.2,Twitter
21474.68,Tech,25-34,Traffic,1703658,115101,12004,0.0708,0.19,Instagram
21595.15,Tech,45-54,Traffic,1356149,59373,4690,0.0524,0.36,Twitter
42913.96,Gaming,35-44,Conversion,4120183,329363,18966,0.0782,0.13,Instagram
42492.76,Tech,25-34,Engagement,4853310,360791,53189,0.0772,0.12,TikTok
42799.45,Tech,18-24,Awareness,3732536,169192,9356,0.0431,0.25,Twitter
19450.94,Fashion,35-44,Traffic,1316596,49775,2418,0.0324,0.39,Twitter
1694.42,Tech,45-54,Conversion,140270,4401,260,0.0274,0.38,Facebook
1557.48,Services,18-24,Awareness,109113,5410,237,0.0473,0.29,Twitter
37463.39,E-commerce,25-34,Awareness,3482292,191873,17420,0.0655,0.2,Instagram
14369.98,Fashion,35-44,Traffic,1114546,28792,1904,0.0273,0.5,Facebook
7813.17,Tech,25-34,Awareness,812847,8840,1153,0.0092,0.88,Instagram
38605.27,Tech,13-17,Engagement,4075403,346938,29329,0.0842,0.11,Twitter
34562.22,Food,18-24,Conversion,2787913,399415,36635,0.1386,0.09,TikTok
31526.08,Tech,55+,Awareness,2714864,129889,2903,0.0478,0.24,Twitter
38109.36,Gaming,55+,Conversion,3782257,76156,3546,0.0302,0.5,Facebook
41719.14,Services,25-34,Awareness,3706771,474541,66679,0.1168,0.09,TikTok
42213.14,Services,13-17,Traffic,3313829,518408,48270,0.1568,0.08,TikTok
13579.33,Food,55+,Traffic,1119480,27652,2283,0.0242,0.49,Twitter
36790.75,Services,13-17,Awareness,3413722,180178,7850,0.05,0.2,Twitter
15451.61,Gaming,18-24,Awareness,1373288,112448,9511,0.0793,0.14,Instagram
13538.05,E-commerce,18-24,Engagement,836090,17813,2601,0.018,0.76,Instagram
21870.44,E-commerce,45-54,Conversion,1909095,34006,2833,0.017,0.64,Twitter
17692.89,Services,18-24,Conversion,1594438,209299,28673,0.1344,0.08,TikTok
5346.03,Tech,35-44,Engagement,419784,8271,355,0.0218,0.65,Facebook
42241.15,Services,18-24,Awareness,2813193,169212,19650,0.0564,0.25,Instagram
22591.2,Fashion,35-44,Awareness,1560629,27040,722,0.0095,0.84,Facebook
1158.83,E-commerce,35-44,Awareness,114717,362,14,0.0043,3.19,Twitter
8666.63,E-commerce,25-34,Engagement,658988,48348,5320,0.0768,0.18,Instagram
39728.6,Tech,13-17,Awareness,3181256,420607,63698,0.1413,0.09,TikTok
16982.8,Fashion,55+,Engagement,1478500,60580,2818,0.0391,0.28,Facebook
17184.65,Food,25-34,Traffic,716653,30129,1926,0.0448,0.57,Twitter
37285.39,Fashion,35-44,Engagement,2625557,32811,1099,0.0093,1.14,Facebook
5584.01,Gaming,35-44,Traffic,493346,10832,1013,0.0251,0.52,Twitter
38228.27,Tech,18-24,Engagement,2273220,110280,5940,0.0533,0.35,Twitter
36191.09,Food,18-24,Conversion,3402850,282541,34332,0.0844,0.13,Instagram
29652.12,Tech,18-24,Traffic,1862655,135909,5563,0.0738,0.22,Twitter
25234.37,E-commerce,25-34,Conversion,1991008,224034,32456,0.1181,0.11,TikTok
5296.23,Services,25-34,Conversion,357017,8637,771,0.0277,0.61,Twitter
26051.48,E-commerce,13-17,Engagement,2905845,86375,11301,0.03,0.3,Twitter
49734.08,Gaming,55+,Conversion,4189805,143050,9908,0.0332,0.35,Facebook
32327.61,Gaming,35-44,Conversion,2145678,65115,3790,0.0268,0.5,Twitter
38000.79,Tech,35-44,Awareness,3396506,77087,4032,0.0163,0.49,Facebook
10981.45,Fashion,35-44,Traffic,804350,13717,609,0.0226,0.8,Facebook
28147.27,E-commerce,45-54,Traffic,2258879,69948,5000,0.0319,0.4,Facebook
5232.51,Fashion,35-44,Awareness,362897,4077,371,0.0177,1.28,Facebook
23815.75,Services,18-24,Traffic,1653274,179580,17156,0.1138,0.13,TikTok
12431.86,E-commerce,18-24,Engagement,1143991,49146,3409,0.0358,0.25,Twitter
8153.36,Tech,13-17,Conversion,761533,51657,6369,0.0668,0.16,TikTok
25193.0,Food,45-54,Traffic,2582797,50396,3259,0.0164,0.5,Facebook
23475.67,Tech,55+,Awareness,1206126,10627,204,0.0163,2.21,Facebook
15054.44,Tech,35-44,Engagement,1869185,90296,9851,0.0384,0.17,Instagram
47143.59,Gaming,18-24,Traffic,3557929,307073,39264,0.0846,0.15,Instagram
21415.91,Services,13-17,Conversion,1329875,96094,9011,0.0749,0.22,Twitter
31531.16,Food,45-54,Engagement,1867874,62776,3185,0.0254,0.5,Twitter
20230.49,Gaming,13-17,Traffic,1492332,142165,8623,0.0989,0.14,TikTok
13107.27,Food,35-44,Engagement,966398,10796,421,0.0224,1.21,Twitter
37448.82,Food,55+,Traffic,2455283,102272,5730,0.0449,0.37,Twitter
33160.95,Gaming,18-24,Awareness,3187376,358684,28276,0.1162,0.09,TikTok
2203.35,Fashion,18-24,Traffic,190548,35681,178,0.1801,0.06,TikTok
17464.55,Fashion,18-24,Engagement,766318,50425,5091,0.0633,0.35,Instagram
19855.72,E-commerce,35-44,Awareness,1795685,48889,4351,0.028,0.41,Facebook
21146.96,Fashion,25-34,Awareness,1814354,115103,14107,0.064,0.18,Instagram
37860.48,Services,18-24,Conversion,2393093,159640,15477,0.063,0.24,Twitter
23338.78,Tech,13-17,Conversion,1845793,115462,6444,0.063,0.2,Twitter
10581.79,Tech,18-24,Conversion,1200472,141775,12410,0.1226,0.07,TikTok
35373.73,E-commerce,35-44,Awareness,3044022,100867,7608,0.0367,0.35,Twitter
5236.45,Gaming,13-17,Traffic,410373,34272,2253,0.0857,0.15,TikTok
38047.04,Services,13-17,Traffic,2717650,353679,41686,0.1319,0.11,TikTok
12729.02,Gaming,45-54,Conversion,787580,26829,134,0.0422,0.47,Facebook
4457.66,Food,13-17,Engagement,238396,25126,1534,0.101,0.18,TikTok
7911.28,E-commerce,25-34,Engagement,479481,66633,3268,0.1509,0.12,TikTok
36198.13,Food,55+,Awareness,2989696,21101,1197,0.0078,1.72,Facebook
11690.84,E-commerce,25-34,Traffic,1005520,10215,833,0.0158,1.14,Instagram
5384.28,Fashion,18-24,Engagement,341110,28572,3312,0.0878,0.19,Instagram
43576.56,E-commerce,18-24,Traffic,3135465,358122,31671,0.1109,0.12,TikTok
14290.85,Gaming,55+,Awareness,1495559,40634,2634,0.031,0.35,Facebook
37231.29,Tech,13-17,Traffic,2865673,440199,29903,0.1582,0.08,TikTok
36875.94,Gaming,18-24,Traffic,3784413,251318,24388,0.0657,0.15,Instagram
15685.71,Gaming,25-34,Conversion,1364264,132086,9637,0.0952,0.12,Instagram
3746.04,Gaming,25-34,Conversion,223372,22999,1323,0.1139,0.16,Instagram
44096.06,E-commerce,55+,Conversion,3673077,120970,8917,0.0394,0.36,Twitter
40661.64,E-commerce,25-34,Conversion,3768677,487684,28296,0.1237,0.08,TikTok
15723.36,Food,25-34,Engagement,1449454,89873,8133,0.064,0.17,Instagram
31044.04,E-commerce,18-24,Traffic,2991149,526982,30054,0.1738,0.06,TikTok
6067.17,Gaming,55+,Awareness,473930,16233,720,0.0409,0.37,Facebook
9853.75,Services,18-24,Conversion,789771,68374,7681,0.0814,0.14,Instagram
39942.21,Tech,45-54,Awareness,3087018,112720,10167,0.0315,0.35,Facebook
10137.47,E-commerce,25-34,Traffic,828563,32861,2259,0.0336,0.31,Twitter
40412.1,Gaming,13-17,Traffic,2852828,37827,1599,0.0156,1.07,Twitter
18972.1,E-commerce,25-34,Conversion,1250919,133281,16371,0.0995,0.14,Instagram
16463.1,Tech,13-17,Conversion,1166937,53167,4600,0.0534,0.31,Twitter
25463.56,Fashion,35-44,Traffic,1461278,46384,2890,0.0277,0.55,Facebook
45683.23,Food,45-54,Engagement,2717100,67858,3803,0.035,0.67,Facebook
30797.8,Gaming,13-17,Engagement,2925379,442324,44891,0.1466,0.07,TikTok
19980.03,Food,45-54,Awareness,1766041,68865,6146,0.0385,0.29,Facebook
49467.22,Gaming,18-24,Traffic,3438518,406431,30143,0.1243,0.12,TikTok
11455.01,Services,13-17,Traffic,955468,145129,19695,0.1459,0.08,TikTok
38087.71,Gaming,45-54,Awareness,3395689,106148,6958,0.0331,0.36,Twitter
5932.47,Food,13-17,Awareness,568145,34912,1281,0.0589,0.17,Twitter
37639.22,Fashion,13-17,Traffic,2814368,73247,5441,0.0286,0.51,Twitter
27525.62,Food,45-54,Conversion,2447351,32140,1622,0.0171,0.86,Facebook
38718.14,Services,18-24,Engagement,3100274,224706,21020,0.0664,0.17,Instagram
32367.82,Food,13-17,Traffic,2568618,444536,25912,0.1736,0.07,TikTok
11234.63,Fashion,35-44,Conversion,1261259,42548,4012,0.0352,0.26,Instagram
23596.72,Food,45-54,Conversion,2022499,66574,2845,0.0277,0.35,Facebook
2090.19,Gaming,13-17,Conversion,142931,5033,309,0.0322,0.42,Twitter
2600.54,Services,55+,Engagement,198333,2110,104,0.0228,1.23,Facebook
14870.31,Fashion,18-24,Traffic,695261,38697,4626,0.0632,0.38,Instagram
22604.96,Food,35-44,Engagement,2302467,55603,6148,0.0296,0.41,Facebook
19400.86,Services,13-17,Traffic,1527557,208555,15747,0.1356,0.09,TikTok
32046.16,Tech,25-34,Engagement,3050943,114740,12817,0.0402,0.28,Instagram
28886.82,Tech,25-34,Conversion,1922088,139027,19644,0.0635,0.21,Instagram
24603.18,Services,55+,Engagement,2322772,158673,10018,0.0703,0.16,Twitter
15469.36,Fashion,25-34,Engagement,1032828,45865,2288,0.0366,0.34,Twitter
9066.16,Services,35-44,Traffic,603202,20207,2360,0.0325,0.45,Instagram
36703.04,Food,45-54,Engagement,2262996,83578,5906,0.0319,0.44,Twitter
24272.2,Fashion,13-17,Traffic,2311819,417308,42423,0.1718,0.06,TikTok
32139.04,E-commerce,18-24,Awareness,2363488,97049,11324,0.0366,0.33,Instagram
14112.51,Fashion,45-54,Conversion,1537219,41959,2891,0.03,0.34,Facebook
24539.6,E-commerce,13-17,Awareness,1227487,29909,2080,0.016,0.82,Twitter
17501.29,Services,13-17,Awareness,1293444,170444,28973,0.1312,0.1,TikTok
16306.87,Tech,18-24,Conversion,1124343,41246,3465,0.0391,0.4,Instagram
27754.29,Fashion,18-24,Conversion,1988578,316222,39670,0.1583,0.09,TikTok
27530.9,Tech,18-24,Engagement,1930029,273830,27369,0.1431,0.1,TikTok
3023.98,E-commerce,18-24,Awareness,273125,27650,4088,0.1046,0.11,TikTok
47101.26,Fashion,35-44,Awareness,3975463,106172,6531,0.0321,0.44,Twitter
37787.58,E-commerce,18-24,Conversion,4302352,528115,46237,0.1248,0.07,TikTok
40661.14,Fashion,18-24,Awareness,4188679,458589,66101,0.1131,0.09,TikTok
32918.96,Tech,18-24,Conversion,3002235,250435,23593,0.0892,0.13,Instagram
46014.87,Services,45-54,Traffic,3603429,210804,7311,0.0615,0.22,Twitter
9033.48,Food,13-17,Traffic,723628,111215,9484,0.1576,0.08,TikTok
14470.68,E-commerce,13-17,Engagement,1010831,100228,9784,0.1132,0.14,TikTok
45842.19,Gaming,25-34,Engagement,3340903,386661,53106,0.1161,0.12,Instagram
34096.52,Gaming,35-44,Traffic,3431502,58569,4010,0.0181,0.58,Facebook
35401.48,Gaming,25-34,Conversion,2820430,98842,6230,0.0378,0.36,Twitter
26905.31,Food,25-34,Conversion,2878922,243097,30090,0.0856,0.11,Instagram
10319.75,Services,18-24,Awareness,956810,53266,1452,0.0542,0.19,Twitter
48181.25,Services,45-54,Awareness,3802741,101446,7359,0.0343,0.47,Facebook
37416.3,E-commerce,18-24,Conversion,2250802,72229,6186,0.0298,0.52,Instagram
7191.51,E-commerce,18-24,Traffic,715516,13205,777,0.0221,0.54,Twitter
30600.61,Fashion,35-44,Traffic,2494742,89230,5279,0.0264,0.34,Facebook
44039.08,Fashion,13-17,Awareness,3544739,129737,4879,0.0377,0.34,Twitter
44671.54,Services,18-24,Engagement,3704227,370096,23162,0.1013,0.12,TikTok
37493.48,E-commerce,13-17,Awareness,3206386,393494,35717,0.1209,0.1,TikTok
16708.34,Tech,18-24,Awareness,1052360,106929,8225,0.1077,0.16,TikTok
44829.71,Food,25-34,Engagement,3230842,116803,6815,0.0408,0.38,Twitter
7227.58,Fashion,13-17,Awareness,519707,56604,7356,0.1118,0.13,TikTok
17370.69,Services,18-24,Engagement,1634484,213540,26256,0.1418,0.08,TikTok
4011.39,Food,13-17,Engagement,295901,22018,2121,0.0784,0.18,TikTok
48199.32,E-commerce,13-17,Conversion,3163283,469131,36585,0.1464,0.1,TikTok
613.02,Services,35-44,Traffic,42187,2571,192,0.06,0.24,Twitter
16129.72,Tech,18-24,Conversion,1162410,140661,18165,0.1253,0.11,TikTok
19702.08,E-commerce,55+,Engagement,1315413,50273,3256,0.0417,0.39,Facebook
19727.83,Fashion,25-34,Traffic,1771963,170425,34823,0.0918,0.12,Instagram
19163.44,Fashion,25-34,Awareness,1360557,33048,2023,0.0236,0.58,Twitter
17113.43,E-commerce,35-44,Conversion,1464461,59785,3281,0.0377,0.29,Facebook
13236.06,Fashion,25-34,Engagement,879849,80176,7783,0.0932,0.17,Instagram
36759.93,Tech,13-17,Conversion,2304205,123142,5272,0.0472,0.3,Twitter
761.25,Services,45-54,Conversion,42900,1741,48,0.036,0.44,Facebook
39048.18,Fashion,18-24,Traffic,2633702,377451,34508,0.142,0.1,TikTok
5230.24,Gaming,45-54,Awareness,277826,7032,673,0.0283,0.74,Facebook
13123.9,E-commerce,55+,Engagement,937264,24886,1409,0.0315,0.53,Twitter
2088.82,Services,35-44,Engagement,162082,2758,274,0.0214,0.76,Facebook
5358.66,E-commerce,55+,Awareness,310902,4211,241,0.0145,1.27,Twitter
4109.71,Tech,35-44,Awareness,329831,10630,899,0.0305,0.39,Facebook
31492.55,Gaming,18-24,Awareness,1597917,138580,14511,0.0913,0.23,TikTok
48845.49,Fashion,13-17,Engagement,3114487,298099,21508,0.1031,0.16,TikTok
27835.6,Tech,18-24,Awareness,2536199,165403,12429,0.0605,0.17,Instagram
26439.47,Services,13-17,Engagement,1851775,203141,17392,0.1139,0.13,TikTok
2546.51,Tech,25-34,Engagement,141250,8792,822,0.0563,0.29,Twitter
28171.51,Gaming,35-44,Engagement,2883493,190330,18276,0.0667,0.15,Instagram
45581.84,E-commerce,55+,Conversion,2738248,65591,4696,0.0247,0.69,Facebook
18634.68,Food,55+,Awareness,1119703,37052,4021,0.0227,0.5,Facebook
29750.51,E-commerce,18-24,Awareness,2963396,125309,16570,0.0476,0.24,Instagram
45177.73,Gaming,55+,Awareness,4058674,1491,112,0.0049,30.29,Facebook
39177.08,Tech,18-24,Conversion,2602390,296442,38568,0.1052,0.13,TikTok
22410.0,Services,13-17,Traffic,1560874,65999,4420,0.043,0.34,Twitter
14474.4,Fashion,55+,Engagement,1222122,40001,2049,0.0341,0.36,Facebook
6376.43,Fashion,35-44,Traffic,609325,17148,1195,0.0277,0.37,Twitter
42991.44,Gaming,35-44,Awareness,3976965,71686,7022,0.0175,0.6,Facebook
16608.97,Food,18-24,Traffic,1351777,62563,6677,0.056,0.27,Instagram
16149.74,Services,18-24,Conversion,1319548,190676,27193,0.156,0.08,TikTok
36519.08,Gaming,18-24,Traffic,2966428,447939,62545,0.1439,0.08,TikTok
18176.92,Gaming,25-34,Awareness,1538940,120357,9760,0.083,0.15,Instagram
8204.77,Services,45-54,Traffic,879200,3217,152,0.0106,2.55,Facebook
1247.59,Fashion,13-17,Conversion,79689,10364,595,0.132,0.12,TikTok
1122.83,Tech,35-44,Traffic,90791,2265,141,0.0252,0.5,Facebook
20406.79,Fashion,18-24,Traffic,1266746,101631,10611,0.0779,0.2,Instagram
40257.71,E-commerce,13-17,Awareness,2810810,392741,37338,0.1357,0.1,TikTok
13686.81,Services,35-44,Conversion,1027107,38490,2181,0.0257,0.36,Instagram
7765.58,Gaming,13-17,Traffic,551131,50968,4752,0.0918,0.15,TikTok
46810.36,Services,18-24,Traffic,3395812,149215,4550,0.0436,0.31,Twitter
1643.31,Tech,45-54,Conversion,162223,9893,465,0.0568,0.17,Twitter
24775.92,Food,18-24,Engagement,2016375,122283,20607,0.0738,0.2,TikTok
47295.56,Services,13-17,Traffic,3231734,471401,38335,0.1458,0.1,TikTok
13740.55,Food,35-44,Conversion,1072175,26645,864,0.019,0.52,Facebook
44860.25,Gaming,25-34,Engagement,4725973,438715,46993,0.0832,0.1,Instagram
41381.84,Gaming,13-17,Engagement,3693649,121679,9147,0.0353,0.34,Twitter
23388.12,Food,55+,Awareness,1446359,29366,2691,0.0184,0.8,Facebook
15351.34,Services,35-44,Engagement,1308483,100125,9526,0.0788,0.15,Instagram
49105.05,Gaming,35-44,Conversion,2893630,279248,31151,0.0905,0.18,Instagram
2012.02,Services,35-44,Awareness,159463,12553,852,0.0753,0.16,Twitter
48416.33,Services,35-44,Traffic,4049840,312033,28212,0.082,0.16,Instagram
17912.71,Tech,18-24,Conversion,1697793,220624,30533,0.1245,0.08,TikTok
13254.22,Fashion,35-44,Awareness,1074440,24937,1940,0.0309,0.53,Facebook
36824.62,E-commerce,18-24,Engagement,3867837,142299,16393,0.0345,0.26,Instagram
24243.34,Services,55+,Traffic,2446287,42909,3093,0.0148,0.56,Facebook
49750.32,Food,55+,Traffic,4477481,126828,7515,0.0294,0.39,Twitter
19158.81,Fashion,13-17,Conversion,1709282,281854,18752,0.1597,0.07,TikTok
8872.89,Fashion,25-34,Traffic,442817,13866,1236,0.0243,0.64,Twitter
12784.26,E-commerce,55+,Traffic,844275,20187,1009,0.0308,0.63,Facebook
32467.08,E-commerce,35-44,Awareness,2780484,91120,3020,0.027,0.36,Facebook
24591.82,Services,55+,Awareness,2121487,52600,2892,0.0292,0.47,Facebook
2985.53,E-commerce,18-24,Awareness,172139,31807,3456,0.1851,0.09,TikTok
25867.19,E-commerce,25-34,Engagement,1545135,91361,4481,0.0652,0.28,Instagram
33231.46,Fashion,13-17,Traffic,1807895,298225,16406,0.1649,0.11,TikTok
22987.7,Food,18-24,Conversion,1714067,176410,26817,0.1077,0.13,TikTok
38509.45,Food,55+,Traffic,3433631,33459,1805,0.0161,1.15,Facebook
29915.88,Services,18-24,Engagement,2949471,107708,4231,0.0341,0.28,Twitter
38081.8,E-commerce,35-44,Conversion,2618174,114088,6012,0.0394,0.33,Facebook
15664.83,Fashion,55+,Awareness,1241285,57714,5665,0.0469,0.27,Twitter
34208.1,Fashion,18-24,Conversion,2510592,253258,19467,0.0931,0.14,TikTok
3236.59,Tech,45-54,Engagement,248783,1364,65,0.0137,2.37,Facebook
5765.61,E-commerce,35-44,Engagement,438815,11883,1323,0.0248,0.49,Instagram
30949.22,Services,45-54,Awareness,2998684,96489,5566,0.0313,0.32,Facebook
29595.06,Tech,18-24,Traffic,2231681,60675,7180,0.025,0.49,Instagram
45863.46,Fashion,45-54,Traffic,5092697,108407,3938,0.0293,0.42,Facebook
28169.12,Tech,45-54,Conversion,2313411,68219,3235,0.0308,0.41,Twitter
9553.18,Fashion,13-17,Traffic,638022,58635,4676,0.0957,0.16,TikTok
42883.4,Fashion,25-34,Engagement,2076075,207205,11038,0.0971,0.21,Instagram
49635.38,E-commerce,45-54,Conversion,4333436,76169,7758,0.028,0.65,Twitter
16432.08,Gaming,35-44,Traffic,1168061,51932,1228,0.0468,0.32,Twitter
11805.06,Gaming,25-34,Awareness,715583,83205,5058,0.1146,0.14,Instagram
32775.61,Tech,18-24,Engagement,3250044,204552,15316,0.0702,0.16,Instagram
16827.7,E-commerce,18-24,Engagement,1498551,68180,6340,0.047,0.25,Instagram
19313.37,Tech,55+,Conversion,1403068,45510,3013,0.0373,0.42,Twitter
26151.47,Gaming,35-44,Traffic,1188641,36969,3394,0.0311,0.71,Twitter
21518.24,Services,55+,Conversion,2134091,85355,1207,0.0366,0.25,Facebook
42836.45,Food,55+,Engagement,2568202,63524,4891,0.0288,0.67,Facebook
48382.42,Fashion,13-17,Awareness,4165934,257965,13406,0.0582,0.19,TikTok
1843.14,Food,55+,Engagement,165892,7180,445,0.0432,0.26,Facebook
13117.37,Food,18-24,Traffic,978561,54743,2635,0.0616,0.24,TikTok
24887.45,Tech,55+,Conversion,1963401,68979,2380,0.0362,0.36,Facebook
12900.97,Gaming,55+,Awareness,777249,28364,1561,0.0354,0.45,Facebook
26883.41,Food,18-24,Engagement,1825212,279783,36483,0.1465,0.1,TikTok
24242.98,Tech,35-44,Conversion,2078828,24161,1102,0.0171,1.0,Facebook
34064.6,Services,35-44,Engagement,2550402,95156,6475,0.0305,0.36,Facebook
16739.24,Services,18-24,Engagement,1602191,152242,23423,0.0917,0.11,TikTok
16186.77,Services,35-44,Awareness,1212755,92121,5085,0.0704,0.18,Twitter
40710.43,Services,18-24,Engagement,3907857,224966,24591,0.0519,0.18,Instagram
37554.51,Services,55+,Engagement,2139129,56481,1116,0.0267,0.66,Facebook
11270.32,Gaming,55+,Engagement,1027058,32534,2275,0.0399,0.35,Twitter
34906.6,Gaming,45-54,Traffic,2827714,92451,7111,0.031,0.38,Facebook
37901.73,E-commerce,18-24,Traffic,3410037,72897,4410,0.0307,0.52,Twitter
7572.23,E-commerce,25-34,Traffic,572848,11612,790,0.0191,0.65,Instagram
36889.56,E-commerce,35-44,Engagement,2506134,77542,6004,0.0372,0.48,Facebook
30041.47,Food,18-24,Conversion,3065433,302972,34253,0.1024,0.1,TikTok
27403.66,E-commerce,13-17,Conversion,2133100,166259,10532,0.0808,0.16,TikTok
14560.02,Tech,55+,Traffic,1588257,100442,3946,0.0612,0.14,Twitter
17858.98,E-commerce,25-34,Conversion,1028574,70777,5173,0.0729,0.25,Instagram
44523.05,E-commerce,25-34,Awareness,2621522,147121,13575,0.0576,0.3,Instagram
40324.4,Gaming,35-44,Traffic,2945868,81850,4474,0.023,0.49,Facebook
20576.26,Fashion,55+,Engagement,1549542,49510,2064,0.0338,0.42,Twitter
13137.18,Fashion,13-17,Traffic,881339,32725,3140,0.0357,0.4,Twitter
7113.08,Tech,35-44,Engagement,659451,32848,2118,0.0447,0.22,Instagram
34464.14,Tech,45-54,Traffic,2177722,160576,6036,0.0736,0.21,Twitter
4745.42,Food,35-44,Engagement,456558,43792,4119,0.093,0.11,Instagram
16037.08,Fashion,35-44,Engagement,1505030,20652,569,0.0183,0.78,Twitter
24566.47,Gaming,13-17,Engagement,2800416,431166,33943,0.1528,0.06,TikTok
27779.48,Fashion,18-24,Engagement,1435739,75530,7703,0.0553,0.37,Instagram
32697.6,Food,35-44,Conversion,2179740,63340,4073,0.0318,0.52,Facebook
20929.27,Fashion,45-54,Engagement,1491129,59947,4431,0.0459,0.35,Twitter
4122.45,Gaming,35-44,Traffic,296891,3970,191,0.0171,1.04,Facebook
10238.92,Services,18-24,Awareness,848805,11450,1243,0.01,0.89,Instagram
42454.63,Services,35-44,Traffic,3258878,51191,3332,0.0163,0.83,Facebook
22372.05,Tech,13-17,Engagement,1708136,157079,20680,0.0956,0.14,TikTok
45855.71,Fashion,55+,Awareness,3009326,77001,4615,0.0334,0.6,Facebook
714.5,E-commerce,35-44,Conversion,37571,1405,105,0.0441,0.51,Facebook
16208.72,Gaming,45-54,Awareness,925812,28007,1867,0.0259,0.58,Facebook
39385.69,E-commerce,25-34,Conversion,2971787,170525,19025,0.0595,0.23,Instagram
4319.65,Fashion,35-44,Awareness,371144,11593,1082,0.0299,0.37,Facebook
31086.47,Food,13-17,Engagement,2985294,262955,14502,0.0916,0.12,TikTok
26203.72,Food,35-44,Conversion,1831432,35116,1657,0.0242,0.75,Facebook
24945.26,Services,45-54,Traffic,2158217,70250,4335,0.0279,0.36,Facebook
3036.05,Tech,55+,Conversion,173642,4590,216,0.0281,0.66,Facebook
7786.69,Food,35-44,Conversion,631149,13964,814,0.0295,0.56,Facebook
4881.95,Fashion,18-24,Awareness,423208,39843,2987,0.0899,0.12,TikTok
13812.96,Tech,55+,Engagement,1232594,99870,7071,0.0794,0.14,Twitter
28889.06,Fashion,18-24,Traffic,3188285,285747,43444,0.0925,0.1,Instagram
29522.39,Tech,35-44,Awareness,3646175,270552,16710,0.067,0.11,Twitter
28621.65,Fashion,45-54,Awareness,1842636,57228,2834,0.0316,0.5,Twitter
13593.0,E-commerce,13-17,Conversion,961172,103000,7608,0.1106,0.13,TikTok
47348.77,Gaming,45-54,Awareness,4508606,116421,8125,0.0271,0.41,Facebook
3761.92,Services,18-24,Engagement,380299,46864,3418,0.1281,0.08,TikTok
22610.08,Food,25-34,Engagement,2262052,188217,22676,0.0757,0.12,Instagram
43366.25,E-commerce,25-34,Awareness,2897264,395016,46959,0.1267,0.11,TikTok
42328.35,Tech,35-44,Conversion,3582206,60087,2240,0.0226,0.7,Facebook
2491.37,Tech,35-44,Traffic,156590,9879,1313,0.0659,0.25,Instagram
19527.72,Fashion,45-54,Engagement,1893104,81855,5855,0.0352,0.24,Twitter
9181.36,E-commerce,13-17,Conversion,601791,93360,8911,0.1471,0.1,TikTok
40702.07,E-commerce,55+,Traffic,3866657,142212,6241,0.0396,0.29,Facebook
12321.69,Gaming,13-17,Awareness,1133799,79214,4958,0.0592,0.16,TikTok
6852.44,Tech,45-54,Traffic,517424,14215,522,0.0285,0.48,Facebook
3021.85,Food,18-24,Awareness,283214,21535,1918,0.0785,0.14,Instagram
31527.93,Services,25-34,Awareness,3051328,184705,15201,0.0724,0.17,Instagram
18262.27,Tech,45-54,Traffic,1352001,79127,3451,0.0577,0.23,Twitter
31775.13,Services,35-44,Engagement,3122500,178454,11919,0.0493,0.18,Facebook
30313.74,Services,25-34,Awareness,2860286,171281,11986,0.0607,0.18,Twitter
21983.94,Services,18-24,Engagement,1812028,123144,9684,0.0617,0.18,Instagram
36795.05,Tech,35-44,Conversion,2381319,146123,13912,0.0553,0.25,Twitter
24426.41,Tech,18-24,Traffic,1968558,100129,6496,0.0589,0.24,Twitter
25310.02,E-commerce,25-34,Traffic,2247598,104874,15508,0.042,0.24,Instagram
17517.92,E-commerce,25-34,Conversion,1047091,0,0,0.0057,17517.92,Instagram
16502.21,E-commerce,13-17,Awareness,1353388,143530,9241,0.1077,0.11,TikTok
24757.47,Gaming,35-44,Traffic,2101566,102286,6487,0.0376,0.24,Facebook
44057.82,Tech,35-44,Traffic,3302763,127093,9690,0.0335,0.35,Facebook
36929.02,Food,25-34,Awareness,3221948,320462,35147,0.0956,0.12,Instagram
27158.44,Food,18-24,Engagement,2264984,153434,12771,0.0579,0.18,Instagram
23145.81,E-commerce,13-17,Awareness,2012703,58296,2434,0.0282,0.4,Twitter
12059.73,Services,35-44,Engagement,1048786,29338,1048,0.0286,0.41,Facebook
47634.21,Food,18-24,Awareness,3072583,264803,40258,0.0805,0.18,TikTok
28673.41,Services,25-34,Traffic,2681802,152505,14566,0.0576,0.19,Instagram
19979.78,Food,35-44,Conversion,1314757,20641,1099,0.0188,0.97,Facebook
18363.37,E-commerce,18-24,Conversion,1678548,207988,27148,0.1179,0.09,TikTok
29224.63,Gaming,25-34,Traffic,1471491,108293,10981,0.073,0.27,Instagram
42907.82,Food,18-24,Traffic,2714065,272775,34264,0.099,0.16,Instagram
48752.61,Gaming,45-54,Awareness,3447326,188554,4631,0.0505,0.26,Twitter
18176.64,Tech,35-44,Awareness,1461506,79376,4752,0.0549,0.23,Twitter
16070.08,Fashion,45-54,Traffic,1610969,46969,3829,0.0316,0.34,Twitter
12571.02,Tech,13-17,Engagement,1131905,77748,5954,0.0661,0.16,Twitter
34939.32,Food,35-44,Conversion,2845529,100426,10657,0.0325,0.35,Facebook
6280.86,E-commerce,18-24,Awareness,590254,23947,1235,0.0383,0.26,Twitter
24619.43,E-commerce,18-24,Conversion,2077352,266833,20788,0.1331,0.09,TikTok
42170.4,Food,25-34,Awareness,4073857,487124,45227,0.1293,0.09,TikTok
7648.89,Gaming,25-34,Conversion,559379,19327,1118,0.0392,0.4,Twitter
4187.91,Tech,18-24,Engagement,324363,14909,1539,0.0473,0.28,Instagram
14447.41,E-commerce,45-54,Engagement,1288958,13994,1375,0.0079,1.03,Twitter
29397.39,Food,13-17,Traffic,2598492,304934,17162,0.1159,0.1,TikTok
17801.59,Services,18-24,Awareness,1239074,173008,13524,0.1343,0.1,TikTok
11080.35,Food,25-34,Awareness,821631,71498,6325,0.0915,0.15,Instagram
38143.49,Food,18-24,Engagement,3123427,93860,8367,0.0298,0.41,Twitter
7809.92,Food,13-17,Awareness,469708,34422,2578,0.0676,0.23,TikTok
14417.88,Services,35-44,Engagement,1201738,112053,1898,0.1028,0.13,Twitter
7062.09,E-commerce,13-17,Engagement,753672,18089,939,0.0237,0.39,Twitter
34912.03,Services,35-44,Engagement,3033983,163864,21143,0.0562,0.21,Instagram
29976.78,Services,13-17,Awareness,2620765,295741,39797,0.1145,0.1,TikTok
2609.78,Services,25-34,Engagement,244612,12320,1644,0.0378,0.21,Instagram
20632.64,Tech,18-24,Engagement,1251900,55969,2062,0.0458,0.37,Twitter
24282.04,E-commerce,18-24,Engagement,1962248,98241,10255,0.053,0.25,Instagram
49552.77,Food,13-17,Engagement,3798157,106509,7235,0.0452,0.47,Twitter
35730.95,E-commerce,35-44,Traffic,3112170,43205,3246,0.0229,0.83,Facebook
40792.29,Fashion,35-44,Awareness,4224475,326491,28785,0.0809,0.12,Instagram
48258.65,Gaming,55+,Awareness,3850824,117253,7708,0.0331,0.41,Facebook
3663.74,Gaming,13-17,Traffic,249338,28840,2459,0.1105,0.13,TikTok
10906.18,Food,25-34,Engagement,744491,64370,7390,0.0844,0.17,Instagram
49077.71,E-commerce,13-17,Awareness,4989484,164954,10009,0.0344,0.3,Twitter
35641.37,Services,18-24,Traffic,2867812,193881,8201,0.0642,0.18,Twitter
31000.59,Gaming,13-17,Awareness,1830709,283928,30294,0.1499,0.11,TikTok
30061.07,Food,25-34,Traffic,2466990,228464,35310,0.0926,0.13,Instagram
23221.35,Food,35-44,Conversion,1247848,79984,4087,0.0658,0.29,Instagram
41639.34,Services,35-44,Traffic,2917376,175427,15262,0.0624,0.24,Twitter
43850.83,Fashion,35-44,Traffic,3418284,87268,5449,0.0275,0.5,Twitter
43570.8,Fashion,18-24,Engagement,3267127,165137,11824,0.0504,0.26,Twitter
17097.63,Food,35-44,Conversion,1487224,75626,6708,0.0402,0.23,Instagram
14095.52,Food,55+,Awareness,1477463,46010,3538,0.0367,0.31,Twitter
49367.58,Fashion,13-17,Conversion,3628269,280926,30954,0.0853,0.18,TikTok
22463.28,Gaming,55+,Conversion,2088484,51203,3363,0.0287,0.44,Facebook
11949.35,E-commerce,25-34,Awareness,954909,76391,3100,0.0797,0.16,Instagram
39750.2,Food,18-24,Traffic,2629921,409661,49794,0.148,0.1,TikTok
39798.68,Gaming,18-24,Traffic,3832121,149356,6534,0.0342,0.27,Twitter
5544.07,E-commerce,35-44,Traffic,402965,20805,1053,0.0516,0.27,Twitter
35763.68,Gaming,25-34,Traffic,2925511,245102,34917,0.0855,0.15,Instagram
42922.61,Fashion,18-24,Traffic,3433871,532664,52831,0.1581,0.08,TikTok
46094.15,Services,25-34,Awareness,3263126,253187,15823,0.0699,0.18,Twitter
3209.38,Food,25-34,Engagement,208976,8151,307,0.0415,0.39,Twitter
34528.1,Tech,45-54,Awareness,2178307,144361,9789,0.0571,0.24,Twitter
21544.9,Services,35-44,Conversion,1888137,51988,1779,0.0281,0.41,Facebook
44339.15,Services,25-34,Engagement,3620316,250111,32801,0.0722,0.18,Instagram
15272.69,E-commerce,35-44,Conversion,1258007,98775,8253,0.0703,0.15,Instagram
24996.54,Fashion,35-44,Conversion,1908357,53530,4198,0.0278,0.47,Facebook
5808.5,Tech,13-17,Engagement,382769,51631,3075,0.1293,0.11,TikTok
9469.13,Food,18-24,Engagement,832866,24947,1569,0.036,0.38,Twitter
11684.07,Gaming,35-44,Engagement,995927,8796,623,0.0084,1.33,Facebook
21232.05,Services,55+,Awareness,2066044,131828,4102,0.0655,0.16,Twitter
18331.74,E-commerce,18-24,Engagement,957603,75279,10902,0.0752,0.24,Instagram
43754.31,Services,25-34,Awareness,3076439,291806,29504,0.1061,0.15,TikTok
36151.76,Services,18-24,Awareness,1905403,78287,4393,0.0455,0.46,Twitter
23513.11,Services,25-34,Awareness,2061360,111255,8157,0.0585,0.21,Twitter
38403.27,E-commerce,35-44,Conversion,3173936,140086,5618,0.0402,0.27,Facebook
18530.51,Services,55+,Conversion,1971662,68184,5047,0.0374,0.27,Facebook
16258.84,Food,25-34,Awareness,805558,107576,14296,0.1313,0.15,TikTok
5989.67,Services,18-24,Conversion,503321,60437,7419,0.1229,0.1,TikTok
38979.48,E-commerce,25-34,Traffic,2317151,95250,6288,0.0294,0.41,Twitter
18633.65,Services,18-24,Engagement,2064392,113480,18077,0.0652,0.16,Instagram
11199.56,Services,35-44,Engagement,921104,12702,796,0.017,0.88,Facebook
6095.63,Food,13-17,Traffic,554190,53728,5633,0.0998,0.11,TikTok
3884.55,Tech,55+,Awareness,287543,12228,168,0.0407,0.32,Twitter
20430.27,Gaming,35-44,Engagement,1224593,100610,8410,0.0816,0.2,Instagram
22464.1,Services,13-17,Traffic,1938636,317799,28032,0.1592,0.07,TikTok
42630.96,Food,13-17,Traffic,3823686,443070,27604,0.1221,0.1,TikTok
45747.82,Services,13-17,Awareness,3297947,147181,11948,0.0494,0.31,Twitter
21627.37,Gaming,35-44,Conversion,1944965,49063,4410,0.0282,0.44,Facebook
18646.86,Food,45-54,Conversion,1243892,70407,4127,0.0495,0.26,Facebook
42115.7,Services,18-24,Awareness,1776825,261562,25016,0.1549,0.16,TikTok
28603.65,Fashion,45-54,Conversion,2477993,48551,3747,0.0188,0.59,Facebook
31200.48,Services,45-54,Conversion,2053926,42439,1252,0.0237,0.74,Facebook
32333.15,Tech,25-34,Traffic,1752134,65869,7461,0.0449,0.49,Instagram
20727.14,Gaming,18-24,Conversion,1587009,84629,5784,0.0632,0.24,TikTok
21881.61,Food,35-44,Conversion,2191014,40203,3059,0.0251,0.54,Twitter
16197.86,Food,25-34,Awareness,1451485,0,0,0.001,16197.86,Twitter
35258.52,Gaming,45-54,Engagement,2697057,8329,648,0.0031,4.23,Twitter
41679.54,Gaming,18-24,Awareness,2940144,234726,24974,0.0876,0.18,Instagram
48444.9,Gaming,25-34,Awareness,4215910,216684,31647,0.0599,0.22,Instagram
36136.11,Fashion,35-44,Traffic,2613674,84256,6706,0.0291,0.43,Twitter
4865.83,Fashion,35-44,Awareness,445142,9312,935,0.0204,0.52,Facebook
49876.99,Tech,25-34,Conversion,4574562,112021,9111,0.0291,0.45,Instagram
47945.4,Fashion,18-24,Conversion,4281533,407198,43828,0.093,0.12,Instagram
27314.0,Food,25-34,Conversion,2112785,146193,14814,0.0672,0.19,Instagram
15698.92,Tech,35-44,Conversion,1602033,94251,6379,0.0596,0.17,Twitter
17118.49,Food,13-17,Awareness,1280026,93699,8620,0.0698,0.18,TikTok
26986.69,E-commerce,35-44,Engagement,1641069,46138,2329,0.0272,0.58,Facebook
7718.45,Services,18-24,Traffic,671154,34492,3985,0.0602,0.22,Instagram
24102.94,Tech,18-24,Conversion,1712052,107340,11686,0.0561,0.22,Instagram
14951.31,Food,18-24,Traffic,1092452,84544,10459,0.0829,0.18,Instagram
18578.56,Food,35-44,Awareness,1488836,207308,19196,0.1407,0.09,Instagram
13259.47,Food,18-24,Engagement,986097,41060,3804,0.0327,0.32,Twitter
3837.87,Fashion,18-24,Engagement,225031,26106,3566,0.1114,0.15,TikTok
25784.21,Services,55+,Awareness,2338414,103811,9118,0.0385,0.25,Facebook
21670.67,Services,45-54,Awareness,1575998,77903,5096,0.047,0.28,Twitter
49224.26,Fashion,18-24,Traffic,3673237,206912,25633,0.0559,0.24,Instagram
32812.6,Gaming,35-44,Traffic,3265440,199793,13366,0.0551,0.16,Facebook
39892.54,Fashion,13-17,Awareness,3981769,64811,5364,0.0153,0.62,Twitter
30418.16,Fashion,18-24,Awareness,2220280,65912,5533,0.0378,0.46,Twitter
30663.08,E-commerce,45-54,Traffic,2178725,57309,2900,0.0234,0.54,Facebook
1936.93,Gaming,25-34,Conversion,233588,21110,1952,0.0938,0.09,Instagram
32837.04,Services,45-54,Traffic,2219970,0,0,0.001,32837.04,Facebook
45830.54,Gaming,45-54,Traffic,2462752,76266,4180,0.0305,0.6,Facebook
888.68,Food,45-54,Engagement,70589,157,7,0.0034,5.66,Twitter
14752.19,Gaming,35-44,Traffic,1090184,33171,718,0.0319,0.44,Facebook
32242.65,E-commerce,35-44,Conversion,2760165,17031,1366,0.0085,1.89,Facebook
42082.14,Fashion,35-44,Awareness,2726638,182926,15687,0.0707,0.23,Instagram
25168.61,Services,25-34,Traffic,2515722,140287,18249,0.0556,0.18,Instagram
3280.55,E-commerce,35-44,Conversion,228702,4997,302,0.0238,0.66,Facebook
33535.12,Tech,13-17,Awareness,3670825,214131,11058,0.0558,0.16,Twitter
34417.89,Fashion,18-24,Awareness,2012312,255795,30896,0.1251,0.13,Instagram
43893.03,Tech,35-44,Engagement,3498563,61935,4430,0.0172,0.71,Facebook
27396.13,Gaming,35-44,Traffic,2270718,41194,1986,0.0148,0.67,Facebook
25844.2,Food,13-17,Traffic,2112713,204491,22064,0.0974,0.13,TikTok
17883.85,Tech,25-34,Traffic,1767171,180642,12416,0.1034,0.1,TikTok
15143.18,Food,55+,Engagement,1128617,15591,855,0.0216,0.97,Facebook
10666.69,Fashion,35-44,Engagement,864959,67243,5895,0.0725,0.16,Instagram
13407.66,Fashion,18-24,Engagement,1065903,93565,10123,0.0845,0.14,Instagram
956.3,E-commerce,45-54,Awareness,65889,685,39,0.0142,1.4,Twitter
28293.49,Fashion,25-34,Conversion,1973933,61486,3690,0.0354,0.46,Twitter
13374.67,Services,55+,Traffic,1257968,90977,5112,0.0738,0.15,Twitter
47044.03,Tech,55+,Awareness,4535440,96178,3722,0.0198,0.49,Facebook
41733.29,Tech,18-24,Engagement,2532403,261988,12500,0.1012,0.16,TikTok
18070.77,Fashion,35-44,Engagement,2086629,193814,11599,0.0916,0.09,Instagram
10600.91,Tech,13-17,Engagement,872243,52494,1030,0.06,0.2,Twitter
28831.28,Food,35-44,Traffic,2118638,97116,6370,0.0454,0.3,Twitter
47186.01,Food,35-44,Engagement,4769177,142174,8618,0.027,0.33,Facebook
45243.12,Food,25-34,Conversion,2712907,181254,20540,0.0717,0.25,Instagram
26085.59,Services,13-17,Awareness,2170503,88354,2098,0.0476,0.3,Twitter
43049.95,Services,45-54,Conversion,2771174,194530,17416,0.0739,0.22,Twitter
37787.64,Services,18-24,Awareness,2808152,356118,35329,0.124,0.11,TikTok
22259.0,E-commerce,55+,Engagement,1782331,43794,2799,0.0268,0.51,Facebook
29178.02,Food,45-54,Engagement,2319089,36334,2328,0.0185,0.8,Twitter
31008.71,E-commerce,13-17,Traffic,2494064,349514,22216,0.1468,0.09,TikTok
14907.91,Gaming,35-44,Engagement,1398852,119337,11494,0.0815,0.12,Instagram
5871.86,Fashion,18-24,Traffic,566026,80856,10227,0.143,0.07,TikTok
37975.44,E-commerce,25-34,Awareness,3898775,393091,36916,0.1023,0.1,TikTok
33914.19,Food,35-44,Engagement,3635062,128888,10903,0.0261,0.26,Facebook
48967.88,Fashion,18-24,Conversion,4237904,464193,43883,0.1256,0.11,TikTok
39050.48,Fashion,13-17,Conversion,3059108,402905,29362,0.1347,0.1,TikTok
47793.35,E-commerce,25-34,Awareness,3307724,305754,32443,0.0867,0.16,Instagram
34110.2,Fashion,45-54,Traffic,2521211,88186,6763,0.0294,0.39,Facebook
5687.59,Gaming,18-24,Conversion,400801,13726,95,0.0402,0.41,Twitter
13400.26,Services,18-24,Traffic,1276689,49344,4728,0.0489,0.27,Instagram
25888.63,Fashion,35-44,Engagement,2599502,68100,3369,0.0226,0.38,Facebook
8106.43,E-commerce,35-44,Awareness,650631,40413,5100,0.0528,0.2,Instagram
27080.83,Gaming,45-54,Conversion,2592204,79681,5647,0.0329,0.34,Facebook
36953.69,Gaming,45-54,Awareness,2164706,69293,5104,0.0356,0.53,Facebook
26564.14,Services,13-17,Traffic,2665376,298562,25507,0.111,0.09,TikTok
46014.25,Fashion,25-34,Awareness,4270273,209091,24049,0.0461,0.22,Twitter
34054.11,Gaming,25-34,Conversion,2772060,263744,28814,0.1047,0.13,Instagram
20906.73,Gaming,25-34,Conversion,1649545,156020,17188,0.088,0.13,Instagram
37127.33,Fashion,25-34,Engagement,3933506,57044,4859,0.0194,0.65,Twitter
32156.53,E-commerce,25-34,Engagement,2522363,178444,14581,0.0732,0.18,Instagram
28931.44,Food,25-34,Traffic,2179476,39371,2837,0.0183,0.73,Twitter
30590.95,E-commerce,35-44,Awareness,2592774,196445,14792,0.0858,0.16,Instagram
44069.41,Services,35-44,Traffic,3268750,66206,4192,0.0262,0.67,Facebook
10867.27,Services,13-17,Traffic,920144,39242,3878,0.0497,0.28,TikTok
46088.14,Food,18-24,Engagement,2801270,227503,22942,0.079,0.2,Instagram
29390.1,Services,35-44,Engagement,2529882,110852,12419,0.0416,0.27,Instagram
32923.04,Food,25-34,Traffic,3455787,390939,53576,0.1128,0.08,Instagram
2078.91,Fashion,55+,Engagement,222476,6055,261,0.0259,0.34,Facebook
24932.02,Fashion,55+,Awareness,1641730,49859,2093,0.0232,0.5,Twitter
45238.27,Tech,13-17,Awareness,4256974,154833,4007,0.0369,0.29,Twitter
25059.76,Fashion,55+,Conversion,2320818,39811,2719,0.0146,0.63,Facebook
14078.27,Tech,35-44,Conversion,1302023,27725,1493,0.0217,0.51,Facebook
27101.96,E-commerce,25-34,Engagement,3054724,167479,14583,0.0517,0.16,Instagram
27897.49,Fashion,13-17,Awareness,1994219,225735,23121,0.1186,0.12,TikTok
30871.64,Food,45-54,Engagement,2665163,22988,1956,0.0142,1.34,Facebook
23959.84,Gaming,45-54,Awareness,2364763,56036,1084,0.0244,0.43,Facebook
24997.94,Food,55+,Engagement,1698710,1195,80,0.0012,20.91,Facebook
29382.39,Food,13-17,Traffic,2017463,166184,18494,0.0773,0.18,TikTok
47789.58,Services,13-17,Conversion,2611450,184777,11614,0.0634,0.26,Twitter
6367.35,Fashion,55+,Engagement,547154,15684,943,0.0281,0.41,Facebook
14820.81,Services,18-24,Awareness,1151919,111470,7470,0.0961,0.13,Twitter
1500.3,Tech,35-44,Conversion,108289,4990,557,0.0529,0.3,Instagram
14350.6,Gaming,45-54,Awareness,1355919,22958,982,0.0212,0.63,Facebook
24716.71,Gaming,13-17,Conversion,1794209,151305,7824,0.0896,0.16,TikTok
22951.77,Food,55+,Engagement,2011401,23607,1318,0.0137,0.97,Facebook
17720.99,E-commerce,25-34,Awareness,1444889,40522,5192,0.0321,0.44,Instagram
36943.78,Services,18-24,Traffic,3303007,239954,17506,0.0737,0.15,Twitter
3308.02,Food,45-54,Awareness,215553,3644,273,0.0151,0.91,Facebook
46650.8,Services,35-44,Traffic,2789157,228399,10514,0.0775,0.2,Twitter
7795.22,Gaming,13-17,Traffic,739907,83972,6839,0.1085,0.09,TikTok
10407.86,Fashion,25-34,Traffic,624778,42911,3304,0.0634,0.24,Instagram
2808.27,Fashion,35-44,Engagement,221973,5854,402,0.0274,0.48,Facebook
12570.07,Fashion,18-24,Conversion,1334682,109609,11351,0.0805,0.11,TikTok
40441.98,Gaming,18-24,Conversion,3090825,184388,14960,0.073,0.22,Instagram
31809.07,E-commerce,55+,Conversion,2440119,77474,5248,0.0338,0.41,Facebook
15745.95,Services,55+,Engagement,1150822,22117,1748,0.026,0.71,Facebook
11222.28,Services,18-24,Engagement,860083,108206,6361,0.1361,0.1,TikTok
44198.24,Tech,18-24,Conversion,3074834,362256,29597,0.1224,0.12,TikTok
33484.09,E-commerce,18-24,Engagement,2945492,354191,12981,0.119,0.09,TikTok
45853.02,Gaming,45-54,Awareness,3315285,99776,7111,0.0307,0.46,Facebook
5134.68,Food,45-54,Engagement,371475,11203,646,0.0343,0.46,Facebook
45427.51,Food,45-54,Awareness,3244874,66985,4320,0.0293,0.68,Twitter
13068.14,Gaming,18-24,Awareness,856808,101852,7077,0.1093,0.13,Instagram
48290.82,Services,25-34,Awareness,4188339,534254,70080,0.1259,0.09,TikTok
19316.74,Food,35-44,Conversion,1568117,129423,13101,0.0752,0.15,Instagram
24429.16,Gaming,25-34,Conversion,2170385,79293,5863,0.0322,0.31,Twitter
19107.8,Food,13-17,Conversion,1848363,64011,4751,0.0353,0.3,Twitter
10649.06,Gaming,18-24,Traffic,977586,26603,1060,0.0236,0.4,Twitter
31106.12,E-commerce,18-24,Awareness,2482936,386669,46311,0.1443,0.08,TikTok
14751.93,Gaming,35-44,Traffic,1099840,33225,1366,0.0251,0.44,Facebook
25077.94,Gaming,55+,Engagement,1526988,14174,621,0.0142,1.77,Twitter
41610.1,Services,18-24,Awareness,4461683,284684,24503,0.0507,0.15,Instagram
15073.3,Gaming,25-34,Conversion,1073863,98920,6373,0.0971,0.15,Instagram
46430.41,E-commerce,55+,Awareness,3366038,147251,6648,0.0339,0.32,Facebook
29296.77,Services,25-34,Conversion,1677376,75036,2855,0.055,0.39,Twitter
36248.59,E-commerce,18-24,Engagement,2804872,117653,12404,0.0385,0.31,Instagram
16049.61,Gaming,25-34,Engagement,943322,87656,6407,0.0961,0.18,Instagram
25291.77,Fashion,25-34,Traffic,2296447,44381,2241,0.0209,0.57,Twitter
31481.64,Gaming,45-54,Traffic,2527591,84924,6544,0.0323,0.37,Twitter
9940.52,Fashion,13-17,Conversion,1217750,111124,8924,0.0841,0.09,TikTok
8086.12,Services,18-24,Conversion,641743,60804,5192,0.1046,0.13,TikTok
17161.52,Services,25-34,Conversion,1881950,207599,25212,0.1064,0.08,TikTok
28131.81,Fashion,35-44,Awareness,2339235,66737,2347,0.0291,0.42,Facebook
30405.08,Services,18-24,Engagement,2571923,166229,15171,0.0683,0.18,Twitter
49304.1,Food,35-44,Traffic,4793065,195491,7576,0.0358,0.25,Twitter
25667.51,Fashion,55+,Awareness,2198675,69670,1323,0.0352,0.37,Twitter
48383.38,Fashion,35-44,Traffic,4679185,454716,31290,0.0919,0.11,Instagram
17672.86,Fashion,18-24,Engagement,1165860,153797,14541,0.1321,0.11,TikTok
25154.83,Services,45-54,Engagement,2451943,102069,6493,0.0432,0.25,Facebook
15986.38,E-commerce,45-54,Conversion,1800720,56208,5580,0.032,0.28,Twitter
18210.93,E-commerce,45-54,Traffic,1773873,28445,1148,0.0178,0.64,Facebook
3985.37,Gaming,25-34,Awareness,304902,28033,3529,0.103,0.14,Instagram
18954.29,Food,25-34,Awareness,1167022,67322,4127,0.0616,0.28,Instagram
17536.69,Food,45-54,Awareness,1044023,42905,3067,0.0335,0.41,Facebook
19422.83,Gaming,13-17,Traffic,1394718,217017,22181,0.1539,0.09,TikTok
12497.63,Food,45-54,Awareness,1326643,31629,943,0.0222,0.4,Facebook
31629.77,Services,13-17,Engagement,2093242,303125,44856,0.1411,0.1,TikTok
24055.89,Food,13-17,Engagement,2480446,459267,54086,0.1836,0.05,TikTok
14194.0,Services,18-24,Engagement,1040828,46685,3035,0.037,0.3,Instagram
1814.59,Fashion,25-34,Awareness,163831,12240,1228,0.0814,0.15,Instagram
19365.69,Food,18-24,Conversion,1121797,94558,7655,0.0872,0.2,Instagram
4221.0,E-commerce,45-54,Traffic,336302,14488,1040,0.0381,0.29,Facebook
7321.43,Fashion,25-34,Traffic,612901,48391,5964,0.0788,0.15,Instagram
34217.6,Tech,35-44,Awareness,2444182,149145,8862,0.0547,0.23,Twitter
36797.49,Fashion,35-44,Engagement,2633484,67065,4359,0.0325,0.55,Facebook
39000.87,Fashion,25-34,Engagement,3046151,61288,1457,0.0245,0.64,Twitter
33058.04,E-commerce,35-44,Engagement,3397261,177225,15983,0.0466,0.19,Instagram
47417.39,E-commerce,18-24,Conversion,3799616,122618,7703,0.0332,0.39,Twitter
37767.61,Food,35-44,Awareness,3946237,133699,14844,0.0381,0.28,Facebook
39202.18,Tech,18-24,Engagement,2607218,174120,17207,0.0585,0.23,Instagram
44480.63,Tech,35-44,Conversion,3729180,210209,21904,0.0612,0.21,Instagram
49067.75,Fashion,25-34,Awareness,4674267,440513,56236,0.0893,0.11,Instagram
33250.66,Services,35-44,Traffic,3056492,51974,932,0.0209,0.64,Facebook
18349.35,Tech,18-24,Awareness,1474521,80106,6064,0.0609,0.23,Twitter
14206.53,Food,55+,Traffic,812789,8659,648,0.016,1.64,Twitter
1518.41,Tech,18-24,Awareness,115359,9308,1070,0.0811,0.16,Instagram
41686.33,Services,18-24,Awareness,2089901,240917,29741,0.1186,0.17,TikTok
3457.67,Tech,25-34,Awareness,333322,41384,6299,0.1219,0.08,TikTok
12023.13,Gaming,25-34,Engagement,969337,93312,10184,0.0929,0.13,Instagram
48002.98,Services,18-24,Engagement,2780423,100087,6700,0.0383,0.48,Twitter
21293.25,Services,35-44,Traffic,1891461,111211,12134,0.0501,0.19,Instagram
23430.96,Tech,18-24,Traffic,1273570,151859,20446,0.1194,0.15,TikTok
13215.69,E-commerce,25-34,Conversion,995608,109218,10329,0.1063,0.12,TikTok
25543.77,Tech,55+,Engagement,1913839,22292,1272,0.0106,1.15,Facebook
18130.99,E-commerce,18-24,Engagement,1980409,66875,6163,0.0256,0.27,Twitter
15690.55,Gaming,25-34,Engagement,1302686,111544,8523,0.0813,0.14,Instagram
11736.47,Food,55+,Awareness,717616,6883,421,0.0071,1.71,Facebook
41638.82,Services,35-44,Engagement,3285317,85005,3343,0.0239,0.49,Facebook
24630.96,Food,18-24,Awareness,2102830,157241,21558,0.0769,0.16,Instagram
24745.95,Services,35-44,Conversion,1857526,26840,1432,0.0251,0.92,Facebook
35193.97,Services,25-34,Awareness,2319751,82871,4971,0.043,0.42,Twitter
38512.48,Tech,35-44,Awareness,3592469,71491,3460,0.0215,0.54,Facebook
39727.12,E-commerce,25-34,Traffic,2742908,216585,20387,0.0715,0.18,Instagram
532.12,E-commerce,55+,Engagement,41314,866,45,0.021,0.61,Twitter
43423.66,Fashion,55+,Awareness,4425339,157032,16720,0.0308,0.28,Facebook
17393.31,Tech,45-54,Awareness,1290005,36080,1225,0.0298,0.48,Facebook
24143.07,E-commerce,25-34,Traffic,1638820,6552,877,0.001,3.68,Instagram
22695.83,Gaming,18-24,Engagement,1584553,137299,17202,0.0895,0.17,Instagram
23885.49,E-commerce,18-24,Traffic,2001505,70348,7623,0.0311,0.34,Instagram
42001.0,Services,25-34,Traffic,5023150,435545,31271,0.0875,0.1,Instagram
15141.04,E-commerce,13-17,Awareness,1099272,40113,2619,0.0343,0.38,Twitter
28677.55,Tech,13-17,Engagement,2118635,189410,22412,0.081,0.15,TikTok
7193.54,Gaming,45-54,Conversion,578847,15605,653,0.0314,0.46,Twitter
37299.3,Fashion,35-44,Traffic,2542130,119375,7930,0.0479,0.31,Facebook
43325.48,Gaming,25-34,Engagement,3930963,498145,21613,0.1273,0.09,TikTok
42829.54,Fashion,25-34,Conversion,3195913,341090,45746,0.1004,0.13,Instagram
44708.89,Gaming,25-34,Engagement,4319804,531659,56304,0.1236,0.08,Instagram
33112.13,Gaming,18-24,Awareness,3494333,86465,6416,0.027,0.38,Twitter
13426.69,Gaming,13-17,Engagement,1325904,153441,12366,0.1096,0.09,TikTok
7940.65,E-commerce,35-44,Awareness,598321,10436,893,0.0243,0.76,Instagram
14527.96,E-commerce,13-17,Traffic,1193733,184266,13499,0.1536,0.08,TikTok
11315.62,Tech,18-24,Traffic,1061094,53309,7369,0.0535,0.21,Instagram
3788.69,E-commerce,18-24,Traffic,345717,27345,3130,0.0709,0.14,Instagram
19444.17,E-commerce,55+,Conversion,1607823,39215,1273,0.0256,0.5,Facebook
19133.75,Food,13-17,Awareness,1280901,145148,8240,0.1056,0.13,TikTok
6165.81,Food,35-44,Awareness,566385,18722,906,0.027,0.33,Facebook
14921.24,E-commerce,13-17,Traffic,897587,91685,6537,0.1036,0.16,TikTok
17994.8,E-commerce,35-44,Awareness,1421816,65289,3786,0.0405,0.28,Facebook
15900.05,Fashion,13-17,Engagement,1230433,174566,24247,0.1391,0.09,TikTok
11600.83,Fashion,35-44,Conversion,652663,25983,1894,0.0421,0.45,Facebook
4304.08,Fashion,35-44,Awareness,395648,14343,994,0.0361,0.3,Facebook
17072.8,Food,18-24,Conversion,1340913,147617,12522,0.1111,0.12,Instagram
38743.1,Services,25-34,Traffic,2150911,136439,17737,0.0635,0.28,Instagram
34179.63,Food,13-17,Traffic,2494741,286055,18276,0.1136,0.12,TikTok
23980.74,E-commerce,35-44,Traffic,1671497,41110,2581,0.0264,0.58,Twitter
18135.18,Services,13-17,Awareness,1325290,208060,26869,0.1492,0.09,TikTok
15789.52,E-commerce,55+,Conversion,1326237,40771,920,0.0394,0.39,Facebook
9134.4,Food,45-54,Engagement,779715,18506,1318,0.0173,0.49,Facebook
13424.88,Tech,13-17,Awareness,1299708,147926,14028,0.1078,0.09,TikTok
13870.86,Gaming,13-17,Conversion,1055892,93629,10408,0.091,0.15,TikTok
36294.64,E-commerce,18-24,Traffic,3149801,494341,28481,0.1522,0.07,TikTok
39103.05,Fashion,18-24,Engagement,2337769,189962,20097,0.0795,0.21,TikTok
31927.82,Tech,13-17,Engagement,2197213,138084,2621,0.0593,0.23,Twitter
39493.65,Fashion,35-44,Traffic,2491406,73618,4589,0.0293,0.54,Facebook
45810.76,E-commerce,45-54,Traffic,3175029,91277,1445,0.0295,0.5,Facebook
18977.76,Food,35-44,Awareness,1435235,58516,1322,0.0425,0.32,Facebook
26743.54,Gaming,18-24,Conversion,2051683,174660,6404,0.0893,0.15,Instagram
36677.42,Food,55+,Engagement,3581350,32475,1799,0.0073,1.13,Facebook
19285.35,E-commerce,55+,Traffic,1095139,7655,487,0.0047,2.52,Facebook
11085.92,Fashion,18-24,Awareness,840439,66957,6541,0.0791,0.17,Instagram
48420.9,Services,55+,Engagement,3083920,58608,4015,0.0178,0.83,Facebook
3017.91,Food,35-44,Engagement,236704,6827,404,0.0332,0.44,Facebook
40815.03,Gaming,35-44,Conversion,3683977,237381,25283,0.0618,0.17,Instagram
15759.43,Food,18-24,Traffic,1233071,168110,15538,0.1452,0.09,TikTok
15154.8,E-commerce,18-24,Conversion,1008249,33689,5106,0.0377,0.45,Instagram
29562.25,E-commerce,18-24,Traffic,2202863,55734,6328,0.0249,0.53,Instagram
21120.09,Services,35-44,Conversion,2187284,9442,970,0.0122,2.24,Instagram
7690.73,Tech,13-17,Awareness,599496,53344,7692,0.0883,0.14,TikTok
12882.49,Fashion,25-34,Traffic,763242,122937,15644,0.1553,0.1,TikTok
20735.39,Services,18-24,Engagement,1112458,129010,13712,0.1195,0.16,TikTok
44813.34,Food,35-44,Engagement,3625178,319563,15430,0.0913,0.14,Instagram
19012.82,Fashion,18-24,Awareness,1543389,141292,13390,0.0902,0.13,Instagram
4197.76,Services,18-24,Engagement,290906,5315,615,0.0126,0.79,Instagram
34916.88,Services,25-34,Awareness,2448022,105712,6150,0.0417,0.33,Instagram
30933.34,Services,18-24,Traffic,2875751,276382,28591,0.1013,0.11,TikTok
6792.12,Gaming,35-44,Awareness,436451,14495,989,0.032,0.47,Facebook
43889.74,Fashion,35-44,Traffic,2894683,60059,3706,0.0229,0.73,Facebook
31654.18,Fashion,55+,Engagement,1951844,65656,3377,0.0339,0.48,Facebook
20122.37,E-commerce,13-17,Engagement,2046610,324109,46670,0.1572,0.06,TikTok
34571.59,Food,13-17,Awareness,3241876,388907,39124,0.1167,0.09,TikTok
32548.59,Gaming,18-24,Awareness,2460793,146270,21291,0.0508,0.22,Instagram
48543.18,Gaming,35-44,Conversion,4170298,490519,17959,0.1125,0.1,Instagram
12545.99,Fashion,35-44,Engagement,1098864,29796,1247,0.0261,0.42,Facebook
3145.53,E-commerce,35-44,Awareness,245433,14735,1923,0.0648,0.21,Instagram
38720.25,E-commerce,13-17,Traffic,2859504,344720,27093,0.1256,0.11,TikTok
22524.6,Food,25-34,Traffic,2148157,117734,11914,0.0536,0.19,Instagram
15777.16,Fashion,45-54,Traffic,1315751,38260,1707,0.0289,0.41,Facebook
38307.36,Fashion,13-17,Conversion,3707510,624575,60714,0.168,0.06,TikTok
19230.83,Fashion,55+,Awareness,1435548,39318,2375,0.0347,0.49,Facebook
7784.18,Fashion,18-24,Conversion,718592,17519,1340,0.0162,0.44,Twitter
33218.16,Gaming,35-44,Engagement,2794725,101499,7423,0.0337,0.33,Facebook
15733.38,Tech,18-24,Conversion,1155309,74355,3145,0.0597,0.21,Twitter
28597.2,Fashion,55+,Conversion,2421791,48498,5455,0.023,0.59,Facebook
37027.93,Fashion,25-34,Engagement,2332385,188894,20329,0.0821,0.2,Instagram
30786.97,Tech,25-34,Awareness,1964503,84116,12730,0.0441,0.37,Instagram
3454.26,Fashion,25-34,Awareness,311206,30238,2567,0.0906,0.11,Instagram
18857.69,E-commerce,25-34,Engagement,1648110,24089,1239,0.0148,0.78,Twitter
3892.96,Food,13-17,Engagement,261189,37139,2016,0.1434,0.1,TikTok
43340.15,Fashion,13-17,Conversion,3731190,620495,33067,0.1702,0.07,TikTok
22140.41,Food,25-34,Conversion,2551476,205849,13686,0.0896,0.11,Instagram
28852.79,Tech,18-24,Traffic,1956805,331250,27174,0.1687,0.09,TikTok
48751.24,Food,55+,Traffic,3834860,84187,3500,0.0314,0.58,Facebook
45925.83,Fashion,13-17,Awareness,3612695,496271,37670,0.1482,0.09,TikTok
10430.06,Tech,55+,Traffic,712681,40320,3564,0.0537,0.26,Twitter
33507.38,Services,13-17,Conversion,3269232,240814,19221,0.0776,0.14,TikTok
7191.72,Fashion,25-34,Awareness,609713,39570,3237,0.0689,0.18,Instagram
16575.95,Fashion,55+,Traffic,1328783,21162,729,0.016,0.78,Facebook
27844.89,Fashion,25-34,Conversion,2107006,62010,3865,0.0258,0.45,Twitter
22175.89,Fashion,18-24,Engagement,2159246,172757,28101,0.0871,0.13,Instagram
22888.57,Gaming,13-17,Conversion,2015339,130915,12630,0.0646,0.17,TikTok
32510.76,Fashion,35-44,Conversion,2011514,154335,25558,0.0839,0.21,Instagram
36057.7,Services,55+,Traffic,2955176,77021,1708,0.0215,0.47,Facebook
14953.64,Food,25-34,Engagement,889431,68859,4152,0.0765,0.22,Instagram
49901.39,Services,45-54,Engagement,3447734,148881,4523,0.0438,0.34,Facebook
2620.31,Food,55+,Traffic,153218,4302,85,0.0258,0.61,Twitter
3567.42,Gaming,35-44,Engagement,210529,4369,235,0.0213,0.82,Facebook
29694.14,Services,25-34,Awareness,2315478,309458,26433,0.1323,0.1,TikTok
6006.47,Fashion,18-24,Engagement,543512,45333,2985,0.0795,0.13,Instagram
1424.4,Food,45-54,Conversion,132037,3789,21,0.0257,0.38,Facebook
28016.37,Services,18-24,Engagement,1567608,85570,2231,0.0579,0.33,Twitter
21337.51,Food,18-24,Engagement,1544406,160071,8818,0.1077,0.13,TikTok
20992.93,Fashion,35-44,Traffic,1612240,164310,27673,0.0974,0.13,Instagram
33145.81,Tech,55+,Conversion,2774752,92957,5252,0.0375,0.36,Facebook
12949.75,Gaming,18-24,Traffic,958718,16540,897,0.0202,0.78,Twitter
39032.93,Gaming,18-24,Engagement,3098079,277368,29105,0.0902,0.14,Instagram
1012.69,Fashion,13-17,Traffic,58248,6203,746,0.1038,0.16,TikTok
11900.56,Fashion,55+,Traffic,825801,23449,877,0.034,0.51,Facebook
32270.82,E-commerce,35-44,Conversion,2188863,56571,3589,0.0326,0.57,Facebook
5407.94,Gaming,18-24,Conversion,505547,107240,11439,0.2223,0.05,TikTok
2715.87,Services,18-24,Awareness,271694,24736,1988,0.0944,0.11,TikTok
9488.75,Food,55+,Engagement,992044,23884,317,0.0257,0.4,Facebook
11045.09,Services,25-34,Traffic,686711,28855,2065,0.0503,0.38,Instagram
10877.86,Services,18-24,Traffic,829024,63893,5077,0.0653,0.17,Twitter
41720.07,Gaming,18-24,Engagement,2546508,260930,22965,0.1006,0.16,TikTok
46251.26,Gaming,18-24,Conversion,3930830,103002,4299,0.0252,0.45,Twitter
3462.38,Tech,18-24,Awareness,367552,40437,5352,0.0987,0.09,TikTok
23663.79,E-commerce,35-44,Awareness,2149254,125322,11799,0.0515,0.19,Instagram
46072.17,Fashion,25-34,Conversion,3270321,290912,39432,0.0989,0.16,Instagram
4645.58,Gaming,18-24,Awareness,423271,36992,1760,0.0883,0.13,Instagram
22890.08,Services,45-54,Traffic,1970095,92332,4354,0.0525,0.25,Twitter
21703.8,Gaming,13-17,Awareness,1603196,152915,16435,0.0967,0.14,TikTok
38188.55,Services,25-34,Engagement,2547586,197746,16944,0.0801,0.19,Twitter
33072.32,Fashion,55+,Awareness,2683277,65149,4118,0.0219,0.51,Facebook
10145.21,E-commerce,18-24,Engagement,714505,48534,5568,0.0604,0.21,Instagram
13536.06,Services,35-44,Conversion,896311,32147,3122,0.0361,0.42,Instagram
31563.16,Fashion,35-44,Engagement,2124031,14122,620,0.0102,2.23,Facebook
47695.56,Fashion,35-44,Conversion,3622949,162926,6384,0.0416,0.29,Facebook
45863.56,Tech,25-34,Awareness,3064828,168418,14566,0.0593,0.27,Instagram
41832.4,Food,55+,Conversion,3182310,50315,2423,0.0052,0.83,Facebook
38640.23,Tech,35-44,Traffic,2953838,71417,7246,0.0256,0.54,Instagram
44604.69,Food,13-17,Conversion,2864802,150312,19195,0.0528,0.3,TikTok
22544.38,Gaming,13-17,Traffic,1537364,198248,22154,0.1308,0.11,TikTok
32321.73,Tech,25-34,Engagement,2406516,119917,17202,0.0484,0.27,Instagram
30552.41,E-commerce,35-44,Traffic,1855157,41811,3322,0.0224,0.73,Twitter
8525.43,Food,35-44,Traffic,767600,13893,1019,0.0182,0.61,Facebook
12300.46,Services,13-17,Engagement,1050780,146902,11253,0.1403,0.08,TikTok
34829.38,Tech,18-24,Engagement,3670430,242070,26324,0.0719,0.14,Instagram
27237.18,Fashion,18-24,Traffic,2983003,282552,27112,0.1016,0.1,Instagram
11804.91,Services,18-24,Awareness,825595,108605,7872,0.1185,0.11,TikTok
48282.48,Services,45-54,Awareness,3604083,89038,4038,0.0305,0.54,Facebook
45356.04,Tech,25-34,Engagement,3609312,441809,51340,0.1257,0.1,TikTok
39694.64,Tech,13-17,Conversion,3207937,248300,25205,0.0799,0.16,Twitter
34587.63,Food,13-17,Traffic,2455087,64353,3705,0.0215,0.54,Twitter
27279.44,Tech,25-34,Engagement,1006865,54172,4768,0.0587,0.5,Twitter
34930.02,Services,25-34,Awareness,2498209,41188,5062,0.0188,0.85,Instagram
22520.08,Fashion,25-34,Engagement,1816487,160105,18551,0.0948,0.14,Instagram
24299.69,E-commerce,25-34,Conversion,1415059,38532,1756,0.0211,0.63,Twitter
49752.13,Food,35-44,Traffic,4309956,192502,16075,0.054,0.26,Facebook
47505.26,E-commerce,18-24,Awareness,2994152,134364,7582,0.0414,0.35,Instagram
31267.74,E-commerce,18-24,Traffic,2232339,282373,9647,0.1185,0.11,TikTok
21922.62,Gaming,55+,Engagement,949936,50609,3124,0.0478,0.43,Facebook
9382.84,Services,13-17,Awareness,1093628,126201,17310,0.1203,0.07,TikTok
39965.5,Gaming,18-24,Conversion,3572074,296975,43106,0.0779,0.13,Instagram
22651.62,Services,45-54,Traffic,1910398,23801,1190,0.0173,0.95,Facebook
49417.29,Fashion,13-17,Engagement,4162828,160846,22354,0.0322,0.31,TikTok
6386.08,Gaming,55+,Traffic,670439,12188,937,0.0172,0.52,Facebook
21860.64,Food,13-17,Traffic,1839000,188340,22170,0.1059,0.12,TikTok
27812.85,E-commerce,45-54,Conversion,1916542,29011,1525,0.0142,0.96,Facebook
18435.93,Gaming,45-54,Engagement,1321581,36161,2075,0.0222,0.51,Twitter
10957.45,Gaming,18-24,Awareness,831175,100076,11755,0.1105,0.11,Instagram
8739.11,Fashion,18-24,Conversion,810714,110986,8144,0.1411,0.08,TikTok
37363.8,E-commerce,18-24,Awareness,2281977,89132,3936,0.0477,0.42,Instagram
21374.6,Fashion,25-34,Engagement,1823898,130232,11058,0.0718,0.16,Instagram
33669.72,Fashion,18-24,Engagement,2946030,159149,14435,0.0591,0.21,TikTok
49238.25,E-commerce,35-44,Awareness,2345036,114664,14732,0.0472,0.43,Instagram
32089.36,Food,35-44,Conversion,2498766,36374,3873,0.02,0.88,Facebook
25277.58,E-commerce,55+,Traffic,1552252,69979,2843,0.0396,0.36,Facebook
38715.68,Tech,18-24,Awareness,2242851,117141,8468,0.0445,0.33,Instagram
26448.95,Tech,25-34,Traffic,2495501,188697,7651,0.0672,0.14,Twitter
47139.4,Tech,25-34,Traffic,3907470,218125,33497,0.0556,0.22,Instagram
10284.13,Food,25-34,Conversion,605056,44695,5966,0.0726,0.23,Instagram
9194.87,Services,55+,Traffic,829748,53813,306,0.0625,0.17,Twitter
35095.17,Fashion,25-34,Engagement,3115210,196197,18019,0.0761,0.18,Instagram
15051.64,Services,18-24,Awareness,1470030,75521,11923,0.0473,0.2,Instagram
31245.79,Services,55+,Conversion,2490774,95590,5798,0.0368,0.33,Facebook
25251.25,Food,18-24,Traffic,2035536,299304,33983,0.1466,0.08,TikTok
30083.3,Fashion,18-24,Awareness,2123970,255000,23639,0.1186,0.12,TikTok
23239.7,E-commerce,25-34,Engagement,1725007,9374,946,0.0045,2.48,Instagram
10906.31,Fashion,18-24,Engagement,729599,58090,3716,0.076,0.19,TikTok
41988.34,E-commerce,25-34,Conversion,3828609,112937,5357,0.0342,0.37,Twitter
17566.49,Food,35-44,Awareness,1101329,40213,2479,0.0284,0.44,Facebook
5496.03,E-commerce,25-34,Engagement,332994,9231,446,0.0279,0.6,Twitter
18564.47,Services,18-24,Engagement,1344944,112389,5017,0.0755,0.17,Twitter
37136.32,Fashion,35-44,Conversion,3400041,110995,4690,0.0295,0.33,Facebook
41899.78,Services,25-34,Conversion,4038202,238953,12938,0.0576,0.18,Twitter
30074.75,Food,35-44,Conversion,2172290,31971,2007,0.0194,0.94,Facebook
7625.44,Gaming,25-34,Engagement,521315,69080,3990,0.1307,0.11,TikTok
6449.09,E-commerce,18-24,Awareness,414049,59295,7341,0.1382,0.11,TikTok
22558.53,Tech,35-44,Awareness,1633549,65763,6059,0.0443,0.34,Instagram
9592.89,Food,25-34,Conversion,833770,83159,7325,0.1053,0.12,Instagram
42707.32,E-commerce,25-34,Awareness,4038084,123159,16734,0.0291,0.35,Instagram
13306.64,Tech,25-34,Conversion,1264131,104053,10630,0.079,0.13,TikTok
15900.64,Services,25-34,Awareness,1229721,84852,4126,0.0689,0.19,Twitter
1110.27,Gaming,55+,Awareness,60045,1607,82,0.0271,0.69,Twitter
13210.14,Services,13-17,Engagement,1098916,162012,10783,0.1437,0.08,TikTok
7720.24,Gaming,13-17,Engagement,801893,24841,1755,0.0375,0.31,Twitter
27145.42,Gaming,18-24,Engagement,2794252,313871,28933,0.1116,0.09,Instagram
13710.26,Services,35-44,Traffic,1243411,59150,6456,0.0435,0.23,Instagram
42380.35,Services,35-44,Awareness,3200597,71650,5100,0.0264,0.59,Facebook
13400.54,Gaming,13-17,Engagement,1090927,166420,16578,0.1621,0.08,TikTok
46214.78,Fashion,35-44,Engagement,3486934,418336,37555,0.1172,0.11,Instagram
13998.23,Gaming,13-17,Awareness,964039,118502,11017,0.1154,0.12,TikTok
16697.18,Services,35-44,Engagement,1493301,100029,5355,0.0643,0.17,Twitter
40698.61,Gaming,18-24,Awareness,3509721,290748,26607,0.0923,0.14,TikTok
7882.98,Gaming,18-24,Awareness,421532,19487,1369,0.0417,0.4,Twitter
16709.21,Tech,55+,Traffic,1627351,123206,7183,0.0831,0.14,Twitter
12031.16,E-commerce,18-24,Awareness,1064090,110039,9915,0.0974,0.11,TikTok
36565.65,Tech,35-44,Awareness,3583630,251233,12115,0.0701,0.15,Twitter
27293.02,Tech,18-24,Awareness,1582862,99567,5241,0.0556,0.27,Twitter
9711.12,Services,18-24,Traffic,926211,113077,6760,0.1264,0.09,TikTok
18639.17,Food,55+,Awareness,1527459,9955,1044,0.0054,1.87,Twitter
34842.06,Food,13-17,Conversion,2153269,164321,22928,0.0769,0.21,TikTok
28015.46,Fashion,35-44,Traffic,2426694,59593,3364,0.015,0.47,Facebook
16406.94,Gaming,35-44,Engagement,1665418,189586,23847,0.1137,0.09,Instagram
39688.36,Food,25-34,Engagement,2595077,93128,3807,0.0272,0.43,Twitter
25203.66,E-commerce,25-34,Traffic,2540843,162077,15648,0.0648,0.16,Instagram
12075.9,Food,25-34,Awareness,985518,144427,10163,0.1454,0.08,TikTok
3675.5,E-commerce,25-34,Conversion,246997,5666,293,0.0312,0.65,Twitter
9434.5,Food,55+,Conversion,826583,24008,1165,0.0244,0.39,Twitter
38149.71,Gaming,35-44,Traffic,2741464,79395,1564,0.0247,0.48,Facebook
41891.22,E-commerce,18-24,Awareness,2359189,39592,4603,0.0149,1.06,Instagram
4381.21,E-commerce,25-34,Traffic,217136,47100,6117,0.2135,0.09,TikTok
25702.88,Tech,25-34,Engagement,1671652,107575,7908,0.064,0.24,Twitter
31118.9,E-commerce,18-24,Engagement,3452775,113315,6408,0.0397,0.27,Twitter
866.97,Gaming,13-17,Traffic,62867,4453,509,0.0616,0.19,TikTok
4391.85,Services,18-24,Awareness,415033,23345,1356,0.0531,0.19,Twitter
4357.14,Tech,25-34,Conversion,218104,9559,794,0.055,0.46,Twitter
37139.86,Gaming,13-17,Conversion,3080812,242126,24307,0.0793,0.15,TikTok
23483.3,Fashion,45-54,Traffic,1836577,51873,3533,0.0233,0.45,Facebook
34077.09,Fashion,35-44,Conversion,3374118,71228,4303,0.0289,0.48,Twitter
16810.95,Tech,18-24,Awareness,1187471,168790,15224,0.1526,0.1,TikTok
43372.8,E-commerce,55+,Traffic,3389677,23477,2342,0.0098,1.85,Facebook
10357.72,E-commerce,35-44,Conversion,900984,38764,2036,0.0352,0.27,Twitter
39859.71,Tech,45-54,Conversion,3454650,216572,14300,0.0629,0.18,Twitter
14049.27,Fashion,25-34,Traffic,1505410,216204,25228,0.1405,0.06,TikTok
18082.57,E-commerce,25-34,Engagement,1566951,154375,13328,0.112,0.12,TikTok
19451.77,Food,35-44,Conversion,1334976,50731,848,0.0345,0.38,Twitter
18384.87,Gaming,45-54,Traffic,1459037,53384,1145,0.0397,0.34,Twitter
2738.65,Food,35-44,Traffic,158225,14130,1092,0.0888,0.19,Instagram
13721.58,Services,18-24,Traffic,1292224,81937,7769,0.0628,0.17,Instagram
41159.34,Gaming,25-34,Awareness,3611860,368276,22831,0.1073,0.11,TikTok
24687.61,Fashion,45-54,Conversion,2036892,6852,379,0.001,3.6,Facebook
42315.64,Food,25-34,Awareness,4254100,320754,41775,0.0796,0.13,TikTok
37690.24,E-commerce,35-44,Traffic,3114041,207001,28920,0.0681,0.18,Instagram
38108.65,Services,13-17,Awareness,1699017,61853,4595,0.033,0.62,Twitter
9701.63,Fashion,35-44,Awareness,764893,18391,887,0.0269,0.53,Twitter
28052.87,Fashion,45-54,Traffic,2834324,43368,3675,0.0078,0.65,Facebook
43800.72,Fashion,13-17,Engagement,4454517,636040,63710,0.1386,0.07,TikTok
5992.09,Food,25-34,Awareness,326905,1311,67,0.0098,4.57,Twitter
6966.49,Fashion,18-24,Engagement,504453,27697,1990,0.043,0.25,Twitter
20900.75,E-commerce,35-44,Awareness,1570173,62127,5206,0.0314,0.34,Twitter
26507.72,Services,55+,Awareness,1847445,51950,2452,0.0251,0.51,Facebook
31008.69,E-commerce,25-34,Traffic,2591404,143874,18799,0.0656,0.22,TikTok
47697.23,E-commerce,18-24,Awareness,3536975,431752,42000,0.1157,0.11,TikTok
46053.03,Tech,35-44,Engagement,5758461,130088,6986,0.0275,0.35,Facebook
40288.3,E-commerce,13-17,Conversion,3714426,540896,70450,0.1557,0.07,TikTok
36749.29,Tech,18-24,Engagement,3289223,165282,6997,0.0447,0.22,Twitter
27649.22,E-commerce,35-44,Conversion,2381627,91048,9039,0.0342,0.3,Instagram
25189.66,E-commerce,13-17,Engagement,1598222,151575,6519,0.0789,0.17,TikTok
25280.13,Gaming,25-34,Engagement,2608724,161024,13127,0.0654,0.16,TikTok
20243.37,Food,18-24,Awareness,1660118,195772,14616,0.1114,0.1,TikTok
18572.35,Tech,25-34,Conversion,969622,87032,7376,0.0943,0.21,Instagram
46301.85,Tech,25-34,Conversion,3540488,274895,22367,0.0792,0.17,Twitter
40059.83,Tech,55+,Conversion,3485800,225586,16386,0.0653,0.18,Twitter
48477.4,Fashion,45-54,Awareness,4547256,161908,13311,0.037,0.3,Twitter
35441.17,Food,18-24,Awareness,3091998,249782,28189,0.0927,0.14,Instagram
38116.99,Gaming,35-44,Traffic,3396408,121253,11531,0.0363,0.31,Twitter
27295.85,Fashion,13-17,Awareness,3137895,105225,8587,0.0302,0.26,Twitter
15367.32,Fashion,18-24,Conversion,1385904,90875,8991,0.0688,0.17,Instagram
32210.02,Fashion,18-24,Engagement,3009181,443091,39239,0.1479,0.07,TikTok
32523.64,Food,45-54,Awareness,2671392,46425,2066,0.023,0.7,Facebook
37748.91,Tech,13-17,Awareness,3393803,234812,10552,0.0635,0.16,Twitter
46243.24,Food,35-44,Engagement,4290484,89985,4422,0.0203,0.51,Facebook
30889.27,E-commerce,35-44,Traffic,2660022,55207,3718,0.0151,0.56,Facebook
14904.53,E-commerce,18-24,Conversion,1627418,283940,32829,0.1714,0.05,TikTok
10745.77,Fashion,55+,Conversion,1051493,48154,2785,0.0341,0.22,Twitter
34606.34,Gaming,45-54,Traffic,2726219,71989,1254,0.0253,0.48,Twitter
26427.76,Fashion,13-17,Conversion,1391094,174903,11052,0.1258,0.15,TikTok
11273.38,Services,25-34,Engagement,1089413,60841,7701,0.0644,0.19,Instagram
6126.3,Gaming,55+,Awareness,552877,14251,433,0.0152,0.43,Facebook
15759.73,Fashion,35-44,Awareness,772853,13135,560,0.0149,1.2,Facebook
33293.71,Tech,35-44,Awareness,3293300,213424,20685,0.063,0.16,Instagram
4070.64,Fashion,18-24,Engagement,364423,11822,1281,0.0362,0.34,Twitter
4666.57,E-commerce,55+,Awareness,346593,4402,170,0.0141,1.06,Facebook
46267.94,Services,25-34,Conversion,2488614,54018,9261,0.0156,0.86,Instagram
3420.05,Fashion,25-34,Awareness,163269,17415,1309,0.1096,0.2,Instagram
30324.89,E-commerce,18-24,Conversion,2927113,264545,13818,0.0972,0.11,TikTok
27413.15,Fashion,18-24,Traffic,2746294,320240,40138,0.1212,0.09,TikTok
49682.21,Food,13-17,Conversion,3745625,65455,3327,0.0107,0.76,Twitter
6624.51,Gaming,25-34,Engagement,410807,50635,6348,0.1216,0.13,Instagram
30451.63,Tech,55+,Traffic,1943432,113775,7850,0.0572,0.27,Twitter
45696.84,Services,55+,Awareness,4141965,178514,7563,0.0432,0.26,Facebook
13785.87,Services,25-34,Conversion,892435,83564,1721,0.091,0.16,TikTok
39880.67,Services,13-17,Engagement,3466904,156702,9221,0.037,0.25,TikTok
45629.4,Services,45-54,Awareness,2409900,22479,1540,0.0133,2.03,Facebook
26338.98,Tech,25-34,Awareness,1357305,64541,5393,0.0362,0.41,TikTok
22443.03,Tech,35-44,Conversion,1236413,85412,4735,0.071,0.26,Twitter
20393.57,Gaming,25-34,Conversion,1976811,249824,26239,0.1257,0.08,TikTok
24258.52,Gaming,18-24,Conversion,2744595,291846,30867,0.1012,0.08,Instagram
49849.61,Services,18-24,Engagement,3263077,274392,29077,0.0823,0.18,Instagram
8052.11,Services,35-44,Conversion,523477,21802,1596,0.0409,0.37,Facebook
33186.8,Tech,25-34,Engagement,2648600,159625,6188,0.0648,0.21,Twitter
7328.06,Fashion,13-17,Awareness,392266,43035,2962,0.1123,0.17,TikTok
46804.64,Gaming,35-44,Awareness,4202582,63398,1780,0.0162,0.74,Twitter
1518.55,E-commerce,45-54,Awareness,119411,2202,213,0.0191,0.69,Facebook
43738.48,Food,35-44,Traffic,2961745,181157,13592,0.0623,0.24,Instagram
6751.67,Tech,35-44,Engagement,484516,15325,1960,0.035,0.44,Instagram
17601.12,E-commerce,45-54,Awareness,1467688,21200,1885,0.016,0.83,Facebook
36468.6,Tech,25-34,Awareness,3133278,330172,1650,0.1039,0.11,TikTok
35731.16,Fashion,18-24,Awareness,3421799,169401,17351,0.0601,0.21,Instagram
49778.87,Food,18-24,Awareness,4127360,216026,8505,0.0545,0.23,Twitter
28422.55,Food,25-34,Engagement,2364068,261297,13339,0.1102,0.11,Instagram
49449.1,Tech,13-17,Traffic,4378589,252479,17146,0.059,0.2,Twitter
22861.63,Tech,55+,Engagement,1559818,95150,4672,0.0666,0.24,Twitter
13095.94,Services,25-34,Awareness,1014272,60757,7683,0.0571,0.22,Instagram
36247.63,Food,45-54,Traffic,2526240,64919,2688,0.0213,0.56,Facebook
25195.42,E-commerce,55+,Traffic,2246284,94372,5552,0.0316,0.27,Twitter
31721.32,Gaming,25-34,Conversion,2816574,381832,29991,0.1328,0.08,TikTok
45311.67,E-commerce,18-24,Awareness,4329879,101759,7839,0.0288,0.45,Instagram
33391.78,Services,25-34,Engagement,3105669,251057,7122,0.0798,0.13,Twitter
40269.95,E-commerce,18-24,Awareness,3934948,441361,32808,0.114,0.09,TikTok
49187.4,Tech,18-24,Awareness,4490115,305721,21744,0.0675,0.16,Twitter
16534.14,Tech,25-34,Traffic,1349226,88248,5265,0.0633,0.19,Instagram
49381.82,Gaming,13-17,Conversion,3934573,498824,62140,0.1287,0.1,TikTok
10852.26,E-commerce,18-24,Conversion,1077571,20330,347,0.021,0.53,Twitter
44518.29,Services,35-44,Awareness,2938279,57046,2579,0.0214,0.78,Facebook
36239.93,Gaming,13-17,Engagement,2682208,66742,4674,0.0312,0.54,Twitter
28109.87,Services,25-34,Awareness,3193056,371054,40356,0.1202,0.08,TikTok
37086.11,Services,45-54,Traffic,2632462,39761,3385,0.021,0.93,Facebook
29899.07,Food,25-34,Awareness,2713321,239426,23459,0.1019,0.12,TikTok
5817.72,Services,18-24,Awareness,508546,10528,905,0.0334,0.55,Instagram
19613.24,E-commerce,13-17,Awareness,1562119,190441,19396,0.1221,0.1,TikTok
21423.16,Gaming,13-17,Traffic,2071490,255532,33506,0.1186,0.08,TikTok
42078.18,Food,25-34,Conversion,3944322,311436,33076,0.078,0.14,Instagram
23677.85,Tech,45-54,Conversion,2089301,27368,2006,0.0143,0.87,Facebook
40914.11,Services,55+,Conversion,2459124,43239,2260,0.0118,0.95,Facebook
21933.34,Tech,25-34,Traffic,1157844,35900,2502,0.0391,0.61,Instagram
39790.47,Food,25-34,Awareness,3459851,34185,2330,0.0096,1.16,Twitter
1003.35,Gaming,18-24,Awareness,90610,8501,915,0.0939,0.12,Instagram
32186.68,Services,35-44,Traffic,3078037,105391,1737,0.0354,0.31,Facebook
38146.55,E-commerce,25-34,Engagement,3290459,210144,22926,0.067,0.18,Instagram
12028.96,E-commerce,18-24,Awareness,704021,21716,980,0.0332,0.55,Twitter
21025.61,Gaming,25-34,Awareness,1018809,141817,709,0.1326,0.15,TikTok
25505.88,Tech,25-34,Traffic,1924995,69317,6847,0.0348,0.37,Instagram
4632.79,Fashion,18-24,Traffic,562192,47072,4175,0.0884,0.1,Instagram
48715.44,Tech,25-34,Traffic,4122775,305064,13403,0.0724,0.16,Twitter
14977.97,Gaming,35-44,Engagement,1199869,94117,12471,0.0804,0.16,Instagram
31206.61,Tech,55+,Conversion,1743507,55672,4590,0.0226,0.56,Facebook
3235.42,Food,13-17,Awareness,294374,25323,1815,0.0837,0.13,TikTok
19536.37,Services,18-24,Traffic,1605309,28896,2480,0.01,0.68,Instagram
35792.2,Food,18-24,Awareness,2755889,489254,76012,0.1741,0.07,TikTok
30034.3,Gaming,13-17,Engagement,2303958,68079,5218,0.0281,0.44,Twitter
45467.9,Fashion,55+,Traffic,4490564,86754,4315,0.0204,0.52,Twitter
34601.8,Tech,45-54,Engagement,2981947,27553,1639,0.0106,1.26,Facebook
18947.53,Food,45-54,Awareness,1721135,45073,2136,0.0316,0.42,Twitter
7402.5,Food,45-54,Awareness,704891,14839,1267,0.0204,0.5,Facebook
31546.55,Gaming,35-44,Engagement,2268510,45397,2838,0.0233,0.69,Facebook
10352.64,Fashion,18-24,Engagement,1051897,46272,3185,0.0399,0.22,Twitter
32728.12,Fashion,35-44,Traffic,1944659,43218,3628,0.0303,0.76,Twitter
48913.03,Food,18-24,Traffic,4746019,85238,7533,0.0219,0.57,Twitter
15260.65,Tech,18-24,Traffic,1145149,64670,10796,0.0629,0.24,Instagram
48421.93,Tech,25-34,Awareness,3098292,38402,4146,0.0189,1.26,Instagram
32654.17,Gaming,18-24,Conversion,2477130,253215,29969,0.0999,0.13,Instagram
12721.06,Services,35-44,Engagement,993319,25428,1723,0.033,0.5,Facebook
17848.3,Gaming,25-34,Engagement,1471764,69312,4754,0.0474,0.26,Twitter
16091.34,Services,18-24,Conversion,1215234,75027,7759,0.0594,0.21,Instagram
6506.83,E-commerce,35-44,Conversion,560803,18164,90,0.0296,0.36,Twitter
1048.2,Food,35-44,Traffic,73426,1744,86,0.023,0.6,Facebook
16795.71,Tech,13-17,Conversion,1428456,208904,25470,0.151,0.08,TikTok
27519.84,Gaming,35-44,Conversion,2619885,72985,2038,0.028,0.38,Facebook
5521.88,E-commerce,25-34,Conversion,429596,11359,448,0.0348,0.49,Twitter
49325.83,Gaming,35-44,Conversion,4400719,203812,13459,0.0415,0.24,Twitter
13489.67,Food,18-24,Traffic,1033237,131639,9570,0.1337,0.1,TikTok
10671.87,Gaming,55+,Traffic,1118088,33089,927,0.0265,0.32,Facebook
31651.26,E-commerce,25-34,Traffic,1862412,61313,4401,0.0386,0.52,Twitter
37936.79,Services,18-24,Engagement,3702429,208483,8775,0.0548,0.18,Twitter
11921.63,E-commerce,55+,Awareness,926641,14490,1035,0.0142,0.82,Facebook
13808.75,E-commerce,45-54,Engagement,1279051,32346,2539,0.03,0.43,Twitter
8479.85,Gaming,45-54,Awareness,712361,30099,1908,0.0395,0.28,Twitter
47606.4,Services,45-54,Awareness,3615063,57388,2515,0.0224,0.83,Facebook
22110.69,Food,18-24,Conversion,1896121,163912,18581,0.0888,0.13,Instagram
16373.5,Fashion,13-17,Engagement,1518642,163728,8621,0.1082,0.1,TikTok
27654.79,Tech,25-34,Conversion,1495328,90984,4444,0.0542,0.3,Twitter
41253.48,E-commerce,55+,Traffic,2995785,86513,7224,0.0349,0.48,Facebook
19185.61,Gaming,55+,Engagement,1735152,44412,2025,0.0278,0.43,Twitter
43634.18,E-commerce,35-44,Conversion,3310913,124300,11735,0.0299,0.35,Instagram
43690.82,Fashion,25-34,Traffic,2805389,263208,30163,0.0904,0.17,Instagram
34574.28,Services,35-44,Engagement,2666314,77579,3562,0.0274,0.45,Facebook
41934.53,Gaming,13-17,Engagement,3519618,369437,42712,0.1051,0.11,TikTok
7694.48,E-commerce,25-34,Awareness,415543,22741,2063,0.0516,0.34,Instagram
17805.52,E-commerce,18-24,Traffic,1100214,57669,7293,0.0509,0.31,Instagram
48813.24,Gaming,18-24,Engagement,4021661,398451,22485,0.0979,0.12,Instagram
35461.51,Fashion,13-17,Engagement,3352608,412946,45349,0.1191,0.09,TikTok
46012.26,Fashion,45-54,Traffic,4601604,138975,7487,0.0252,0.33,Facebook
2858.43,E-commerce,18-24,Conversion,256467,26489,3797,0.1056,0.11,TikTok
15343.24,Tech,55+,Awareness,1114163,27778,1365,0.0306,0.55,Facebook
23852.75,E-commerce,18-24,Engagement,2271911,64570,3682,0.0324,0.37,Twitter
25538.72,Gaming,13-17,Awareness,1484894,251947,28155,0.1659,0.1,TikTok
49484.21,Tech,25-34,Awareness,3674291,285323,22705,0.0759,0.17,Twitter
2700.6,Food,45-54,Conversion,254744,7145,551,0.0351,0.38,Facebook
7937.24,Gaming,13-17,Traffic,574137,12028,689,0.0234,0.66,Twitter
22902.22,Tech,25-34,Traffic,2081103,104506,11334,0.0588,0.22,Instagram
28960.21,Tech,18-24,Traffic,1814747,81512,6803,0.0457,0.36,Instagram
5223.86,Gaming,45-54,Conversion,441170,12813,1030,0.033,0.41,Facebook
28515.45,Services,25-34,Engagement,2384178,117880,8088,0.0526,0.24,Twitter
44489.47,Gaming,45-54,Engagement,3479906,47084,3899,0.0157,0.94,Facebook
39825.73,Fashion,13-17,Conversion,3152941,480442,57129,0.1495,0.08,TikTok
38284.29,Gaming,35-44,Engagement,2434090,81032,5072,0.0289,0.47,Facebook
27226.1,Gaming,55+,Conversion,2237633,60655,5176,0.0405,0.45,Facebook
7539.5,Services,25-34,Awareness,518838,28072,1217,0.0577,0.27,Instagram
40092.15,Food,45-54,Traffic,3091219,1305,92,0.0023,30.7,Twitter
3233.11,Gaming,25-34,Conversion,228903,27203,2645,0.1119,0.12,Instagram
42421.39,E-commerce,35-44,Engagement,4078589,73617,6997,0.0174,0.58,Facebook
13950.85,Gaming,25-34,Awareness,1060807,153079,8277,0.1407,0.09,TikTok
10410.78,Gaming,35-44,Conversion,816480,63929,5235,0.0721,0.16,Instagram
43937.95,Fashion,18-24,Engagement,2697441,433956,55952,0.1592,0.1,TikTok
20777.89,Gaming,18-24,Conversion,1228161,148000,12347,0.1183,0.14,TikTok
3226.01,Fashion,35-44,Awareness,206405,18624,1544,0.0823,0.17,Instagram
6591.36,Food,18-24,Traffic,505730,48805,8364,0.0924,0.14,Instagram
46554.46,E-commerce,45-54,Conversion,2964693,121331,6006,0.0422,0.38,Facebook
6640.98,Food,35-44,Awareness,517990,17853,685,0.0362,0.37,Twitter
22623.81,Food,13-17,Conversion,1396986,183735,18591,0.1294,0.12,TikTok
8611.63,Gaming,55+,Conversion,770432,19274,993,0.0254,0.45,Twitter
32998.74,E-commerce,18-24,Engagement,2815021,85797,9445,0.04,0.38,Instagram
3771.52,Tech,13-17,Awareness,353503,38084,3706,0.1141,0.1,TikTok
41404.77,E-commerce,25-34,Conversion,4060819,142847,11830,0.0454,0.29,Instagram
9566.95,Gaming,25-34,Traffic,330925,9134,583,0.0206,1.05,Twitter
